prenom,nom,famille,societe,isin,mouvement,declaration_avant,date_avant,declaration_apres,date_apres,nb_parts_avant,nb_parts_apres,valeur_avant,valeur_apres,delta_parts,delta_valeur
DAMIEN,ABAD,interets,L'OREAL,,position_initiale,,,40c65083-094f-4170-9e21-b9c95f4390d6,2024-11-29,,5,,1643,,
DAMIEN,ABAD,interets,SANOFI,,position_initiale,,,40c65083-094f-4170-9e21-b9c95f4390d6,2024-11-29,,10,,921,,
Brigitte,Abaux,interets,neant,,position_initiale,,,61853e75-80cc-457b-865c-80456d4a0985,2021-08-21,,0,,0,,
Gérard,ABBAS,interets,Crédit Agricole SA,,position_initiale,,,a2893249-f253-4cb4-bb9d-f7fcec066d31,2021-08-23,,270,,3190,,
Gérard,ABBAS,interets,EDF,,position_initiale,,,a2893249-f253-4cb4-bb9d-f7fcec066d31,2021-08-23,,144,,1658,,
STEPHANE,ABRANOWITCH,interets,SITEM,,position_initiale,,,7a06d4e4-ee72-48ea-95da-275846da3e89,2021-09-03,,100,,11200,,
Ombline,ACCARION,interets,Akajoule,,position_initiale,,,ca9fc0a4-be03-43db-acf2-7f011b8fe34d,2021-07-28,,50,,8250,,
andré,ACCARY,interets,ARKEMA,,position_initiale,,,01771bd8-9f1a-4e3b-9897-617cd0dea0c9,2021-07-28,,2,,3,,
andré,ACCARY,interets,Crédit Agricole SA,,position_initiale,,,01771bd8-9f1a-4e3b-9897-617cd0dea0c9,2021-07-28,,70,,42,,
andré,ACCARY,interets,EDF,,position_initiale,,,01771bd8-9f1a-4e3b-9897-617cd0dea0c9,2021-07-28,,90,,45,,
andré,ACCARY,interets,herasens,,position_initiale,,,01771bd8-9f1a-4e3b-9897-617cd0dea0c9,2021-07-28,,200,,2000,,
andré,ACCARY,interets,Pharmacosmetic,,position_initiale,,,01771bd8-9f1a-4e3b-9897-617cd0dea0c9,2021-07-28,,50,,500,,
andré,ACCARY,interets,TOTAL,,position_initiale,,,01771bd8-9f1a-4e3b-9897-617cd0dea0c9,2021-07-28,,92,,58,,
didier,achalme,interets,ENGIE,,position_initiale,,,90a3cde6-02a2-4a52-a754-7d8a45f8632d,2022-04-21,,196,,2817,,
didier,achalme,interets,NOKIA,,position_initiale,,,90a3cde6-02a2-4a52-a754-7d8a45f8632d,2022-04-21,,275,,1408,,
lionel,Adam,interets,abeo,,position_initiale,,,9ffc8118-d589-4174-a665-daa8c8c6e078,2021-10-12,,565,,7571,,
lionel,Adam,interets,AFYREN,,position_initiale,,,9ffc8118-d589-4174-a665-daa8c8c6e078,2021-10-12,,295,,2259,,
lionel,Adam,interets,Agripower,,position_initiale,,,9ffc8118-d589-4174-a665-daa8c8c6e078,2021-10-12,,1380,,10902,,
lionel,Adam,interets,DBV Technologies,,position_initiale,,,9ffc8118-d589-4174-a665-daa8c8c6e078,2021-10-12,,280,,2425,,
lionel,Adam,interets,FERMENTALG,,position_initiale,,,9ffc8118-d589-4174-a665-daa8c8c6e078,2021-10-12,,1400,,4067,,
lionel,Adam,interets,GENFIT,,position_initiale,,,9ffc8118-d589-4174-a665-daa8c8c6e078,2021-10-12,,3322,,10670,,
lionel,Adam,interets,JCDECAUX,,position_initiale,,,9ffc8118-d589-4174-a665-daa8c8c6e078,2021-10-12,,140,,3080,,
lionel,Adam,interets,MEDINCELL,,position_initiale,,,9ffc8118-d589-4174-a665-daa8c8c6e078,2021-10-12,,35,,291,,
lionel,Adam,interets,ONXEO,,position_initiale,,,9ffc8118-d589-4174-a665-daa8c8c6e078,2021-10-12,,8300,,4108,,
lionel,Adam,interets,Solutions 30,,position_initiale,,,9ffc8118-d589-4174-a665-daa8c8c6e078,2021-10-12,,360,,2768,,
Marie-Dominique,AESCHLIMANN,interets,AIRBUS,,position_initiale,,,a38a1750-1112-4b9c-9d72-6fd625e30720,2023-12-04,,15,,1985,,
Marie-Dominique,AESCHLIMANN,interets,AMUNDI,,position_initiale,,,a38a1750-1112-4b9c-9d72-6fd625e30720,2023-12-04,,6,,418,,
Marie-Dominique,AESCHLIMANN,interets,ENGIE,,position_initiale,,,a38a1750-1112-4b9c-9d72-6fd625e30720,2023-12-04,,44,,639,,
Marie-Dominique,AESCHLIMANN,interets,REXEL,,position_initiale,,,a38a1750-1112-4b9c-9d72-6fd625e30720,2023-12-04,,20,,426,,
Valérie,ALAIN,interets,AXA,,position_initiale,,,19b2805b-9454-48b2-96ff-b6eb9c524893,2021-08-04,,2808,,64668,,
Valérie,ALAIN,interets,CREDIT AGRICOLE,,position_initiale,,,19b2805b-9454-48b2-96ff-b6eb9c524893,2021-08-04,,159,,1247,,
Valérie,ALAIN,interets,ENGIE,,position_initiale,,,19b2805b-9454-48b2-96ff-b6eb9c524893,2021-08-04,,24927,,281751,,
Valérie,ALAIN,interets,ORPEA,,position_initiale,,,19b2805b-9454-48b2-96ff-b6eb9c524893,2021-08-04,,100,,10630,,
Valérie,ALAIN,interets,SUEZ,,position_initiale,,,19b2805b-9454-48b2-96ff-b6eb9c524893,2021-08-04,,1397,,27499,,
Valérie,ALAIN,interets,AIR LIQUIDE,,apparition,19b2805b-9454-48b2-96ff-b6eb9c524893,2021-08-04,4794faad-da62-40f8-a76d-8e05539adeb8,2022-02-02,,88,,12360,88,12360
Valérie,ALAIN,interets,AIR LIQUIDE PRIME,,apparition,19b2805b-9454-48b2-96ff-b6eb9c524893,2021-08-04,4794faad-da62-40f8-a76d-8e05539adeb8,2022-02-02,,998,,140179,998,140179
Valérie,ALAIN,interets,AXA,,hausse,19b2805b-9454-48b2-96ff-b6eb9c524893,2021-08-04,4794faad-da62-40f8-a76d-8e05539adeb8,2022-02-02,2808,3308,64668,76422,500,11754
Valérie,ALAIN,interets,BNP PARIBAS ACT.A,,apparition,19b2805b-9454-48b2-96ff-b6eb9c524893,2021-08-04,4794faad-da62-40f8-a76d-8e05539adeb8,2022-02-02,,250,,14090,250,14090
Valérie,ALAIN,interets,CREDIT AGRICOLE,,hausse,19b2805b-9454-48b2-96ff-b6eb9c524893,2021-08-04,4794faad-da62-40f8-a76d-8e05539adeb8,2022-02-02,159,409,1247,3384,250,2137
Valérie,ALAIN,interets,DANONE,,apparition,19b2805b-9454-48b2-96ff-b6eb9c524893,2021-08-04,4794faad-da62-40f8-a76d-8e05539adeb8,2022-02-02,,450,,25753,450,25753
Valérie,ALAIN,interets,EDF,,apparition,19b2805b-9454-48b2-96ff-b6eb9c524893,2021-08-04,4794faad-da62-40f8-a76d-8e05539adeb8,2022-02-02,,314,,3929,314,3929
Valérie,ALAIN,interets,ENGIE,,hausse,19b2805b-9454-48b2-96ff-b6eb9c524893,2021-08-04,4794faad-da62-40f8-a76d-8e05539adeb8,2022-02-02,24927,25777,281751,291634,850,9883
Valérie,ALAIN,interets,ESSILOR LUXOTTICA,,apparition,19b2805b-9454-48b2-96ff-b6eb9c524893,2021-08-04,4794faad-da62-40f8-a76d-8e05539adeb8,2022-02-02,,75,,12069,75,12069
Valérie,ALAIN,interets,L'OREAL,,apparition,19b2805b-9454-48b2-96ff-b6eb9c524893,2021-08-04,4794faad-da62-40f8-a76d-8e05539adeb8,2022-02-02,,10,,3624,10,3624
Valérie,ALAIN,interets,LAGARDERE,,apparition,19b2805b-9454-48b2-96ff-b6eb9c524893,2021-08-04,4794faad-da62-40f8-a76d-8e05539adeb8,2022-02-02,,150,,3417,150,3417
Valérie,ALAIN,interets,ORPEA,,hausse,19b2805b-9454-48b2-96ff-b6eb9c524893,2021-08-04,4794faad-da62-40f8-a76d-8e05539adeb8,2022-02-02,100,350,10630,33860,250,23230
Valérie,ALAIN,interets,PEUGEOT,,apparition,19b2805b-9454-48b2-96ff-b6eb9c524893,2021-08-04,4794faad-da62-40f8-a76d-8e05539adeb8,2022-02-02,,50,,6010,50,6010
Valérie,ALAIN,interets,SAINT GOBAIN,,apparition,19b2805b-9454-48b2-96ff-b6eb9c524893,2021-08-04,4794faad-da62-40f8-a76d-8e05539adeb8,2022-02-02,,300,,18042,300,18042
Valérie,ALAIN,interets,SANOFI,,apparition,19b2805b-9454-48b2-96ff-b6eb9c524893,2021-08-04,4794faad-da62-40f8-a76d-8e05539adeb8,2022-02-02,,350,,29235,350,29235
Valérie,ALAIN,interets,SOCIETE GENERALE,,apparition,19b2805b-9454-48b2-96ff-b6eb9c524893,2021-08-04,4794faad-da62-40f8-a76d-8e05539adeb8,2022-02-02,,275,,7687,275,7687
Valérie,ALAIN,interets,SUEZ,,hausse,19b2805b-9454-48b2-96ff-b6eb9c524893,2021-08-04,4794faad-da62-40f8-a76d-8e05539adeb8,2022-02-02,1397,1722,27499,33916,325,6417
Valérie,ALAIN,interets,TOTALENERGIES SE,,apparition,19b2805b-9454-48b2-96ff-b6eb9c524893,2021-08-04,4794faad-da62-40f8-a76d-8e05539adeb8,2022-02-02,,700,,30292,700,30292
Valérie,ALAIN,interets,UNIVERSAL MUSIC GROUP,,apparition,19b2805b-9454-48b2-96ff-b6eb9c524893,2021-08-04,4794faad-da62-40f8-a76d-8e05539adeb8,2022-02-02,,500,,12200,500,12200
Valérie,ALAIN,interets,VIVENDI,,apparition,19b2805b-9454-48b2-96ff-b6eb9c524893,2021-08-04,4794faad-da62-40f8-a76d-8e05539adeb8,2022-02-02,,500,,5500,500,5500
Sherly,ALCIN,interets,Néant,,position_initiale,,,5aca390d-5eb7-4b05-842d-cbaf5c4a5259,2022-06-29,,0,,0,,
Jérôme,Alemany,interets,Air France - KLM,,apparition,35ac5aa0-03b8-4d3b-a12f-d0451dedcd05,2021-09-07,61fbc791-7637-44fe-8650-ee892ba457dc,2022-08-17,,11,,44,11,44
Jérôme,Alemany,interets,Airbus,,apparition,35ac5aa0-03b8-4d3b-a12f-d0451dedcd05,2021-09-07,61fbc791-7637-44fe-8650-ee892ba457dc,2022-08-17,,15,,1626,15,1626
Jérôme,Alemany,interets,Engie,,apparition,35ac5aa0-03b8-4d3b-a12f-d0451dedcd05,2021-09-07,61fbc791-7637-44fe-8650-ee892ba457dc,2022-08-17,,54,,623,54,623
Jérôme,Alemany,interets,Nokia,,apparition,35ac5aa0-03b8-4d3b-a12f-d0451dedcd05,2021-09-07,61fbc791-7637-44fe-8650-ee892ba457dc,2022-08-17,,14,,63,14,63
Jérôme,Alemany,interets,Orange,,apparition,35ac5aa0-03b8-4d3b-a12f-d0451dedcd05,2021-09-07,61fbc791-7637-44fe-8650-ee892ba457dc,2022-08-17,,28,,269,28,269
Jérôme,Alemany,interets,Renault,,apparition,35ac5aa0-03b8-4d3b-a12f-d0451dedcd05,2021-09-07,61fbc791-7637-44fe-8650-ee892ba457dc,2022-08-17,,91,,3101,91,3101
Jérôme,Alemany,interets,Vivendi,,apparition,35ac5aa0-03b8-4d3b-a12f-d0451dedcd05,2021-09-07,61fbc791-7637-44fe-8650-ee892ba457dc,2022-08-17,,20,,566,20,566
Henri,Alfandari,interets,Holding Saint Gatien,,position_initiale,,,e4d5cecb-e29c-43cf-a607-ea304f17bf9a,2024-07-19,,1,,2509,,
Henri,Alfandari,interets,JPMJA,,position_initiale,,,e4d5cecb-e29c-43cf-a607-ea304f17bf9a,2024-07-19,,5498,,3462420,,
Henri,Alfandari,interets,SC Trésorière,,position_initiale,,,e4d5cecb-e29c-43cf-a607-ea304f17bf9a,2024-07-19,,31893,,7997023,,
Henri,Alfandari,interets,Holding Saint Gatien,,baisse,e4d5cecb-e29c-43cf-a607-ea304f17bf9a,2024-07-19,6f894a12-7a5b-4bf6-b0ae-78dcde8f7d3d,2024-10-01,1,1,2509,2190,0,-319
Henri,Alfandari,interets,SC Trésorière,,hausse,e4d5cecb-e29c-43cf-a607-ea304f17bf9a,2024-07-19,6f894a12-7a5b-4bf6-b0ae-78dcde8f7d3d,2024-10-01,31893,54611,7997023,7997023,22718,0
Alexandre,ALLEGRET-PILOT,interets,21 YIELD,,position_initiale,,,1440b4f5-1ae9-4ae4-a892-a93b5cd78437,2024-09-05,,0,,21000,,
Alexandre,ALLEGRET-PILOT,interets,4A ENGINEERING,,position_initiale,,,1440b4f5-1ae9-4ae4-a892-a93b5cd78437,2024-09-05,,4000,,163200,,
Alexandre,ALLEGRET-PILOT,interets,Air France,,position_initiale,,,1440b4f5-1ae9-4ae4-a892-a93b5cd78437,2024-09-05,,0,,30,,
Alexandre,ALLEGRET-PILOT,interets,ATARI,,position_initiale,,,1440b4f5-1ae9-4ae4-a892-a93b5cd78437,2024-09-05,,0,,11,,
Alexandre,ALLEGRET-PILOT,interets,COACHING 4.0,,position_initiale,,,1440b4f5-1ae9-4ae4-a892-a93b5cd78437,2024-09-05,,0,,25730,,
Alexandre,ALLEGRET-PILOT,interets,MYBIOTECH,,position_initiale,,,1440b4f5-1ae9-4ae4-a892-a93b5cd78437,2024-09-05,,60,,262,,
Alexandre,ALLEGRET-PILOT,interets,TELEPERFORMANCE,,position_initiale,,,1440b4f5-1ae9-4ae4-a892-a93b5cd78437,2024-09-05,,0,,70,,
Alexandre,ALLEGRET-PILOT,interets,THE MASHERBRUM COMPANY,,position_initiale,,,1440b4f5-1ae9-4ae4-a892-a93b5cd78437,2024-09-05,,179688,,0,,
Alexandre,ALLEGRET-PILOT,interets,WEID,,position_initiale,,,1440b4f5-1ae9-4ae4-a892-a93b5cd78437,2024-09-05,,5,,27600,,
Maxime,AMBLARD,interets,AIR LIQUIDE,,position_initiale,,,68e2d512-6224-4a22-b318-767e9136a783,2024-07-11,,9,,1458,,
Maxime,AMBLARD,interets,Alphabet Inc,,position_initiale,,,68e2d512-6224-4a22-b318-767e9136a783,2024-07-11,,4,,704,,
Maxime,AMBLARD,interets,ALSTOM,,position_initiale,,,68e2d512-6224-4a22-b318-767e9136a783,2024-07-11,,72,,1234,,
Maxime,AMBLARD,interets,Amazon,,position_initiale,,,68e2d512-6224-4a22-b318-767e9136a783,2024-07-11,,8,,1472,,
Maxime,AMBLARD,interets,Applied Materials,,position_initiale,,,68e2d512-6224-4a22-b318-767e9136a783,2024-07-11,,7,,1645,,
Maxime,AMBLARD,interets,AXA,,position_initiale,,,68e2d512-6224-4a22-b318-767e9136a783,2024-07-11,,8,,256,,
Maxime,AMBLARD,interets,BIC,,position_initiale,,,68e2d512-6224-4a22-b318-767e9136a783,2024-07-11,,4,,222,,
Maxime,AMBLARD,interets,Constellation energy corporation,,position_initiale,,,68e2d512-6224-4a22-b318-767e9136a783,2024-07-11,,2,,405,,
Maxime,AMBLARD,interets,CVR Energy,,position_initiale,,,68e2d512-6224-4a22-b318-767e9136a783,2024-07-11,,2,,44,,
Maxime,AMBLARD,interets,DANONE,,position_initiale,,,68e2d512-6224-4a22-b318-767e9136a783,2024-07-11,,4,,233,,
Maxime,AMBLARD,interets,DASSAULT AVIATION,,position_initiale,,,68e2d512-6224-4a22-b318-767e9136a783,2024-07-11,,2,,342,,
Maxime,AMBLARD,interets,ExxonMobil,,position_initiale,,,68e2d512-6224-4a22-b318-767e9136a783,2024-07-11,,2,,206,,
Maxime,AMBLARD,interets,FirstEnergy,,position_initiale,,,68e2d512-6224-4a22-b318-767e9136a783,2024-07-11,,3,,107,,
Maxime,AMBLARD,interets,Geo Group,,position_initiale,,,68e2d512-6224-4a22-b318-767e9136a783,2024-07-11,,11,,153,,
Maxime,AMBLARD,interets,KALRAY,,position_initiale,,,68e2d512-6224-4a22-b318-767e9136a783,2024-07-11,,12,,141,,
Maxime,AMBLARD,interets,Kenvue,,position_initiale,,,68e2d512-6224-4a22-b318-767e9136a783,2024-07-11,,8,,130,,
Maxime,AMBLARD,interets,L'OREAL,,position_initiale,,,68e2d512-6224-4a22-b318-767e9136a783,2024-07-11,,1,,403,,
Maxime,AMBLARD,interets,Meta,,position_initiale,,,68e2d512-6224-4a22-b318-767e9136a783,2024-07-11,,2,,985,,
Maxime,AMBLARD,interets,MICHELIN,,position_initiale,,,68e2d512-6224-4a22-b318-767e9136a783,2024-07-11,,8,,276,,
Maxime,AMBLARD,interets,Micron Technology,,position_initiale,,,68e2d512-6224-4a22-b318-767e9136a783,2024-07-11,,1,,125,,
Maxime,AMBLARD,interets,Microsoft,,position_initiale,,,68e2d512-6224-4a22-b318-767e9136a783,2024-07-11,,2,,859,,
Maxime,AMBLARD,interets,NEXAN,,position_initiale,,,68e2d512-6224-4a22-b318-767e9136a783,2024-07-11,,7,,721,,
Maxime,AMBLARD,interets,ORANGE,,position_initiale,,,68e2d512-6224-4a22-b318-767e9136a783,2024-07-11,,19,,189,,
Maxime,AMBLARD,interets,PUBLICIS,,position_initiale,,,68e2d512-6224-4a22-b318-767e9136a783,2024-07-11,,2,,196,,
Maxime,AMBLARD,interets,SAFRAN,,position_initiale,,,68e2d512-6224-4a22-b318-767e9136a783,2024-07-11,,6,,1223,,
Maxime,AMBLARD,interets,SANOFI,,position_initiale,,,68e2d512-6224-4a22-b318-767e9136a783,2024-07-11,,7,,661,,
Maxime,AMBLARD,interets,SCHNEIDER ELECTRIC,,position_initiale,,,68e2d512-6224-4a22-b318-767e9136a783,2024-07-11,,4,,911,,
Maxime,AMBLARD,interets,SCPI PRIMOPIERRE,,position_initiale,,,68e2d512-6224-4a22-b318-767e9136a783,2024-07-11,,241,,50128,,
Maxime,AMBLARD,interets,SCPI PRIMOVIE,,position_initiale,,,68e2d512-6224-4a22-b318-767e9136a783,2024-07-11,,493,,100079,,
Maxime,AMBLARD,interets,SOITEC,,position_initiale,,,68e2d512-6224-4a22-b318-767e9136a783,2024-07-11,,3,,348,,
Maxime,AMBLARD,interets,Spotify,,position_initiale,,,68e2d512-6224-4a22-b318-767e9136a783,2024-07-11,,2,,562,,
Maxime,AMBLARD,interets,STELLANTIS,,position_initiale,,,68e2d512-6224-4a22-b318-767e9136a783,2024-07-11,,42,,771,,
Maxime,AMBLARD,interets,STMICROELECTRONICS,,position_initiale,,,68e2d512-6224-4a22-b318-767e9136a783,2024-07-11,,13,,510,,
Maxime,AMBLARD,interets,Taiwan Semiconductor Manufacturing,,position_initiale,,,68e2d512-6224-4a22-b318-767e9136a783,2024-07-11,,4,,704,,
Maxime,AMBLARD,interets,TF1,,position_initiale,,,68e2d512-6224-4a22-b318-767e9136a783,2024-07-11,,24,,192,,
Maxime,AMBLARD,interets,THALES,,position_initiale,,,68e2d512-6224-4a22-b318-767e9136a783,2024-07-11,,5,,767,,
Maxime,AMBLARD,interets,VEOLIA,,position_initiale,,,68e2d512-6224-4a22-b318-767e9136a783,2024-07-11,,14,,403,,
Maxime,AMBLARD,interets,Waste Management,,position_initiale,,,68e2d512-6224-4a22-b318-767e9136a783,2024-07-11,,1,,194,,
Jean-Daniel,AMSLER,interets,ACCIMMO PIERRE SCPI,,position_initiale,,,15e898a1-9a67-44b7-9e14-dc27c2d08847,2021-08-23,,150,,28000,,
Jean-Daniel,AMSLER,interets,ADP,,position_initiale,,,15e898a1-9a67-44b7-9e14-dc27c2d08847,2021-08-23,,15,,1473,,
Jean-Daniel,AMSLER,interets,AIR LIQUIDE,,position_initiale,,,15e898a1-9a67-44b7-9e14-dc27c2d08847,2021-08-23,,48,,7273,,
Jean-Daniel,AMSLER,interets,AIRBUS,,position_initiale,,,15e898a1-9a67-44b7-9e14-dc27c2d08847,2021-08-23,,35,,3866,,
Jean-Daniel,AMSLER,interets,ALSTOM,,position_initiale,,,15e898a1-9a67-44b7-9e14-dc27c2d08847,2021-08-23,,27,,963,,
Jean-Daniel,AMSLER,interets,BNP PARIBAS,,position_initiale,,,15e898a1-9a67-44b7-9e14-dc27c2d08847,2021-08-23,,46,,2396,,
Jean-Daniel,AMSLER,interets,BUREAU VERITAS,,position_initiale,,,15e898a1-9a67-44b7-9e14-dc27c2d08847,2021-08-23,,49,,1352,,
Jean-Daniel,AMSLER,interets,DASSAULT SYSTEMES,,position_initiale,,,15e898a1-9a67-44b7-9e14-dc27c2d08847,2021-08-23,,320,,15368,,
Jean-Daniel,AMSLER,interets,FDJ,,position_initiale,,,15e898a1-9a67-44b7-9e14-dc27c2d08847,2021-08-23,,112,,4821,,
Jean-Daniel,AMSLER,interets,FIGEAC AERO,,position_initiale,,,15e898a1-9a67-44b7-9e14-dc27c2d08847,2021-08-23,,380,,1911,,
Jean-Daniel,AMSLER,interets,MICHELIN,,position_initiale,,,15e898a1-9a67-44b7-9e14-dc27c2d08847,2021-08-23,,49,,6899,,
Jean-Daniel,AMSLER,interets,ORANGE,,position_initiale,,,15e898a1-9a67-44b7-9e14-dc27c2d08847,2021-08-23,,16,,157,,
Jean-Daniel,AMSLER,interets,REXEL,,position_initiale,,,15e898a1-9a67-44b7-9e14-dc27c2d08847,2021-08-23,,69,,1177,,
Jean-Daniel,AMSLER,interets,SOCIETE CENTRALE PREVOIR,,position_initiale,,,15e898a1-9a67-44b7-9e14-dc27c2d08847,2021-08-23,,7500,,690000,,
Jean-Daniel,AMSLER,interets,TOTAL ENERGIES SE,,position_initiale,,,15e898a1-9a67-44b7-9e14-dc27c2d08847,2021-08-23,,61,,2224,,
Alain,Anceau,interets,Crédit Agricole,,position_initiale,,,1cd96cdb-0307-4329-bff9-1703f8b3dd8a,2021-08-03,,52,,0,,
Jacqueline,CORMIER épse ANDRE,interets,Restaurant île de France,,position_initiale,,,150d6651-5813-4134-9990-8b691b5cf5e1,2022-05-29,,64,,6400,,
Martine,ARLABOSSE,interets,Kréactua,,apparition,1e44b122-636c-435a-839a-df869820b967,2022-09-12,7c317e46-5e84-40ea-b582-a81265df24a3,2022-09-13,,250,,4000,250,4000
Jean-Luc,ARMAND,interets,Société ARDEV; société d'investissement,,position_initiale,,,59132f00-040b-451c-a7f1-a3d1d7b841a6,2022-02-13,,52,,268,,
Christine,ARRIGHI,interets,Coopérative CAP'ECO,,position_initiale,,,6b80fd64-3e72-4c2d-9656-426b5b9f8513,2024-08-06,,10,,1000,,
Christine,ARRIGHI,interets,SCICA Initiatives pour une Economie Solidaire (I.E.S),,position_initiale,,,6b80fd64-3e72-4c2d-9656-426b5b9f8513,2024-08-06,,5,,380,,
yvette sophie,ARZAL,interets,SARL RELAIS DES PITONS,,position_initiale,,,521fb810-76b6-40bb-9616-f62422bd545c,2021-10-01,,5,,500,,
Benjamin,Assié,interets,SARL Tres Omes,,position_initiale,,,44e5fca3-5c32-483f-b605-3822790fb187,2022-01-07,,12,,480,,
André,AT,interets,André AT Négoce,,position_initiale,,,f1d194e6-c577-450c-b3de-b2113d9c2aac,2021-08-26,,100,,8398,,
André,AT,interets,SARL SEGALA NEGOCE,,position_initiale,,,f1d194e6-c577-450c-b3de-b2113d9c2aac,2021-08-26,,510,,38330,,
Marie-Angele,Aubin,interets,SCI,,position_initiale,,,f3b2fae8-a390-4148-829a-e43f51ff899e,2022-07-11,,40,,1000,,
Marie-Angele,Aubin,interets,SCI,,hausse,f3b2fae8-a390-4148-829a-e43f51ff899e,2022-07-11,8968e6d4-763f-4d9d-87d0-f889fd0fff3e,2023-05-24,40,400,1000,15543,360,14543
Marie-Angele,Aubin,interets,SCI,,disparition,8968e6d4-763f-4d9d-87d0-f889fd0fff3e,2023-05-24,45463e21-fc54-4470-9c26-8bfae3b7edf0,2023-05-31,400,,15543,,-400,-15543
philippe,AUDEBERT,interets,BNP Paribas,,position_initiale,,,fc8c5cfe-2065-4709-8c27-041ad10bc6fd,2026-05-11,,1135,,99142,,
philippe,AUDEBERT,interets,Codactivo Italia S.R.L.,,position_initiale,,,fc8c5cfe-2065-4709-8c27-041ad10bc6fd,2026-05-11,,0,,1000,,
Gil,AVEROUS,interets,Crédit Agricole,,position_initiale,,,a371a444-fa9a-4994-8d38-615aad3a5c68,2021-07-14,,1,,15,,
Gil,AVEROUS,interets,SCALIS,,position_initiale,,,a371a444-fa9a-4994-8d38-615aad3a5c68,2021-07-14,,1,,15,,
Nathalie,BABOUHOT,interets,SAS NB IMMOBILIER,,position_initiale,,,d49435d7-cb24-4c67-a542-f98ab6e2b2a1,2021-08-12,,500,,50000,,
Sylvie,Balon,interets,Crédit mutuel,,position_initiale,,,cbf2da49-a548-44be-ab66-d841d0a68b46,2022-07-13,,2753,,2751,,
Sylvie,Balon,interets,FDJ,,position_initiale,,,cbf2da49-a548-44be-ab66-d841d0a68b46,2022-07-13,,128,,4003,,
Christian,BAPTISTE,interets,LE FRANCISQUE,,position_initiale,,,473487f1-0d46-46d0-ba10-7e500fd2ab5e,2024-09-02,,542,,59730,,
Philippe,Baptiste,patrimoine,Détention directe (BPIFRANCE),,position_initiale,,,6c96dc98-91e8-4a0a-98c2-1a9111932600,2025-11-04,,,,44682,,
Philippe,Baptiste,patrimoine,PEA (LCL),,position_initiale,,,6c96dc98-91e8-4a0a-98c2-1a9111932600,2025-11-04,,,,30,,
Monique,BARBUT,interets,AIR LIQUIDE,,position_initiale,,,961e3d1f-f00c-4e45-bb3e-df22f0f1389a,2025-11-13,,41,,6890,,
Monique,BARBUT,interets,BRED,,position_initiale,,,961e3d1f-f00c-4e45-bb3e-df22f0f1389a,2025-11-13,,4127,,43911,,
Monique,BARBUT,interets,DASSAULT SYSTEMES,,position_initiale,,,961e3d1f-f00c-4e45-bb3e-df22f0f1389a,2025-11-13,,104,,2558,,
Monique,BARBUT,interets,IBERDROLA,,position_initiale,,,961e3d1f-f00c-4e45-bb3e-df22f0f1389a,2025-11-13,,336,,5881,,
Monique,BARBUT,interets,LEONARDO,,position_initiale,,,961e3d1f-f00c-4e45-bb3e-df22f0f1389a,2025-11-13,,46,,2378,,
Monique,BARBUT,interets,SAINT GOBAIN,,position_initiale,,,961e3d1f-f00c-4e45-bb3e-df22f0f1389a,2025-11-13,,40,,3551,,
Monique,BARBUT,interets,SIEMENS,,position_initiale,,,961e3d1f-f00c-4e45-bb3e-df22f0f1389a,2025-11-13,,39,,9580,,
Monique,BARBUT,interets,TOTAL ENERGIES,,position_initiale,,,961e3d1f-f00c-4e45-bb3e-df22f0f1389a,2025-11-13,,40,,2134,,
Monique,BARBUT,interets,AIR LIQUIDE,,baisse,961e3d1f-f00c-4e45-bb3e-df22f0f1389a,2025-11-13,71398004-0cf0-490a-ac86-c3b1b46233d3,2026-03-22,41,24,6890,4033,-17,-2857
Monique,BARBUT,interets,AIRBUS,,apparition,961e3d1f-f00c-4e45-bb3e-df22f0f1389a,2025-11-13,71398004-0cf0-490a-ac86-c3b1b46233d3,2026-03-22,,29,,6177,29,6177
Monique,BARBUT,interets,ALLIANZ,,apparition,961e3d1f-f00c-4e45-bb3e-df22f0f1389a,2025-11-13,71398004-0cf0-490a-ac86-c3b1b46233d3,2026-03-22,,8,,2824,8,2824
Monique,BARBUT,interets,AMADEUS IT GROUP,,apparition,961e3d1f-f00c-4e45-bb3e-df22f0f1389a,2025-11-13,71398004-0cf0-490a-ac86-c3b1b46233d3,2026-03-22,,38,,2511,38,2511
Monique,BARBUT,interets,ASML HOLDING,,apparition,961e3d1f-f00c-4e45-bb3e-df22f0f1389a,2025-11-13,71398004-0cf0-490a-ac86-c3b1b46233d3,2026-03-22,,11,,10138,11,10138
Monique,BARBUT,interets,ASSA ABLOYD B,,apparition,961e3d1f-f00c-4e45-bb3e-df22f0f1389a,2025-11-13,71398004-0cf0-490a-ac86-c3b1b46233d3,2026-03-22,,68,,2232,68,2232
Monique,BARBUT,interets,AXA,,apparition,961e3d1f-f00c-4e45-bb3e-df22f0f1389a,2025-11-13,71398004-0cf0-490a-ac86-c3b1b46233d3,2026-03-22,,73,,2774,73,2774
Monique,BARBUT,interets,BANCO SANTANDER,,apparition,961e3d1f-f00c-4e45-bb3e-df22f0f1389a,2025-11-13,71398004-0cf0-490a-ac86-c3b1b46233d3,2026-03-22,,935,,8282,935,8282
Monique,BARBUT,interets,BNP PARIBAS,,apparition,961e3d1f-f00c-4e45-bb3e-df22f0f1389a,2025-11-13,71398004-0cf0-490a-ac86-c3b1b46233d3,2026-03-22,,82,,5401,82,5401
Monique,BARBUT,interets,BRED,,hausse,961e3d1f-f00c-4e45-bb3e-df22f0f1389a,2025-11-13,71398004-0cf0-490a-ac86-c3b1b46233d3,2026-03-22,4127,6775,43911,50130,2648,6219
Monique,BARBUT,interets,DASSAULT SYSTEMES,,baisse,961e3d1f-f00c-4e45-bb3e-df22f0f1389a,2025-11-13,71398004-0cf0-490a-ac86-c3b1b46233d3,2026-03-22,104,54,2558,1328,-50,-1230
Monique,BARBUT,interets,ESSILOR LUXOTTICA,,apparition,961e3d1f-f00c-4e45-bb3e-df22f0f1389a,2025-11-13,71398004-0cf0-490a-ac86-c3b1b46233d3,2026-03-22,,12,,3804,12,3804
Monique,BARBUT,interets,IBERDROLA,,baisse,961e3d1f-f00c-4e45-bb3e-df22f0f1389a,2025-11-13,71398004-0cf0-490a-ac86-c3b1b46233d3,2026-03-22,336,137,5881,2398,-199,-3483
Monique,BARBUT,interets,INDITEX,,apparition,961e3d1f-f00c-4e45-bb3e-df22f0f1389a,2025-11-13,71398004-0cf0-490a-ac86-c3b1b46233d3,2026-03-22,,83,,3986,83,3986
Monique,BARBUT,interets,L'OREAL,,apparition,961e3d1f-f00c-4e45-bb3e-df22f0f1389a,2025-11-13,71398004-0cf0-490a-ac86-c3b1b46233d3,2026-03-22,,7,,2540,7,2540
Monique,BARBUT,interets,LEONARDO,,disparition,961e3d1f-f00c-4e45-bb3e-df22f0f1389a,2025-11-13,71398004-0cf0-490a-ac86-c3b1b46233d3,2026-03-22,46,,2378,,-46,-2378
Monique,BARBUT,interets,LVMH,,apparition,961e3d1f-f00c-4e45-bb3e-df22f0f1389a,2025-11-13,71398004-0cf0-490a-ac86-c3b1b46233d3,2026-03-22,,11,,6805,11,6805
Monique,BARBUT,interets,PERNOD RICARD,,apparition,961e3d1f-f00c-4e45-bb3e-df22f0f1389a,2025-11-13,71398004-0cf0-490a-ac86-c3b1b46233d3,2026-03-22,,10,,850,10,850
Monique,BARBUT,interets,PROSUS,,apparition,961e3d1f-f00c-4e45-bb3e-df22f0f1389a,2025-11-13,71398004-0cf0-490a-ac86-c3b1b46233d3,2026-03-22,,83,,4976,83,4976
Monique,BARBUT,interets,SAINT GOBAIN,,disparition,961e3d1f-f00c-4e45-bb3e-df22f0f1389a,2025-11-13,71398004-0cf0-490a-ac86-c3b1b46233d3,2026-03-22,40,,3551,,-40,-3551
Monique,BARBUT,interets,SANOFI,,apparition,961e3d1f-f00c-4e45-bb3e-df22f0f1389a,2025-11-13,71398004-0cf0-490a-ac86-c3b1b46233d3,2026-03-22,,32,,2800,32,2800
Monique,BARBUT,interets,SAP,,apparition,961e3d1f-f00c-4e45-bb3e-df22f0f1389a,2025-11-13,71398004-0cf0-490a-ac86-c3b1b46233d3,2026-03-22,,21,,4809,21,4809
Monique,BARBUT,interets,SARTORIUS ST BIOTHECH,,apparition,961e3d1f-f00c-4e45-bb3e-df22f0f1389a,2025-11-13,71398004-0cf0-490a-ac86-c3b1b46233d3,2026-03-22,,9,,1838,9,1838
Monique,BARBUT,interets,SCHNEIDER ELECTRIC,,apparition,961e3d1f-f00c-4e45-bb3e-df22f0f1389a,2025-11-13,71398004-0cf0-490a-ac86-c3b1b46233d3,2026-03-22,,22,,5359,22,5359
Monique,BARBUT,interets,SIEMENS,,baisse,961e3d1f-f00c-4e45-bb3e-df22f0f1389a,2025-11-13,71398004-0cf0-490a-ac86-c3b1b46233d3,2026-03-22,39,26,9580,6387,-13,-3193
Monique,BARBUT,interets,SIEMENS HEALTHINEERS,,apparition,961e3d1f-f00c-4e45-bb3e-df22f0f1389a,2025-11-13,71398004-0cf0-490a-ac86-c3b1b46233d3,2026-03-22,,65,,3164,65,3164
Monique,BARBUT,interets,STMICROELECTRONICS,,apparition,961e3d1f-f00c-4e45-bb3e-df22f0f1389a,2025-11-13,71398004-0cf0-490a-ac86-c3b1b46233d3,2026-03-22,,36,,772,36,772
Monique,BARBUT,interets,THALES,,apparition,961e3d1f-f00c-4e45-bb3e-df22f0f1389a,2025-11-13,71398004-0cf0-490a-ac86-c3b1b46233d3,2026-03-22,,18,,4474,18,4474
Monique,BARBUT,interets,TOTAL ENERGIES,,disparition,961e3d1f-f00c-4e45-bb3e-df22f0f1389a,2025-11-13,71398004-0cf0-490a-ac86-c3b1b46233d3,2026-03-22,40,,2134,,-40,-2134
Monique,BARBUT,interets,UNIVERSAL MUSIC,,apparition,961e3d1f-f00c-4e45-bb3e-df22f0f1389a,2025-11-13,71398004-0cf0-490a-ac86-c3b1b46233d3,2026-03-22,,112,,2570,112,2570
Monique,BARBUT,patrimoine,Compte titre (BRED),,position_initiale,,,b9c1be04-63ac-4f31-a7c2-4f9edcfc52b3,2025-11-13,,,,74769,,
Monique,BARBUT,patrimoine,PEA (BRED),,position_initiale,,,b9c1be04-63ac-4f31-a7c2-4f9edcfc52b3,2025-11-13,,,,138157,,
julie,barenton guillas,interets,barenton sas,,position_initiale,,,4af6133c-ff88-4e91-8046-72b4262ba6e5,2021-09-11,,4,,1,,
julie,barenton guillas,interets,barenton sas,,disparition,4af6133c-ff88-4e91-8046-72b4262ba6e5,2021-09-11,269085a4-c73d-455c-b2a1-05962db2c8de,2024-01-27,4,,1,,-4,-1
Bertrand,Barraud,interets,SELARCLILNIQUE VETERINAIRE DES PRESL,,position_initiale,,,8ea17109-3076-458d-92f9-7d0f1defd46f,2022-02-28,,500,,400000,,
Jean-Noel,Barrot,interets,Liegey Muller Pons (eXplain),,position_initiale,,,47181d41-3cc5-4d83-8397-3d21318ad680,2025-12-05,,114,,40356,,
Alexandre,BASQUIN,interets,SAS Société Nouvelle Liberté Edition,,position_initiale,,,4e0eef40-9d0f-4415-b901-0f30ff4b65e2,2024-12-09,,25,,2500,,
Jean-Pierre,BATAILLE,interets,SELARL PHARMACIE BATAILLE,,position_initiale,,,1debfdad-a34e-4a3f-bbb0-99ef52458e44,2021-11-26,,2760,,847895,,
Jean-Pierre,BATAILLE,interets,SELARL PHARMACIE BATAILLE,,hausse,d22cfe90-c8e5-41f7-a790-8833c1606e74,2024-09-05,19476cc6-eaf8-412c-9303-0e2cdd576b11,2025-03-21,2760,5020,847895,1084860,2260,236965
Christophe,BAY,interets,Air Liquide,,position_initiale,,,d4cdeef3-ad48-4358-888a-971536d29253,2024-11-12,,55,,9080,,
Christophe,BAY,interets,AIRBUS SE,,position_initiale,,,d4cdeef3-ad48-4358-888a-971536d29253,2024-11-12,,87,,12204,,
Christophe,BAY,interets,ARKEMA,,position_initiale,,,d4cdeef3-ad48-4358-888a-971536d29253,2024-11-12,,56,,4788,,
Christophe,BAY,interets,ASML HOLDING,,position_initiale,,,d4cdeef3-ad48-4358-888a-971536d29253,2024-11-12,,4,,2472,,
Christophe,BAY,interets,Axa,,position_initiale,,,d4cdeef3-ad48-4358-888a-971536d29253,2024-11-12,,212,,7222,,
Christophe,BAY,interets,BNP Paribas,,position_initiale,,,d4cdeef3-ad48-4358-888a-971536d29253,2024-11-12,,206,,12951,,
Christophe,BAY,interets,CAPEGIMINI,,position_initiale,,,d4cdeef3-ad48-4358-888a-971536d29253,2024-11-12,,28,,4536,,
Christophe,BAY,interets,CREDIT AGRICOLE,,position_initiale,,,d4cdeef3-ad48-4358-888a-971536d29253,2024-11-12,,141,,2010,,
Christophe,BAY,interets,Danone,,position_initiale,,,d4cdeef3-ad48-4358-888a-971536d29253,2024-11-12,,82,,5428,,
Christophe,BAY,interets,DASSAULT SYSTEMES,,position_initiale,,,d4cdeef3-ad48-4358-888a-971536d29253,2024-11-12,,116,,3667,,
Christophe,BAY,interets,EDENRED,,position_initiale,,,d4cdeef3-ad48-4358-888a-971536d29253,2024-11-12,,51,,1519,,
Christophe,BAY,interets,ESSILORLUXOTTICA,,position_initiale,,,d4cdeef3-ad48-4358-888a-971536d29253,2024-11-12,,13,,2906,,
Christophe,BAY,interets,HERMES INTL,,position_initiale,,,d4cdeef3-ad48-4358-888a-971536d29253,2024-11-12,,4,,8284,,
Christophe,BAY,interets,L'OREAL,,position_initiale,,,d4cdeef3-ad48-4358-888a-971536d29253,2024-11-12,,29,,9987,,
Christophe,BAY,interets,LVMH MOET VUITTON,,position_initiale,,,d4cdeef3-ad48-4358-888a-971536d29253,2024-11-12,,31,,18807,,
Christophe,BAY,interets,MICHELIN,,position_initiale,,,d4cdeef3-ad48-4358-888a-971536d29253,2024-11-12,,159,,4957,,
Christophe,BAY,interets,PERNOD RICARD,,position_initiale,,,d4cdeef3-ad48-4358-888a-971536d29253,2024-11-12,,14,,1610,,
Christophe,BAY,interets,PUBLICIS GROUPE,,position_initiale,,,d4cdeef3-ad48-4358-888a-971536d29253,2024-11-12,,32,,3143,,
Christophe,BAY,interets,SAFRAN PROV.ECH.,,position_initiale,,,d4cdeef3-ad48-4358-888a-971536d29253,2024-11-12,,34,,7170,,
Christophe,BAY,interets,SAINT GOBAIN (CIE),,position_initiale,,,d4cdeef3-ad48-4358-888a-971536d29253,2024-11-12,,29,,2411,,
Christophe,BAY,interets,SANOFI,,position_initiale,,,d4cdeef3-ad48-4358-888a-971536d29253,2024-11-12,,120,,11724,,
Christophe,BAY,interets,SCHNEIDER ELECTRIC,,position_initiale,,,d4cdeef3-ad48-4358-888a-971536d29253,2024-11-12,,69,,16166,,
Christophe,BAY,interets,SG DNCA ACT EURO I,,position_initiale,,,d4cdeef3-ad48-4358-888a-971536d29253,2024-11-12,,27,,3234,,
Christophe,BAY,interets,SG VAL.AL.AC.FR.3D,,position_initiale,,,d4cdeef3-ad48-4358-888a-971536d29253,2024-11-12,,17,,31838,,
Christophe,BAY,interets,STELLANTIS,,position_initiale,,,d4cdeef3-ad48-4358-888a-971536d29253,2024-11-12,,445,,5606,,
Christophe,BAY,interets,STMICROELECTRONICS,,position_initiale,,,d4cdeef3-ad48-4358-888a-971536d29253,2024-11-12,,134,,3230,,
Christophe,BAY,interets,TELEPERFORMANCE,,position_initiale,,,d4cdeef3-ad48-4358-888a-971536d29253,2024-11-12,,16,,1589,,
Christophe,BAY,interets,THALES,,position_initiale,,,d4cdeef3-ad48-4358-888a-971536d29253,2024-11-12,,23,,3369,,
Christophe,BAY,interets,TOTAL ENERGIES SE,,position_initiale,,,d4cdeef3-ad48-4358-888a-971536d29253,2024-11-12,,4298,,251316,,
Christophe,BAY,interets,VEOLIA ENVIRON,,position_initiale,,,d4cdeef3-ad48-4358-888a-971536d29253,2024-11-12,,132,,3845,,
Christophe,BAY,interets,VINCI,,position_initiale,,,d4cdeef3-ad48-4358-888a-971536d29253,2024-11-12,,100,,10235,,
Christophe,BAY,interets,TOTAL ENERGIES SE,,baisse,d4cdeef3-ad48-4358-888a-971536d29253,2024-11-12,971f8d17-e83b-4444-a851-47b3a794c63c,2025-10-02,4298,2289,251316,133789,-2009,-117527
Nicolas,Bay,interets,Air Liquide,,apparition,e27c6230-1362-4b47-a030-b4edec0662cc,2024-07-18,97aa915a-a1df-4445-b88c-ce0e564b8b68,2025-06-24,,701,,91725,701,91725
Julien,BAZUS,interets,Française des Jeux,,position_initiale,,,b0f94b26-7670-4282-8c64-dfc0a513662b,2021-11-02,,112,,5016,,
philippe,beauchamps,interets,anatole,,position_initiale,,,f7259b5c-445c-4ce3-a96b-58da98ea5fe9,2021-12-27,,500,,1200000,,
philippe,beauchamps,interets,ap invest,,position_initiale,,,f7259b5c-445c-4ce3-a96b-58da98ea5fe9,2021-12-27,,300,,20000,,
philippe,beauchamps,interets,contre allée,,position_initiale,,,f7259b5c-445c-4ce3-a96b-58da98ea5fe9,2021-12-27,,510,,80000,,
philippe,beauchamps,interets,contre allée 2,,position_initiale,,,f7259b5c-445c-4ce3-a96b-58da98ea5fe9,2021-12-27,,1,,0,,
philippe,beauchamps,interets,fbi,,position_initiale,,,f7259b5c-445c-4ce3-a96b-58da98ea5fe9,2021-12-27,,1161,,115000,,
Nathalie,BEAULNES-SERENI,interets,MEDIAGEST CONSEILS,,position_initiale,,,79cc9cc5-d419-4de8-942a-532f0706d727,2021-08-11,,1146,,23596,,
Nathalie,BEAULNES-SERENI,interets,NEXNATURA,,position_initiale,,,79cc9cc5-d419-4de8-942a-532f0706d727,2021-08-11,,30,,2142,,
Pierre,Bédier,interets,Danone,,position_initiale,,,713748a5-740c-408a-9244-683abfd47d53,2021-09-01,,206,,12586,,
Pierre,Bédier,interets,Nestlé,,position_initiale,,,713748a5-740c-408a-9244-683abfd47d53,2021-09-01,,500,,49509,,
Pierre,Bédier,interets,Pernod-Ricard,,position_initiale,,,713748a5-740c-408a-9244-683abfd47d53,2021-09-01,,408,,57507,,
Pierre,Bédier,interets,Audacia PME,,apparition,713748a5-740c-408a-9244-683abfd47d53,2021-09-01,c354aa86-0b95-4fcb-aa2f-97fe9b4340a2,2021-09-02,,0,,34701,0,34701
Pierre,Bédier,interets,Danone,,disparition,713748a5-740c-408a-9244-683abfd47d53,2021-09-01,c354aa86-0b95-4fcb-aa2f-97fe9b4340a2,2021-09-02,206,,12586,,-206,-12586
Pierre,Bédier,interets,Nestlé,,disparition,713748a5-740c-408a-9244-683abfd47d53,2021-09-01,c354aa86-0b95-4fcb-aa2f-97fe9b4340a2,2021-09-02,500,,49509,,-500,-49509
Pierre,Bédier,interets,Pernod-Ricard,,disparition,713748a5-740c-408a-9244-683abfd47d53,2021-09-01,c354aa86-0b95-4fcb-aa2f-97fe9b4340a2,2021-09-02,408,,57507,,-408,-57507
Régine,BEGEL,interets,AXA FRANCE,,position_initiale,,,5b03ddbd-0514-406e-861a-efc19927ed2b,2021-08-25,,100,,2400,,
BELKHIR,BELHADDAD,interets,GEM ENERGY SERVICES,,position_initiale,,,3ab8a94b-1191-4f7e-ba4e-74cf0a5daa1a,2024-09-06,,0,,0,,
BELKHIR,BELHADDAD,interets,GEM ENERGY SERVICES,,disparition,3ab8a94b-1191-4f7e-ba4e-74cf0a5daa1a,2024-09-06,95f52d96-7f35-4676-b3c7-973eac5e3044,2025-04-16,0,,0,,0,0
LAURENCE,BELLAIS,interets,SARL LP GESTION,,apparition,85347c28-cee8-4a37-8ba1-d84a87b51161,2022-02-01,8e7f6ea7-a6f1-4200-8c7c-0e7fdf7e44ec,2023-05-30,,3650,,40500,3650,40500
Bertrand,BELLANGER,interets,AXA SA,,position_initiale,,,d8e51410-28f2-4975-9a67-562c832e53f0,2021-08-02,,1000,,22805,,
Bertrand,BELLANGER,interets,CAP GEMINI,,position_initiale,,,d8e51410-28f2-4975-9a67-562c832e53f0,2021-08-02,,200,,37020,,
Bertrand,BELLANGER,interets,CREDIT AGRICOLE SA,,position_initiale,,,d8e51410-28f2-4975-9a67-562c832e53f0,2021-08-02,,535,,6272,,
Bertrand,BELLANGER,interets,FDJ,,position_initiale,,,d8e51410-28f2-4975-9a67-562c832e53f0,2021-08-02,,128,,5772,,
Bertrand,BELLANGER,interets,SFB SAS,,position_initiale,,,d8e51410-28f2-4975-9a67-562c832e53f0,2021-08-02,,22140,,100000,,
Bertrand,BELLANGER,interets,VEOLIA SA,,position_initiale,,,d8e51410-28f2-4975-9a67-562c832e53f0,2021-08-02,,1500,,41820,,
Béatrice,BELLAY,interets,CARIBBEAN MASKS ENVIRONMENT,,position_initiale,,,e8896a78-e1e6-4e29-b2c2-587958a9bd53,2024-09-11,,2000,,2000,,
Béatrice,BELLAY,interets,CARIBBEAN MASKS ENVIRONMENT,,disparition,e8896a78-e1e6-4e29-b2c2-587958a9bd53,2024-09-11,8383d8d6-bd19-410f-8587-5268f8f8d303,2024-11-30,2000,,2000,,-2000,-2000
Valentin,Belleval,interets,HOLDING FABINVEST,,position_initiale,,,7b188618-3ca6-4845-936b-7856b046466a,2021-09-02,,200,,200,,
Valentin,Belleval,interets,SARL FABIOLA,,position_initiale,,,7b188618-3ca6-4845-936b-7856b046466a,2021-09-02,,1000,,10000,,
Valentin,Belleval,interets,SAS FAB-INVEST,,apparition,7b188618-3ca6-4845-936b-7856b046466a,2021-09-02,f761dd6b-b3f2-4391-9ab3-d1390d40405a,2025-09-26,,138300,,27660,138300,27660
Valentin,Belleval,interets,HOLDING FABINVEST,,disparition,7b188618-3ca6-4845-936b-7856b046466a,2021-09-02,f761dd6b-b3f2-4391-9ab3-d1390d40405a,2025-09-26,200,,200,,-200,-200
Valentin,Belleval,interets,SARL FABIOLA,,disparition,7b188618-3ca6-4845-936b-7856b046466a,2021-09-02,f761dd6b-b3f2-4391-9ab3-d1390d40405a,2025-09-26,1000,,10000,,-1000,-10000
Lisa,Belluco,interets,CEIDF Hauts de Seine,,apparition,b68386f4-6f75-4c86-919e-46f56ccd5ca3,2024-09-09,a2217ddb-dc26-4efd-b9a1-048d62eac94f,2025-04-06,,10,,200,10,200
Catherina,Belrhiti,interets,creditmutuel,,position_initiale,,,9bf85288-101b-4a0d-aff0-3bc8b7e60283,2023-10-29,,2048,,2048,,
Abdeljalil,Benabdillah,interets,SDTech Groupe,,position_initiale,,,cf9364ef-7152-4c50-9de7-d6ef9e0d2b8f,2022-11-23,,372285,,372385,,
Abdeljalil,Benabdillah,interets,SDTech Micro,,position_initiale,,,cf9364ef-7152-4c50-9de7-d6ef9e0d2b8f,2022-11-23,,40,,1418,,
Marie,Benassayag,interets,sarl MARINA HEALTH CENTER,,position_initiale,,,6f46c631-ac46-476e-805e-532513f26da7,2022-04-17,,691,,14000,,
Karim,Benbrahim,interets,NAVYA,,position_initiale,,,d64ff2b0-01f9-461c-b87b-f98d9a8b5ee3,2024-08-23,,480,,14,,
Karim,Benbrahim,interets,NAVYA,,disparition,d64ff2b0-01f9-461c-b87b-f98d9a8b5ee3,2024-08-23,39853484-8120-445b-a657-67a197ca9bee,2025-03-30,480,,14,,-480,-14
Eric,Berdoati,interets,Presse Entreprises Formation et Conseil,,position_initiale,,,36a0305e-374c-4d77-b34c-8dfa570b01f1,2021-08-04,,32,,8000,,
Aurore,Bergé,interets,SARL PROSONOR,,position_initiale,,,fa7d88ce-61c6-4f1b-a0dd-7599d4021ac3,2025-12-04,,300,,0,,
Aurore,Bergé,interets,SARL SAXHO,,position_initiale,,,fa7d88ce-61c6-4f1b-a0dd-7599d4021ac3,2025-12-04,,195,,1950,,
Aurore,Bergé,interets,SARL SAXHO,,disparition,fa7d88ce-61c6-4f1b-a0dd-7599d4021ac3,2025-12-04,534edde5-7673-4dfc-b38a-16d66f5440fd,2026-05-13,195,,1950,,-195,-1950
Aurore,Bergé,patrimoine,SARL PROSONOR,,position_initiale,,,52ff5cc4-e4ad-41be-9368-fa09f9885101,2025-12-04,,,,0,,
Aurore,Bergé,patrimoine,SARL SAXHO,,position_initiale,,,52ff5cc4-e4ad-41be-9368-fa09f9885101,2025-12-04,,,,1950,,
Aurore,Bergé,patrimoine,SARL SAXHO,,disparition,52ff5cc4-e4ad-41be-9368-fa09f9885101,2025-12-04,ec589d51-7664-4638-bef7-809b1e318273,2026-05-13,,,1950,,,-1950
Jean-Didier,Berger,patrimoine,Compte titre (Société générale),,position_initiale,,,45e264fc-64a8-4d13-9ad7-102fcb15e667,2026-04-02,,,,0,,
Jean-Didier,Berger,patrimoine,PEA (Société Générale),,position_initiale,,,45e264fc-64a8-4d13-9ad7-102fcb15e667,2026-04-02,,,,100,,
véronique,bergerol,interets,Air liquide,,position_initiale,,,c29ead4d-679e-41f4-bd1e-37787e7622c5,2021-08-29,,20,,3014,,
véronique,bergerol,interets,axa,,position_initiale,,,c29ead4d-679e-41f4-bd1e-37787e7622c5,2021-08-29,,150,,3610,,
véronique,bergerol,interets,BNP,,position_initiale,,,c29ead4d-679e-41f4-bd1e-37787e7622c5,2021-08-29,,110,,5880,,
véronique,bergerol,interets,bouygues,,position_initiale,,,c29ead4d-679e-41f4-bd1e-37787e7622c5,2021-08-29,,50,,1767,,
véronique,bergerol,interets,carrefour,,position_initiale,,,c29ead4d-679e-41f4-bd1e-37787e7622c5,2021-08-29,,400,,6760,,
véronique,bergerol,interets,credit agricole,,position_initiale,,,c29ead4d-679e-41f4-bd1e-37787e7622c5,2021-08-29,,150,,1817,,
véronique,bergerol,interets,Dassault system,,position_initiale,,,c29ead4d-679e-41f4-bd1e-37787e7622c5,2021-08-29,,50,,2437,,
véronique,bergerol,interets,Engie,,position_initiale,,,c29ead4d-679e-41f4-bd1e-37787e7622c5,2021-08-29,,100,,1203,,
véronique,bergerol,interets,michelin,,position_initiale,,,c29ead4d-679e-41f4-bd1e-37787e7622c5,2021-08-29,,16,,2236,,
véronique,bergerol,interets,Orange,,position_initiale,,,c29ead4d-679e-41f4-bd1e-37787e7622c5,2021-08-29,,400,,3871,,
véronique,bergerol,interets,Saint Gobain,,position_initiale,,,c29ead4d-679e-41f4-bd1e-37787e7622c5,2021-08-29,,40,,2506,,
véronique,bergerol,interets,total energie,,position_initiale,,,c29ead4d-679e-41f4-bd1e-37787e7622c5,2021-08-29,,133,,5020,,
véronique,bergerol,interets,veolia environnement,,position_initiale,,,c29ead4d-679e-41f4-bd1e-37787e7622c5,2021-08-29,,50,,1429,,
véronique,BERNARDINI CARRANO,interets,NEANT,,position_initiale,,,20dfcff1-e9c0-47a7-a872-992b508135f9,2022-12-27,,0,,0,,
Jean-Marie,BERNARD,interets,ALSTOM,,position_initiale,,,070ad703-2cfc-4d29-8ccd-35a2d258f8bb,2021-08-27,,2,,85,,
Jean-Marie,BERNARD,interets,APERAM,,position_initiale,,,070ad703-2cfc-4d29-8ccd-35a2d258f8bb,2021-08-27,,5,,216,,
Jean-Marie,BERNARD,interets,ARCELORMITTAL,,position_initiale,,,070ad703-2cfc-4d29-8ccd-35a2d258f8bb,2021-08-27,,36,,930,,
Jean-Marie,BERNARD,interets,AXA,,position_initiale,,,070ad703-2cfc-4d29-8ccd-35a2d258f8bb,2021-08-27,,136,,2907,,
Jean-Marie,BERNARD,interets,L'OREAL,,position_initiale,,,070ad703-2cfc-4d29-8ccd-35a2d258f8bb,2021-08-27,,114,,42841,,
Jean-Marie,BERNARD,interets,LVMH,,position_initiale,,,070ad703-2cfc-4d29-8ccd-35a2d258f8bb,2021-08-27,,95,,62823,,
Jean-Marie,BERNARD,interets,NOKIA,,position_initiale,,,070ad703-2cfc-4d29-8ccd-35a2d258f8bb,2021-08-27,,68,,306,,
Jean-Marie,BERNARD,interets,PERNOD RICARD,,position_initiale,,,070ad703-2cfc-4d29-8ccd-35a2d258f8bb,2021-08-27,,64,,11980,,
Jean-Marie,BERNARD,interets,THALES,,position_initiale,,,070ad703-2cfc-4d29-8ccd-35a2d258f8bb,2021-08-27,,70,,6022,,
Jean-Marie,BERNARD,interets,TOTAL,,position_initiale,,,070ad703-2cfc-4d29-8ccd-35a2d258f8bb,2021-08-27,,132,,5036,,
Jean-Marie,BERNARD,interets,VINCI,,position_initiale,,,070ad703-2cfc-4d29-8ccd-35a2d258f8bb,2021-08-27,,100,,8999,,
Sylvain,BERRIOS,interets,Arc Traiteur,,position_initiale,,,8bc7baea-c1af-4b37-bacc-148743448c21,2024-08-20,,245,,2500,,
Sylvain,BERRIOS,interets,Saskkia,,position_initiale,,,8bc7baea-c1af-4b37-bacc-148743448c21,2024-08-20,,400,,400,,
Sybille,BERTAIL,interets,AIR FRANCE-KLM,,position_initiale,,,8bfe0701-18b7-4357-961a-bda28762ec2a,2021-07-29,,289,,1133,,
Sybille,BERTAIL,interets,AIR LIQUIDE,,position_initiale,,,8bfe0701-18b7-4357-961a-bda28762ec2a,2021-07-29,,10,,1505,,
Sybille,BERTAIL,interets,BNP PARIBAS,,position_initiale,,,8bfe0701-18b7-4357-961a-bda28762ec2a,2021-07-29,,56,,2831,,
Sybille,BERTAIL,interets,CARREFOUR,,position_initiale,,,8bfe0701-18b7-4357-961a-bda28762ec2a,2021-07-29,,169,,2694,,
Sybille,BERTAIL,interets,DANONE,,position_initiale,,,8bfe0701-18b7-4357-961a-bda28762ec2a,2021-07-29,,103,,5993,,
Sybille,BERTAIL,interets,EDF,,position_initiale,,,8bfe0701-18b7-4357-961a-bda28762ec2a,2021-07-29,,420,,4557,,
Sybille,BERTAIL,interets,ENGIE,,position_initiale,,,8bfe0701-18b7-4357-961a-bda28762ec2a,2021-07-29,,180,,2063,,
Sybille,BERTAIL,interets,ESSILORLUXOTTICA,,position_initiale,,,8bfe0701-18b7-4357-961a-bda28762ec2a,2021-07-29,,10,,1551,,
Sybille,BERTAIL,interets,L'OREAL,,position_initiale,,,8bfe0701-18b7-4357-961a-bda28762ec2a,2021-07-29,,12,,4644,,
Sybille,BERTAIL,interets,LVMH,,position_initiale,,,8bfe0701-18b7-4357-961a-bda28762ec2a,2021-07-29,,16,,10784,,
Sybille,BERTAIL,interets,ORANGE,,position_initiale,,,8bfe0701-18b7-4357-961a-bda28762ec2a,2021-07-29,,391,,3723,,
Sybille,BERTAIL,interets,PERNOD RICARD,,position_initiale,,,8bfe0701-18b7-4357-961a-bda28762ec2a,2021-07-29,,90,,16771,,
Sybille,BERTAIL,interets,REXEL,,position_initiale,,,8bfe0701-18b7-4357-961a-bda28762ec2a,2021-07-29,,103,,1833,,
Sybille,BERTAIL,interets,SAINT-GOBAIN,,position_initiale,,,8bfe0701-18b7-4357-961a-bda28762ec2a,2021-07-29,,71,,4191,,
Sybille,BERTAIL,interets,TELEFONICA,,position_initiale,,,8bfe0701-18b7-4357-961a-bda28762ec2a,2021-07-29,,520,,1955,,
Sybille,BERTAIL,interets,THALES,,position_initiale,,,8bfe0701-18b7-4357-961a-bda28762ec2a,2021-07-29,,62,,5547,,
Sybille,BERTAIL,interets,VALLOUREC,,position_initiale,,,8bfe0701-18b7-4357-961a-bda28762ec2a,2021-07-29,,6,,46,,
Sybille,BERTAIL,interets,VEOLIA ENVIRONNEMENT,,position_initiale,,,8bfe0701-18b7-4357-961a-bda28762ec2a,2021-07-29,,205,,5377,,
Sybille,BERTAIL,interets,VIVENDI,,position_initiale,,,8bfe0701-18b7-4357-961a-bda28762ec2a,2021-07-29,,190,,5407,,
Xavier,BERTRAND,interets,SASP Saint-Quentin Basket Ball,,apparition,2e682af1-cc14-45a6-9960-25a01ac53108,2021-08-30,516b1ce9-d3c5-4b1d-8f25-f3b09c2ec5d5,2022-02-04,,1,,500,1,500
Viviane,KERNEIS,interets,SOFINEIS,,position_initiale,,,7d6ff840-ef44-498c-9bb7-7fcd1ff64415,2021-10-01,,10,,1000,,
benoit,BIBERON,interets,EARL DE BLAINVILLE,,position_initiale,,,8e134881-b1e4-4fe6-aa62-8373a335f02a,2024-11-10,,100,,380000,,
benoit,BIBERON,interets,SARL LA FERME DU RELAIS,,position_initiale,,,8e134881-b1e4-4fe6-aa62-8373a335f02a,2024-11-10,,49,,7497,,
guillaume,Bigot,interets,Académie Thucydide,,position_initiale,,,8af979f4-6b88-4b0e-9ad9-aa9589602ec3,2024-09-08,,1,,150,,
guillaume,Bigot,interets,Académie Thucydide,,hausse,8af979f4-6b88-4b0e-9ad9-aa9589602ec3,2024-09-08,ba748af9-0baa-40a7-9ec7-c6e87a6c8c87,2024-12-17,1,150,150,63565,149,63415
OLIVIER,BILLOT,interets,ANALIS FINANCE,,position_initiale,,,6b03ad56-017d-4f73-8efd-82a7f656c871,2021-12-08,,639,,64000,,
PASCAL,BIOULAC,interets,TRIPLE GALOP,,position_initiale,,,51e00a96-2422-4ade-b385-55d4d5cd87e7,2023-11-14,,1,,15,,
Benoît,BITEAU,interets,SAS Salu'Terre d'Helios,,position_initiale,,,fecfe03a-c13d-4018-a59b-04a4ecfe5004,2024-09-08,,400,,4000,,
Benoît,BITEAU,interets,SAS Soleil Volon'Terre,,position_initiale,,,fecfe03a-c13d-4018-a59b-04a4ecfe5004,2024-09-08,,400,,4000,,
GREGORY,BLANC,interets,ERAMET,,position_initiale,,,77337e4e-c770-43e3-862f-90a00ae29e01,2023-12-01,,465,,37200,,
GREGORY,BLANC,interets,Innate Pharma,,position_initiale,,,77337e4e-c770-43e3-862f-90a00ae29e01,2023-12-01,,7590,,14136,,
GREGORY,BLANC,interets,PERFELIA,,position_initiale,,,77337e4e-c770-43e3-862f-90a00ae29e01,2023-12-01,,300,,3000,,
GREGORY,BLANC,interets,Renault,,position_initiale,,,77337e4e-c770-43e3-862f-90a00ae29e01,2023-12-01,,148,,5338,,
GREGORY,BLANC,interets,PERFELIA,,disparition,77337e4e-c770-43e3-862f-90a00ae29e01,2023-12-01,df80dcf0-bfca-4969-8e4e-b74d916c0343,2024-03-19,300,,3000,,-300,-3000
christophe,Blanchet,interets,air france,,position_initiale,,,984ff5d5-4059-401e-8508-7356728df44f,2024-08-21,,1610,,13369,,
christophe,Blanchet,interets,Osmosun,,position_initiale,,,984ff5d5-4059-401e-8508-7356728df44f,2024-08-21,,500,,2395,,
christophe,Blanchet,interets,safran,,position_initiale,,,984ff5d5-4059-401e-8508-7356728df44f,2024-08-21,,20,,4052,,
christophe,Blanchet,interets,sarl beach,,position_initiale,,,984ff5d5-4059-401e-8508-7356728df44f,2024-08-21,,2520,,584416,,
christophe,Blanchet,interets,sarl new holding lmb,,position_initiale,,,984ff5d5-4059-401e-8508-7356728df44f,2024-08-21,,48,,17000,,
christophe,Blanchet,interets,snc tbjl,,position_initiale,,,984ff5d5-4059-401e-8508-7356728df44f,2024-08-21,,30,,0,,
Cyrille,BLINT,interets,SAS ALTGR,,position_initiale,,,ffe8cb24-2c74-4f7d-a734-78011e1937d2,2021-08-26,,20000,,13392,,
Cyrille,BLINT,interets,EURL AIXPERTS ASSOCIES,,position_initiale,,,ffe8cb24-2c74-4f7d-a734-78011e1937d2,2021-08-26,,1000,,375000,,
Cyrille,BLINT,interets,SAS KARMAN,,position_initiale,,,ffe8cb24-2c74-4f7d-a734-78011e1937d2,2021-08-26,,100,,10,,
Cyrille,BLINT,interets,SAS MEETBYNIGHT,,position_initiale,,,ffe8cb24-2c74-4f7d-a734-78011e1937d2,2021-08-26,,1000,,50,,
Cyrille,BLINT,interets,SARL AGENCE TOUS TRAVAUX,,position_initiale,,,ffe8cb24-2c74-4f7d-a734-78011e1937d2,2021-08-26,,1500,,5841,,
yannick,BOEDEC,interets,accor,,position_initiale,,,de9db4ac-5dc1-4a50-af62-e0926addbbb9,2021-07-22,,55,,1992,,
yannick,BOEDEC,interets,atari,,position_initiale,,,de9db4ac-5dc1-4a50-af62-e0926addbbb9,2021-07-22,,3040,,1152,,
yannick,BOEDEC,interets,bouygues,,position_initiale,,,de9db4ac-5dc1-4a50-af62-e0926addbbb9,2021-07-22,,50,,1599,,
yannick,BOEDEC,interets,electricité de madagascar,,position_initiale,,,de9db4ac-5dc1-4a50-af62-e0926addbbb9,2021-07-22,,408,,1338,,
yannick,BOEDEC,interets,elior,,position_initiale,,,de9db4ac-5dc1-4a50-af62-e0926addbbb9,2021-07-22,,150,,837,,
yannick,BOEDEC,interets,engie,,position_initiale,,,de9db4ac-5dc1-4a50-af62-e0926addbbb9,2021-07-22,,275,,3111,,
yannick,BOEDEC,interets,europcar,,position_initiale,,,de9db4ac-5dc1-4a50-af62-e0926addbbb9,2021-07-22,,1782,,804,,
yannick,BOEDEC,interets,groupe georges,,position_initiale,,,de9db4ac-5dc1-4a50-af62-e0926addbbb9,2021-07-22,,100,,1434,,
yannick,BOEDEC,interets,haulotte,,position_initiale,,,de9db4ac-5dc1-4a50-af62-e0926addbbb9,2021-07-22,,200,,1202,,
yannick,BOEDEC,interets,lucibel,,position_initiale,,,de9db4ac-5dc1-4a50-af62-e0926addbbb9,2021-07-22,,1400,,1045,,
yannick,BOEDEC,interets,orange,,position_initiale,,,de9db4ac-5dc1-4a50-af62-e0926addbbb9,2021-07-22,,160,,1514,,
yannick,BOEDEC,interets,sanofi,,position_initiale,,,de9db4ac-5dc1-4a50-af62-e0926addbbb9,2021-07-22,,20,,1757,,
yannick,BOEDEC,interets,solocal,,position_initiale,,,de9db4ac-5dc1-4a50-af62-e0926addbbb9,2021-07-22,,281,,455,,
yannick,BOEDEC,interets,vallourec,,position_initiale,,,de9db4ac-5dc1-4a50-af62-e0926addbbb9,2021-07-22,,135,,1053,,
yannick,BOEDEC,interets,vogo,,position_initiale,,,de9db4ac-5dc1-4a50-af62-e0926addbbb9,2021-07-22,,125,,1249,,
Pascal,BOHIN,interets,Aucune,,position_initiale,,,d5bacd77-363d-4c2a-abff-06522d1c8c8d,2021-07-08,,0,,0,,
Pierre,BOLZE,interets,SCP BERGERET ET ASSOCIES,,position_initiale,,,863d8a0f-62f0-4d74-8976-71af4d67a465,2021-09-05,,900,,57600,,
Béatrice,CHIAVASSA,interets,societe generale,,position_initiale,,,d1fba6df-e7ce-4a58-8f18-583edf457107,2021-08-17,,2220,,59940,,
philippe,bonnecarrere,interets,je n ai pas de participations directes a l'excetion de quelques parts de client mutualiste à la bpo pour 170 euros,,position_initiale,,,57764699-4e72-423c-b363-e07e36a3db03,2024-07-25,,0,,0,,
philippe,bonnecarrere,interets,Banque Populaire Occitane,,apparition,57764699-4e72-423c-b363-e07e36a3db03,2024-07-25,ead8c35a-a1a4-4c73-aa92-71cf9e8de283,2025-01-16,,40,,168,40,168
philippe,bonnecarrere,interets,je n ai pas de participations directes a l'excetion de quelques parts de client mutualiste à la bpo pour 170 euros,,disparition,57764699-4e72-423c-b363-e07e36a3db03,2024-07-25,ead8c35a-a1a4-4c73-aa92-71cf9e8de283,2025-01-16,0,,0,,0,0
Jérôme,BONNEFOI,interets,SAS BB VESTA,,position_initiale,,,906b8fa4-b7af-417a-81af-606ed9170562,2021-09-01,,50,,500,,
Christophe,BONNEFOND,interets,PEA,,apparition,87278dd2-d23f-49c7-a9f9-eecff2e63c14,2021-08-04,658f1c31-1e79-4cc8-bfb6-83dd55b20892,2022-09-04,,0,,39993,0,39993
Nicolas,Bonnet,interets,Foncière Terre de Liens,,position_initiale,,,ee02e1fb-d52e-4c47-bfd4-12b4956dc31a,2024-09-09,,20,,2100,,
Nicolas,Bonnet,interets,SCIC Combrailles Durables,,position_initiale,,,ee02e1fb-d52e-4c47-bfd4-12b4956dc31a,2024-09-09,,10,,500,,
Véronique,BORRE,interets,SARL LE BELVEDERE,,position_initiale,,,d13d8dfe-ced0-4d32-a4bb-3f2f7f3e9c1c,2021-09-12,,500,,25000,,
CHRISTINE,BOST,interets,AIR FRANCE,,position_initiale,,,5c8089f4-62be-4cb1-962b-3bfdef856c49,2021-08-24,,3,,11,,
CHRISTINE,BOST,interets,OPC Ecureuil profil 75,,position_initiale,,,5c8089f4-62be-4cb1-962b-3bfdef856c49,2021-08-24,,67,,4271,,
CHRISTINE,BOST,interets,OPC Ecureuil Profil 90,,position_initiale,,,5c8089f4-62be-4cb1-962b-3bfdef856c49,2021-08-24,,77,,4311,,
CHRISTINE,BOST,interets,VIVENDI,,position_initiale,,,5c8089f4-62be-4cb1-962b-3bfdef856c49,2021-08-24,,10,,313,,
Karim,BOUAMRANE,interets,PEA,,position_initiale,,,c462b07d-2594-49f3-a639-61d585b3a6bf,2022-09-28,,0,,14268,,
Karim,BOUAMRANE,interets,PEA,,disparition,21bf4f2c-9ce4-4436-8927-887385c3d2ab,2022-11-08,9d81f198-2ae7-41bf-81ce-d4de19df4832,2023-01-16,0,,14268,,0,-14268
Natacha,BOUCHART,interets,CAISSE D'EPARGNE,,position_initiale,,,c10c8f97-d2f5-43ac-b802-e99e94e27046,2021-08-03,,3,,60,,
Isabelle,Boudineau,interets,Caisse d’Epargne,,position_initiale,,,e95aab48-76cd-48ed-a03c-a7c652e06a76,2022-02-14,,190,,3800,,
Isabelle,Boudineau,interets,Caisse d’Epargne,,hausse,e95aab48-76cd-48ed-a03c-a7c652e06a76,2022-02-14,0ec0d11f-b5af-44ae-8f56-d4d70fbb6137,2024-03-03,190,216,3800,4320,26,520
Vincent,Bouget,interets,Coopérative Les Spots,,apparition,95fe39a5-fec2-4941-bcb3-a4f73a7912c5,2021-08-30,27ec313c-0235-459d-8095-fc506edf57f5,2023-09-08,,2,,100,2,100
Florence,BOULAY,interets,COMPTE TITRES CREDIT AGRICOLE,,position_initiale,,,f5c436bd-e187-40df-916b-8ff91bdc8727,2021-12-02,,1,,553,,
Anthony,Boulogne,interets,CENTRE DE CONSEIL EN CONSTRUCTION,,position_initiale,,,73281a6d-c3d9-49b1-bb3c-d832d376a87c,2024-08-29,,510,,510,,
Anthony,Boulogne,interets,CENTRE DE CONSEIL EN CONSTRUCTION,,hausse,73281a6d-c3d9-49b1-bb3c-d832d376a87c,2024-08-29,14d8c1d1-4bdf-4ba2-9797-eda30773ccd0,2025-02-19,510,510,510,9342,0,8832
Mickaël,BOULOUX,interets,Orange,,position_initiale,,,7b9b74b6-0b41-4cc3-950d-5fd83c923459,2024-08-30,,173,,1780,,
Vincent,Bounes,interets,SARL BOUNES,,position_initiale,,,669c420f-fe35-4f2b-8940-f782f6d8da29,2022-10-12,,13,,3367,,
Vincent,Bounes,interets,SAS Terroir de Lagrave,,position_initiale,,,669c420f-fe35-4f2b-8940-f782f6d8da29,2022-10-12,,3,,455,,
Florian,Bouquet,interets,Compte titre,,position_initiale,,,55b35e7f-2335-43bc-84cb-7c9d18e8da01,2021-07-21,,14351,,33236,,
Véronique,BOURBIGOT,interets,SARL VMF,,position_initiale,,,e8eaee98-cc76-4266-b0fc-588c3e872437,2021-11-09,,100,,762,,
Corinne,Bourcier,interets,CREDIT AGRICOLE,,apparition,b6600e08-dc13-4354-af32-a5017facb019,2023-12-01,be273fc6-9ac8-4947-a11a-f5c403a82a78,2024-03-28,,1,,1948,1,1948
Willy,Bourgeois,interets,Visioptimum International SAS,,position_initiale,,,612d8014-5054-4db3-b8d2-0a2a3d02c51d,2021-09-22,,166,,16600,,
Willy,Bourgeois,interets,EYEAM SAS,,apparition,612d8014-5054-4db3-b8d2-0a2a3d02c51d,2021-09-22,6a3ebc6d-61e6-4b9f-8e5a-f0cfc3666b61,2023-12-19,,33,,1500,33,1500
Brigitte,Bourguignon,interets,Crédit Mutuel,,apparition,b327ac65-83c1-443e-b3aa-7c493ed7774a,2025-10-16,3a8161ca-2da1-46a8-a5b6-177aba5d63cd,2026-01-16,,0,,28,0,28
BOURJAT,Laëtitia,interets,Ébénisterie Ardéchoise,,position_initiale,,,442f8d1c-ae82-426e-9cba-41fe7a5d19d3,2021-08-31,,50,,8400,,
BOURJAT,Laëtitia,interets,Hela,,position_initiale,,,442f8d1c-ae82-426e-9cba-41fe7a5d19d3,2021-08-31,,20,,25000,,
Michel,Bournat,interets,PEA,,position_initiale,,,cdfda45f-4043-4ba1-beee-28378b4f0b9c,2021-08-17,,0,,160000,,
Michel,Bournat,interets,PEA,,baisse,cdfda45f-4043-4ba1-beee-28378b4f0b9c,2021-08-17,4ebbe7af-a553-47a0-934c-e4cca0d02cb0,2021-10-31,0,0,160000,106000,0,-54000
bertrand,bouyx,interets,ATARI REGPT,,position_initiale,,,1c680de0-9aab-4b08-9574-136c01bd8a27,2024-08-02,,3,,1,,
bertrand,bouyx,interets,ORANGE,,position_initiale,,,1c680de0-9aab-4b08-9574-136c01bd8a27,2024-08-02,,22,,226,,
Danielle,BOYER,interets,RAS,,position_initiale,,,83454d02-56e7-4ef0-b2d1-3e6587c1a8f7,2021-09-07,,0,,0,,
Anne,BRACCO,interets,Cigair Distribution,,position_initiale,,,865db57e-69b9-4fb0-b9ac-c078e99dd03a,2021-09-15,,30,,93000,,
Rémi,Branco,interets,SAS Les Mousqueterres,,apparition,ce79df7b-72d4-4b4b-be46-f1c0f57c4262,2022-02-03,dfe8d00c-fbcd-4788-8b2a-240253a020d4,2022-09-07,,1,,1000,1,1000
Roch,BRANCOUR,interets,SIG plc,,position_initiale,,,a0a6c927-bdf3-4e8e-87a0-a03472b32d00,2021-09-26,,5926,,3250,,
Jean-Michel,BRARD,interets,SAS BIHANNIC,,position_initiale,,,45911303-1d4d-40f6-aad8-6b8daab74108,2024-08-01,,7000,,1550000,,
Jean-Michel,BRARD,interets,SAS BIHANNIC,,baisse,45911303-1d4d-40f6-aad8-6b8daab74108,2024-08-01,406dbeb6-b7f4-41bc-bdfe-605e5602261b,2025-03-21,7000,6997,1550000,1550000,-3,0
Jean-Luc,BRAULT,interets,ACCOR,,apparition,7957cd29-1c8d-4df0-bf0f-6137360d31d1,2023-12-04,c51ba758-0784-42db-b02b-3a93b93dbf5a,2024-05-28,,186,,6037,186,6037
Jean-Luc,BRAULT,interets,AIR LIQUIDE,,apparition,7957cd29-1c8d-4df0-bf0f-6137360d31d1,2023-12-04,c51ba758-0784-42db-b02b-3a93b93dbf5a,2024-05-28,,47,,8140,47,8140
Jean-Luc,BRAULT,interets,AIRBUS,,apparition,7957cd29-1c8d-4df0-bf0f-6137360d31d1,2023-12-04,c51ba758-0784-42db-b02b-3a93b93dbf5a,2024-05-28,,31,,4280,31,4280
Jean-Luc,BRAULT,interets,ASML HOLDING,,apparition,7957cd29-1c8d-4df0-bf0f-6137360d31d1,2023-12-04,c51ba758-0784-42db-b02b-3a93b93dbf5a,2024-05-28,,13,,8287,13,8287
Jean-Luc,BRAULT,interets,AXA,,apparition,7957cd29-1c8d-4df0-bf0f-6137360d31d1,2023-12-04,c51ba758-0784-42db-b02b-3a93b93dbf5a,2024-05-28,,218,,6299,218,6299
Jean-Luc,BRAULT,interets,BNP PARIBAS ACTION A,,apparition,7957cd29-1c8d-4df0-bf0f-6137360d31d1,2023-12-04,c51ba758-0784-42db-b02b-3a93b93dbf5a,2024-05-28,,107,,6184,107,6184
Jean-Luc,BRAULT,interets,CAPGEMINI,,apparition,7957cd29-1c8d-4df0-bf0f-6137360d31d1,2023-12-04,c51ba758-0784-42db-b02b-3a93b93dbf5a,2024-05-28,,35,,6545,35,6545
Jean-Luc,BRAULT,interets,CRH,,apparition,7957cd29-1c8d-4df0-bf0f-6137360d31d1,2023-12-04,c51ba758-0784-42db-b02b-3a93b93dbf5a,2024-05-28,,70,,4094,70,4094
Jean-Luc,BRAULT,interets,DASSAULT,,apparition,7957cd29-1c8d-4df0-bf0f-6137360d31d1,2023-12-04,c51ba758-0784-42db-b02b-3a93b93dbf5a,2024-05-28,,164,,7102,164,7102
Jean-Luc,BRAULT,interets,ENI,,apparition,7957cd29-1c8d-4df0-bf0f-6137360d31d1,2023-12-04,c51ba758-0784-42db-b02b-3a93b93dbf5a,2024-05-28,,269,,4102,269,4102
Jean-Luc,BRAULT,interets,ESSILORLUXOTTICA,,apparition,7957cd29-1c8d-4df0-bf0f-6137360d31d1,2023-12-04,c51ba758-0784-42db-b02b-3a93b93dbf5a,2024-05-28,,44,,7837,44,7837
Jean-Luc,BRAULT,interets,FERRARI,,apparition,7957cd29-1c8d-4df0-bf0f-6137360d31d1,2023-12-04,c51ba758-0784-42db-b02b-3a93b93dbf5a,2024-05-28,,14,,4603,14,4603
Jean-Luc,BRAULT,interets,GESTION PRIVE PEA,,apparition,7957cd29-1c8d-4df0-bf0f-6137360d31d1,2023-12-04,c51ba758-0784-42db-b02b-3a93b93dbf5a,2024-05-28,,1538,,15642,1538,15642
Jean-Luc,BRAULT,interets,HERMES INTERNATIONAL,,apparition,7957cd29-1c8d-4df0-bf0f-6137360d31d1,2023-12-04,c51ba758-0784-42db-b02b-3a93b93dbf5a,2024-05-28,,3,,5821,3,5821
Jean-Luc,BRAULT,interets,LMVH MOET HENESSY,,apparition,7957cd29-1c8d-4df0-bf0f-6137360d31d1,2023-12-04,c51ba758-0784-42db-b02b-3a93b93dbf5a,2024-05-28,,15,,10488,15,10488
Jean-Luc,BRAULT,interets,LOREAL,,apparition,7957cd29-1c8d-4df0-bf0f-6137360d31d1,2023-12-04,c51ba758-0784-42db-b02b-3a93b93dbf5a,2024-05-28,,19,,8286,19,8286
Jean-Luc,BRAULT,interets,MICHELIN,,apparition,7957cd29-1c8d-4df0-bf0f-6137360d31d1,2023-12-04,c51ba758-0784-42db-b02b-3a93b93dbf5a,2024-05-28,,217,,6737,217,6737
Jean-Luc,BRAULT,interets,NOVO NORDISK CL.B,,apparition,7957cd29-1c8d-4df0-bf0f-6137360d31d1,2023-12-04,c51ba758-0784-42db-b02b-3a93b93dbf5a,2024-05-28,,40,,3648,40,3648
Jean-Luc,BRAULT,interets,ORANGE,,apparition,7957cd29-1c8d-4df0-bf0f-6137360d31d1,2023-12-04,c51ba758-0784-42db-b02b-3a93b93dbf5a,2024-05-28,,378,,4303,378,4303
Jean-Luc,BRAULT,interets,PERNOD RICARD,,apparition,7957cd29-1c8d-4df0-bf0f-6137360d31d1,2023-12-04,c51ba758-0784-42db-b02b-3a93b93dbf5a,2024-05-28,,42,,6642,42,6642
Jean-Luc,BRAULT,interets,SAFRAN PROV ECHANGE,,apparition,7957cd29-1c8d-4df0-bf0f-6137360d31d1,2023-12-04,c51ba758-0784-42db-b02b-3a93b93dbf5a,2024-05-28,,26,,163,26,163
Jean-Luc,BRAULT,interets,SANOFI,,apparition,7957cd29-1c8d-4df0-bf0f-6137360d31d1,2023-12-04,c51ba758-0784-42db-b02b-3a93b93dbf5a,2024-05-28,,68,,5833,68,5833
Jean-Luc,BRAULT,interets,SCHNEIDERD ELECTRIC,,apparition,7957cd29-1c8d-4df0-bf0f-6137360d31d1,2023-12-04,c51ba758-0784-42db-b02b-3a93b93dbf5a,2024-05-28,,37,,6282,37,6282
Jean-Luc,BRAULT,interets,SOCIETE GENERALE,,apparition,7957cd29-1c8d-4df0-bf0f-6137360d31d1,2023-12-04,c51ba758-0784-42db-b02b-3a93b93dbf5a,2024-05-28,,276,,6320,276,6320
Jean-Luc,BRAULT,interets,ST MICRO ELECTRONICS,,apparition,7957cd29-1c8d-4df0-bf0f-6137360d31d1,2023-12-04,c51ba758-0784-42db-b02b-3a93b93dbf5a,2024-05-28,,140,,6122,140,6122
Jean-Luc,BRAULT,interets,STELLANTIS,,apparition,7957cd29-1c8d-4df0-bf0f-6137360d31d1,2023-12-04,c51ba758-0784-42db-b02b-3a93b93dbf5a,2024-05-28,,200,,4018,200,4018
Jean-Luc,BRAULT,interets,STGOBIN,,apparition,7957cd29-1c8d-4df0-bf0f-6137360d31d1,2023-12-04,c51ba758-0784-42db-b02b-3a93b93dbf5a,2024-05-28,,95,,5683,95,5683
Jean-Luc,BRAULT,interets,TOTAL ENERGIES SE,,apparition,7957cd29-1c8d-4df0-bf0f-6137360d31d1,2023-12-04,c51ba758-0784-42db-b02b-3a93b93dbf5a,2024-05-28,,164,,10227,164,10227
Jean-Luc,BRAULT,interets,VEOLIA,,apparition,7957cd29-1c8d-4df0-bf0f-6137360d31d1,2023-12-04,c51ba758-0784-42db-b02b-3a93b93dbf5a,2024-05-28,,249,,7211,249,7211
Jean-Luc,BRAULT,interets,VINCI,,apparition,7957cd29-1c8d-4df0-bf0f-6137360d31d1,2023-12-04,c51ba758-0784-42db-b02b-3a93b93dbf5a,2024-05-28,,54,,6119,54,6119
Yaël,Braun-Pivet,interets,Axa,,position_initiale,,,a2906da8-0b2e-4871-aca7-76ba0a4b1521,2024-09-08,,170,,5863,,
Yaël,Braun-Pivet,interets,BNP Parisbas,,position_initiale,,,a2906da8-0b2e-4871-aca7-76ba0a4b1521,2024-09-08,,57,,3544,,
Yaël,Braun-Pivet,interets,Crédit Agricole,,position_initiale,,,a2906da8-0b2e-4871-aca7-76ba0a4b1521,2024-09-08,,1000,,14130,,
Yaël,Braun-Pivet,interets,Engie,,position_initiale,,,a2906da8-0b2e-4871-aca7-76ba0a4b1521,2024-09-08,,240,,3868,,
Yaël,Braun-Pivet,interets,Hermès intl,,position_initiale,,,a2906da8-0b2e-4871-aca7-76ba0a4b1521,2024-09-08,,4,,7638,,
Yaël,Braun-Pivet,interets,L'OREAL,,position_initiale,,,a2906da8-0b2e-4871-aca7-76ba0a4b1521,2024-09-08,,4165,,1594362,,
Yaël,Braun-Pivet,interets,LVMH,,position_initiale,,,a2906da8-0b2e-4871-aca7-76ba0a4b1521,2024-09-08,,6,,3672,,
Yaël,Braun-Pivet,interets,Sopra Steria Group,,position_initiale,,,a2906da8-0b2e-4871-aca7-76ba0a4b1521,2024-09-08,,80,,13896,,
Yaël,Braun-Pivet,interets,Totalénergies,,position_initiale,,,a2906da8-0b2e-4871-aca7-76ba0a4b1521,2024-09-08,,150,,8979,,
christian,BRAUX,interets,amundi stratégie euros,,apparition,72bc90e7-3abb-4abe-91e3-823e62245737,2022-07-14,1bac2387-c9c3-4f42-a41c-de1ef4d7b30d,2023-05-08,,10,,2225,10,2225
Jérémie,Bréaud,interets,Aéroports de Paris,,position_initiale,,,0037f81f-6f0f-4179-86ef-1490201c15c1,2021-12-13,,9,,853,,
Jérémie,Bréaud,interets,LVMH,,position_initiale,,,0037f81f-6f0f-4179-86ef-1490201c15c1,2021-12-13,,16,,6347,,
Jérémie,Bréaud,interets,Vivendi,,position_initiale,,,0037f81f-6f0f-4179-86ef-1490201c15c1,2021-12-13,,14,,323,,
Maud,BREGEON,patrimoine,PEA (Crédit Mutuel),,position_initiale,,,f9e780b3-8763-442c-ba34-50e31f6206e7,2026-04-30,,,,2505,,
DIDIER,BREMOND,interets,SAS BREMOND,,position_initiale,,,61813833-ff46-4f0f-b22e-ff4a7ed2aa9d,2022-01-06,,700000,,651261,,
DIDIER,BREMOND,interets,BREMOND PROMOTIONS,,position_initiale,,,61813833-ff46-4f0f-b22e-ff4a7ed2aa9d,2022-01-06,,300,,1395,,
DIDIER,BREMOND,interets,SAS LES OLIVIERS,,position_initiale,,,61813833-ff46-4f0f-b22e-ff4a7ed2aa9d,2022-01-06,,400,,53040,,
DIDIER,BREMOND,interets,SAS SEZAM,,position_initiale,,,61813833-ff46-4f0f-b22e-ff4a7ed2aa9d,2022-01-06,,100,,127,,
DIDIER,BREMOND,interets,SAS BREMOND,,baisse,61813833-ff46-4f0f-b22e-ff4a7ed2aa9d,2022-01-06,26e9893d-07a3-4955-9e44-749ead122a2c,2022-11-23,700000,700000,651261,637859,0,-13402
DIDIER,BREMOND,interets,BREMOND PROMOTIONS,,baisse,61813833-ff46-4f0f-b22e-ff4a7ed2aa9d,2022-01-06,26e9893d-07a3-4955-9e44-749ead122a2c,2022-11-23,300,300,1395,0,0,-1395
PHILIPPE,BREMOND,interets,Néant,,position_initiale,,,a6640093-2f72-4f07-a528-db97a991fbe4,2021-08-19,,0,,0,,
Cyrille,Brero,interets,SCIC La Maison pour Tous,,position_initiale,,,03474039-7609-4a32-952c-247ee6ac24a4,2022-01-19,,1,,0,,
Xavier,BRETON,interets,Union sportive bressane pays de l'Ain rugby,,position_initiale,,,1571fc2b-1d61-48f8-b513-461b958e05cf,2024-08-30,,1,,1000,,
Bridet,Jean-François,interets,SCOP-ARL d'architecture B-A-Bo,,position_initiale,,,f658bd2c-8b95-47fc-bb5c-039679e7a9e1,2021-12-16,,300,,0,,
Corinne,Bringer,interets,SAS Ginko,,position_initiale,,,5eec953f-d9de-481d-ba95-391eae4d3c61,2021-09-05,,2130,,1862566,,
Corinne,Bringer,interets,SAS Maskott,,position_initiale,,,5eec953f-d9de-481d-ba95-391eae4d3c61,2021-09-05,,15430,,192685,,
Didier,BRUGERE,interets,THALES SA,,position_initiale,,,b2d011dd-22d9-4787-901e-b73d12d04fc3,2021-08-23,,1180,,99550,,
Christiane,BRUNET,interets,SAS BRUNET,,position_initiale,,,8e931b85-12cc-4e24-9066-8c150466bd59,2021-08-30,,1800,,133200,,
Christiane,BRUNET,interets,Parts sociales CADS St-Pierre d'Albigny,,position_initiale,,,8e931b85-12cc-4e24-9066-8c150466bd59,2021-08-30,,40,,40,,
Fabrice,Brun,interets,sas rouge raisin,,position_initiale,,,ffed42f6-b94c-4219-a4ac-e67848098443,2024-07-24,,50,,100000,,
MICHEL,BRUN,interets,SAS l'allier des saveurs,,position_initiale,,,63408757-8ab1-496c-93f9-d45479bce370,2021-08-17,,0,,1000,,
Anne-Marie,BRUTHE,interets,Sarl FORMATEXT,,position_initiale,,,e262de68-0123-4850-8591-fdbfc9a76377,2021-08-29,,100,,22400,,
Anne-Marie,BRUTHE,interets,CRCAM Pyrénées Gascogne,,apparition,e262de68-0123-4850-8591-fdbfc9a76377,2021-08-29,592e5053-bd5d-4a35-babc-328d9784b2ca,2022-09-21,,550,,550,550,550
Anne-Marie,BRUTHE,interets,Sarl FORMATEXT,,baisse,e262de68-0123-4850-8591-fdbfc9a76377,2021-08-29,592e5053-bd5d-4a35-babc-328d9784b2ca,2022-09-21,100,0,22400,0,-100,-22400
Patricia,BUISSON,interets,SASU Cabinet Patricia Buisson Conseil,,position_initiale,,,eeca0bf2-9b1c-47e8-b979-e49311ef47ff,2021-08-03,,100,,1000,,
FLORENCE,BULTEAU RAMBAUD,interets,BONAVENTURE,,position_initiale,,,bd689e60-45ab-42ed-8f96-076d09e4e874,2021-12-12,,15,,22867,,
Yseult,BUTCHER,interets,SARL Magasin Vahine,,position_initiale,,,2e6e551c-2151-42cb-b96e-bd24f7135de7,2023-07-10,,510,,4166,,
Christophe,Cabri,interets,SARL LES CHEVALIERS DE LA GRAVE,,position_initiale,,,446d7c21-a9fb-4470-b3c3-d78b5837ee98,2021-08-30,,760,,7600,,
François-Xavier,CADART,interets,SARL LIBELILLE,,position_initiale,,,db6d7525-7aa8-4819-a00a-779fa2e2f098,2022-11-14,,45,,1000,,
Marie-Gabrielle,CADIOU,interets,COOP des masques,,position_initiale,,,6f10057f-fa7a-4444-a254-d8f965a8072a,2022-02-15,,1,,50,,
Marie-Pierre,Callet,interets,SCA DOMAINE DE MALAGA,,apparition,f67b44e4-cf28-4ff1-b3d7-fe45481aa674,2021-09-28,b2103eda-0daf-4267-84e2-0a0b2d820857,2023-11-10,,19262,,1530000,19262,1530000
Renaud,Calvat,interets,PEA BNP,,position_initiale,,,9ae7414d-72ed-4c49-96de-b55be133f419,2021-08-02,,772,,23000,,
christian,cambon,interets,AIR LIQUIDE,,position_initiale,,,1a9c2ae5-a44d-425b-bc05-e631bcb118a1,2023-11-27,,162,,9377,,
christian,cambon,interets,AIRBUS SE,,position_initiale,,,1a9c2ae5-a44d-425b-bc05-e631bcb118a1,2023-11-27,,108,,13638,,
christian,cambon,interets,AXA,,position_initiale,,,1a9c2ae5-a44d-425b-bc05-e631bcb118a1,2023-11-27,,264,,7380,,
christian,cambon,interets,BNP PARIBAS,,position_initiale,,,1a9c2ae5-a44d-425b-bc05-e631bcb118a1,2023-11-27,,224,,12161,,
christian,cambon,interets,CAP GEMINI,,position_initiale,,,1a9c2ae5-a44d-425b-bc05-e631bcb118a1,2023-11-27,,34,,5661,,
christian,cambon,interets,DANONE,,position_initiale,,,1a9c2ae5-a44d-425b-bc05-e631bcb118a1,2023-11-27,,100,,5615,,
christian,cambon,interets,DASSAULT SYSTEM,,position_initiale,,,1a9c2ae5-a44d-425b-bc05-e631bcb118a1,2023-11-27,,79,,3066,,
christian,cambon,interets,ESSILORLUXOTTIC,,position_initiale,,,1a9c2ae5-a44d-425b-bc05-e631bcb118a1,2023-11-27,,14,,2389,,
christian,cambon,interets,HEINEKEN NV,,position_initiale,,,1a9c2ae5-a44d-425b-bc05-e631bcb118a1,2023-11-27,,37893,,3135,,
christian,cambon,interets,HERMES,,position_initiale,,,1a9c2ae5-a44d-425b-bc05-e631bcb118a1,2023-11-27,,5,,8798,,
christian,cambon,interets,KERING,,position_initiale,,,1a9c2ae5-a44d-425b-bc05-e631bcb118a1,2023-11-27,,9,,3449,,
christian,cambon,interets,L'OREAL,,position_initiale,,,1a9c2ae5-a44d-425b-bc05-e631bcb118a1,2023-11-27,,29,,11488,,
christian,cambon,interets,LVMH,,position_initiale,,,1a9c2ae5-a44d-425b-bc05-e631bcb118a1,2023-11-27,,38,,25631,,
christian,cambon,interets,MICHELIN,,position_initiale,,,1a9c2ae5-a44d-425b-bc05-e631bcb118a1,2023-11-27,,198,,5548,,
christian,cambon,interets,PERNOD RICARD,,position_initiale,,,1a9c2ae5-a44d-425b-bc05-e631bcb118a1,2023-11-27,,17,,2847,,
christian,cambon,interets,SAFRAN,,position_initiale,,,1a9c2ae5-a44d-425b-bc05-e631bcb118a1,2023-11-27,,26,,3823,,
christian,cambon,interets,SAINT GOBAIN,,position_initiale,,,1a9c2ae5-a44d-425b-bc05-e631bcb118a1,2023-11-27,,70,,3598,,
christian,cambon,interets,SANOFI,,position_initiale,,,1a9c2ae5-a44d-425b-bc05-e631bcb118a1,2023-11-27,,121,,10370,,
christian,cambon,interets,SCHNEIDER,,position_initiale,,,1a9c2ae5-a44d-425b-bc05-e631bcb118a1,2023-11-27,,112,,16238,,
christian,cambon,interets,SG,,position_initiale,,,1a9c2ae5-a44d-425b-bc05-e631bcb118a1,2023-11-27,,249,,5265,,
christian,cambon,interets,STELLANTIS NV,,position_initiale,,,1a9c2ae5-a44d-425b-bc05-e631bcb118a1,2023-11-27,,380,,6691,,
christian,cambon,interets,STMICROELECTRO,,position_initiale,,,1a9c2ae5-a44d-425b-bc05-e631bcb118a1,2023-11-27,,166,,5973,,
christian,cambon,interets,THALES,,position_initiale,,,1a9c2ae5-a44d-425b-bc05-e631bcb118a1,2023-11-27,,34,,4731,,
christian,cambon,interets,TOTALENERGIES SE,,position_initiale,,,1a9c2ae5-a44d-425b-bc05-e631bcb118a1,2023-11-27,,390,,24648,,
christian,cambon,interets,VEOLIA,,position_initiale,,,1a9c2ae5-a44d-425b-bc05-e631bcb118a1,2023-11-27,,166,,4288,,
christian,cambon,interets,VINCI,,position_initiale,,,1a9c2ae5-a44d-425b-bc05-e631bcb118a1,2023-11-27,,98,,10239,,
Caroline,Campodarve-Puente,interets,Néant,,position_initiale,,,3e344b94-7d82-429b-a3d3-3fbbd378d80d,2022-10-31,,0,,0,,
pascal,canfin,interets,834 539 645 RCS CASTRES,,position_initiale,,,5b742aef-126c-4055-a879-b92c833bd02a,2024-07-16,,100,,10000,,
pascal,canfin,interets,Nous Anti Gaspi,,position_initiale,,,5b742aef-126c-4055-a879-b92c833bd02a,2024-07-16,,0,,10000,,
Marcel,CANNAT,interets,0,,position_initiale,,,b196e92f-0c22-4920-8cc9-844f3c1c4a02,2021-09-13,,0,,0,,
Véronique,CANTIN,interets,AGENCE COMMERCIALE CANTIN,,position_initiale,,,890a5186-d924-4b23-8d9e-ee6149ce4a0d,2021-11-08,,250,,22000,,
colette,capdevielle,interets,SCP CAPDEVIELLE,,position_initiale,,,0fcc3ee0-e6ff-443b-b9ac-081701019ab1,2024-08-21,,100,,100,,
colette,capdevielle,interets,SCP CAPDEVIELLE,,disparition,0fcc3ee0-e6ff-443b-b9ac-081701019ab1,2024-08-21,7cabb731-0a2c-4876-9ebc-49423d656196,2025-03-26,100,,100,,-100,-100
Laure-Agnès,CARADEC,interets,Air Liquide,,apparition,2e94f6cb-ae22-4d64-beb4-87902b38736c,2024-01-22,12f3df2f-38cb-453f-b378-68700195b3d4,2025-08-21,,30,,4799,30,4799
Laure-Agnès,CARADEC,interets,Tafalgie,,apparition,2e94f6cb-ae22-4d64-beb4-87902b38736c,2024-01-22,12f3df2f-38cb-453f-b378-68700195b3d4,2025-08-21,,1482,,20007,1482,20007
Pierre-Henri,Carbonnel,interets,SASU PAG,,apparition,d530b60c-9e1c-4682-9143-cc843b5cd32d,2025-12-10,aa1ab8e6-1eef-43a1-ad71-3b32f9891ee1,2026-01-28,,1,,8000,1,8000
Marie-Claire,CARRERE-GEE,interets,SLE Bearn,,position_initiale,,,3a7e2d48-7996-4452-83ca-91ba9e093583,2025-02-05,,236,,4720,,
THIERRY,CARRERE,interets,SARL 2C,,position_initiale,,,0e75ed9f-00f5-4a73-a3fc-007a6eb8f363,2021-08-08,,1000,,3750,,
MAUD,CARUHEL,interets,RAILCOOP,,apparition,f8f0fbb2-00f0-4795-9a1b-5c4dff6974ad,2021-09-18,bef50bd5-75a0-46b1-833b-27eb0d8a61af,2022-10-02,,1,,100,1,100
Laurent,Castillo,interets,SAS Castillo Patrimoine,,position_initiale,,,02b01a67-7d68-4451-8089-db23908609c6,2024-08-30,,200,,32000,,
Laurent,Castillo,interets,SAS NISSORL,,position_initiale,,,02b01a67-7d68-4451-8089-db23908609c6,2024-08-30,,200,,1053,,
Laurent,Castillo,interets,All is event,,apparition,02b01a67-7d68-4451-8089-db23908609c6,2024-08-30,281267e7-0b5d-445e-ab87-f0f57174cc6d,2025-09-04,,150,,260000,150,260000
Laurent,Castillo,interets,SAS Castillo Patrimoine,,disparition,02b01a67-7d68-4451-8089-db23908609c6,2024-08-30,281267e7-0b5d-445e-ab87-f0f57174cc6d,2025-09-04,200,,32000,,-200,-32000
Laurent,Castillo,interets,SAS NISSORL,,hausse,02b01a67-7d68-4451-8089-db23908609c6,2024-08-30,281267e7-0b5d-445e-ab87-f0f57174cc6d,2025-09-04,200,200,1053,550000,0,548947
Jean-Victor,CASTOR,interets,EIFFAGE ENERGIE,,position_initiale,,,9cba0aba-8f0f-46ef-812a-2ec8bcdbe5e7,2024-08-19,,6,,1520,,
Loïc,Cathelain,interets,3M,,position_initiale,,,20dd292d-f8e6-43b8-9aac-74cd0d15e527,2021-07-28,,7,,1188,,
Loïc,Cathelain,interets,ABC Arbitrage,,position_initiale,,,20dd292d-f8e6-43b8-9aac-74cd0d15e527,2021-07-28,,305,,2159,,
Loïc,Cathelain,interets,Air Liquide,,position_initiale,,,20dd292d-f8e6-43b8-9aac-74cd0d15e527,2021-07-28,,20,,2982,,
Loïc,Cathelain,interets,Amazon.com Inc,,position_initiale,,,20dd292d-f8e6-43b8-9aac-74cd0d15e527,2021-07-28,,1,,3054,,
Loïc,Cathelain,interets,Amundi,,position_initiale,,,20dd292d-f8e6-43b8-9aac-74cd0d15e527,2021-07-28,,13,,1000,,
Loïc,Cathelain,interets,Apple,,position_initiale,,,20dd292d-f8e6-43b8-9aac-74cd0d15e527,2021-07-28,,25,,3030,,
Loïc,Cathelain,interets,Arkema,,position_initiale,,,20dd292d-f8e6-43b8-9aac-74cd0d15e527,2021-07-28,,12,,1839,,
Loïc,Cathelain,interets,Axa,,position_initiale,,,20dd292d-f8e6-43b8-9aac-74cd0d15e527,2021-07-28,,46,,1003,,
Loïc,Cathelain,interets,Banco Santander,,position_initiale,,,20dd292d-f8e6-43b8-9aac-74cd0d15e527,2021-07-28,,337,,1058,,
Loïc,Cathelain,interets,Bouygues,,position_initiale,,,20dd292d-f8e6-43b8-9aac-74cd0d15e527,2021-07-28,,42,,1362,,
Loïc,Cathelain,interets,Coca-Cola,,position_initiale,,,20dd292d-f8e6-43b8-9aac-74cd0d15e527,2021-07-28,,25,,1211,,
Loïc,Cathelain,interets,Colgate-Palmolive,,position_initiale,,,20dd292d-f8e6-43b8-9aac-74cd0d15e527,2021-07-28,,18,,1278,,
Loïc,Cathelain,interets,CRH PLC,,position_initiale,,,20dd292d-f8e6-43b8-9aac-74cd0d15e527,2021-07-28,,24,,997,,
Loïc,Cathelain,interets,Danone,,position_initiale,,,20dd292d-f8e6-43b8-9aac-74cd0d15e527,2021-07-28,,16,,915,,
Loïc,Cathelain,interets,Edenred,,position_initiale,,,20dd292d-f8e6-43b8-9aac-74cd0d15e527,2021-07-28,,22,,1082,,
Loïc,Cathelain,interets,Elis,,position_initiale,,,20dd292d-f8e6-43b8-9aac-74cd0d15e527,2021-07-28,,69,,1055,,
Loïc,Cathelain,interets,Exxon Mobil Corp,,position_initiale,,,20dd292d-f8e6-43b8-9aac-74cd0d15e527,2021-07-28,,25,,1220,,
Loïc,Cathelain,interets,Hanesbrands,,position_initiale,,,20dd292d-f8e6-43b8-9aac-74cd0d15e527,2021-07-28,,61,,942,,
Loïc,Cathelain,interets,Iliad,,position_initiale,,,20dd292d-f8e6-43b8-9aac-74cd0d15e527,2021-07-28,,15,,1735,,
Loïc,Cathelain,interets,Johnson & Johnson,,position_initiale,,,20dd292d-f8e6-43b8-9aac-74cd0d15e527,2021-07-28,,8,,1168,,
Loïc,Cathelain,interets,Kraft Heinz Co,,position_initiale,,,20dd292d-f8e6-43b8-9aac-74cd0d15e527,2021-07-28,,36,,1195,,
Loïc,Cathelain,interets,L'Oréal,,position_initiale,,,20dd292d-f8e6-43b8-9aac-74cd0d15e527,2021-07-28,,5,,1917,,
Loïc,Cathelain,interets,LVMH,,position_initiale,,,20dd292d-f8e6-43b8-9aac-74cd0d15e527,2021-07-28,,4,,2678,,
Loïc,Cathelain,interets,Mc Donald's Corp,,position_initiale,,,20dd292d-f8e6-43b8-9aac-74cd0d15e527,2021-07-28,,6,,1247,,
Loïc,Cathelain,interets,Michelin,,position_initiale,,,20dd292d-f8e6-43b8-9aac-74cd0d15e527,2021-07-28,,8,,1084,,
Loïc,Cathelain,interets,Pernod Ricard,,position_initiale,,,20dd292d-f8e6-43b8-9aac-74cd0d15e527,2021-07-28,,8,,1479,,
Loïc,Cathelain,interets,Peugeot Invest,,position_initiale,,,20dd292d-f8e6-43b8-9aac-74cd0d15e527,2021-07-28,,9,,963,,
Loïc,Cathelain,interets,Rubis,,position_initiale,,,20dd292d-f8e6-43b8-9aac-74cd0d15e527,2021-07-28,,70,,2395,,
Loïc,Cathelain,interets,Sanofi,,position_initiale,,,20dd292d-f8e6-43b8-9aac-74cd0d15e527,2021-07-28,,11,,958,,
Loïc,Cathelain,interets,Seb,,position_initiale,,,20dd292d-f8e6-43b8-9aac-74cd0d15e527,2021-07-28,,10,,1406,,
Loïc,Cathelain,interets,ST Microelectronics,,position_initiale,,,20dd292d-f8e6-43b8-9aac-74cd0d15e527,2021-07-28,,34,,1107,,
Loïc,Cathelain,interets,TF1,,position_initiale,,,20dd292d-f8e6-43b8-9aac-74cd0d15e527,2021-07-28,,119,,976,,
Loïc,Cathelain,interets,Total,,position_initiale,,,20dd292d-f8e6-43b8-9aac-74cd0d15e527,2021-07-28,,99,,3608,,
JEAN LOUIS,CAZAUBON,interets,sarl les 2 pics,,position_initiale,,,de4dec1a-3825-4be8-a098-c0b544b3787f,2021-12-06,,250,,250000,,
JEAN LOUIS,CAZAUBON,interets,sarl les 2 pics,,baisse,de4dec1a-3825-4be8-a098-c0b544b3787f,2021-12-06,41c66c04-75ec-4020-ac5b-ddf375a29ff4,2022-11-24,250,70,250000,70000,-180,-180000
JEAN-RENE,CAZENEUVE,interets,Alstom,,position_initiale,,,cab7a965-036e-4546-be89-2fdfcef58b5b,2024-08-14,,32,,548,,
JEAN-RENE,CAZENEUVE,interets,Bouygues SA,,position_initiale,,,cab7a965-036e-4546-be89-2fdfcef58b5b,2024-08-14,,11808,,356728,,
JEAN-RENE,CAZENEUVE,interets,LACLAREE,,position_initiale,,,cab7a965-036e-4546-be89-2fdfcef58b5b,2024-08-14,,10000,,129390,,
JEAN-RENE,CAZENEUVE,interets,Fleur de café,,apparition,cab7a965-036e-4546-be89-2fdfcef58b5b,2024-08-14,06aad3cf-e488-4cf7-83f5-24857c62323d,2025-03-04,,1,,0,1,0
JEAN-RENE,CAZENEUVE,interets,SAS Les Angéliques,,apparition,cab7a965-036e-4546-be89-2fdfcef58b5b,2024-08-14,06aad3cf-e488-4cf7-83f5-24857c62323d,2025-03-04,,1,,0,1,0
JEAN-RENE,CAZENEUVE,interets,Sedrim 12,,apparition,cab7a965-036e-4546-be89-2fdfcef58b5b,2024-08-14,06aad3cf-e488-4cf7-83f5-24857c62323d,2025-03-04,,1,,0,1,0
Pierre,Cazeneuve,interets,Panem & Circenses Group,,position_initiale,,,70afff48-b668-427b-b547-f90f38aa04c9,2024-08-02,,53,,20140,,
Pierre,Cazeneuve,interets,Willo 32 Inc.,,position_initiale,,,70afff48-b668-427b-b547-f90f38aa04c9,2024-08-02,,37387,,37387,,
FRANCOIS XAVIER,CECCOLI,interets,FRUTICOR,,position_initiale,,,4db016a0-6bb8-47e5-aa6c-432ff29ca850,2024-09-03,,616,,1841840,,
FRANCOIS XAVIER,CECCOLI,interets,SAVERIU AGRI,,position_initiale,,,4db016a0-6bb8-47e5-aa6c-432ff29ca850,2024-09-03,,82905,,295115,,
FRANCOIS XAVIER,CECCOLI,interets,SAVERIU INVESTISSEMENTS,,position_initiale,,,4db016a0-6bb8-47e5-aa6c-432ff29ca850,2024-09-03,,425,,4730000,,
FRANCOIS XAVIER,CECCOLI,interets,SAVERIU IMMOBILIER,,apparition,4db016a0-6bb8-47e5-aa6c-432ff29ca850,2024-09-03,9ff9296c-794c-4a16-aca6-bc432629d323,2025-04-11,,1,,95,1,95
FRANCOIS XAVIER,CECCOLI,interets,SAVERIU INVESTISSEMENTS,,baisse,4db016a0-6bb8-47e5-aa6c-432ff29ca850,2024-09-03,9ff9296c-794c-4a16-aca6-bc432629d323,2025-04-11,425,425,4730000,4729905,0,-95
Aurelien,Centon,interets,0,,position_initiale,,,362b7281-9e7e-4a14-bc41-c4e366e5587c,2023-10-16,,0,,0,,
Corinne,CHABAUD,interets,OMAG-SUD AGRO-PERRET,,position_initiale,,,63c12ea5-3ca8-46bd-87f8-999e76ab28a4,2021-09-09,,73,,5238,,
Gilles,CHABERT,interets,Aeroports de Paris,,position_initiale,,,4be0be4b-0376-4be8-8765-d1c6016557bb,2021-08-24,,10,,1100,,
Gilles,CHABERT,interets,EDF,,position_initiale,,,4be0be4b-0376-4be8-8765-d1c6016557bb,2021-08-24,,31,,359,,
Gilles,CHABERT,interets,ENGIE,,position_initiale,,,4be0be4b-0376-4be8-8765-d1c6016557bb,2021-08-24,,57,,713,,
Gilles,CHABERT,interets,NATEXIS,,position_initiale,,,4be0be4b-0376-4be8-8765-d1c6016557bb,2021-08-24,,2070,,8408,,
Anne,Chain-Larché,interets,SCPI SOFIDY IMMORENTE,,position_initiale,,,3c4e687d-1a2f-4b0d-8bf3-7e485be9b51d,2023-11-08,,283,,108232,,
bernard,CHAIX,interets,SCP BRUNETTI,,position_initiale,,,bcd8876e-489f-476b-bc92-51c205b14f88,2022-04-11,,249,,0,,
bernard,CHAIX,interets,SCP CHARLES,,position_initiale,,,bcd8876e-489f-476b-bc92-51c205b14f88,2022-04-11,,249,,68000,,
bernard,CHAIX,interets,SCP MARIE LOUISE,,position_initiale,,,bcd8876e-489f-476b-bc92-51c205b14f88,2022-04-11,,249,,1000,,
bernard,CHAIX,interets,SARL CHAIX DECORATION,,apparition,bcd8876e-489f-476b-bc92-51c205b14f88,2022-04-11,1c60f76c-de80-4932-89d9-9d0825763462,2022-09-22,,99,,600000,99,600000
bernard,CHAIX,interets,SICI,,apparition,bcd8876e-489f-476b-bc92-51c205b14f88,2022-04-11,1c60f76c-de80-4932-89d9-9d0825763462,2022-09-22,,34,,5000,34,5000
bernard,CHAIX,interets,SARL CHAIX DECORATION,,hausse,bea8c39e-d94f-4d22-818f-0db6cf8451d0,2024-09-02,37c3389d-473a-4029-9fdf-61086516cf96,2025-03-07,99,99,600000,620000,0,20000
bernard,CHAIX,interets,SCP BRUNETTI,,hausse,bea8c39e-d94f-4d22-818f-0db6cf8451d0,2024-09-02,37c3389d-473a-4029-9fdf-61086516cf96,2025-03-07,249,249,0,40002,0,40002
bernard,CHAIX,interets,SCP CHARLES,,hausse,bea8c39e-d94f-4d22-818f-0db6cf8451d0,2024-09-02,37c3389d-473a-4029-9fdf-61086516cf96,2025-03-07,249,249,68000,149208,0,81208
bernard,CHAIX,interets,SCP MARIE LOUISE,,hausse,bea8c39e-d94f-4d22-818f-0db6cf8451d0,2024-09-02,37c3389d-473a-4029-9fdf-61086516cf96,2025-03-07,249,249,1000,13149,0,12149
bernard,CHAIX,interets,SICI,,baisse,bea8c39e-d94f-4d22-818f-0db6cf8451d0,2024-09-02,37c3389d-473a-4029-9fdf-61086516cf96,2025-03-07,34,34,5000,340,0,-4660
SANDRINE,CHAIX,interets,SD CONSULTING,,position_initiale,,,2d2e72a0-f9e9-4db6-abc0-b3eea24e7845,2021-09-12,,1,,1200,,
philippe,chalopin,interets,CREDIT AGRICOLE,,position_initiale,,,ca4607a3-e990-43ed-9ce5-92d8ecf11054,2021-08-06,,102,,153,,
philippe,chalopin,interets,SPFPLA ATLANTIC JURIS VENDEE ANJOU,,position_initiale,,,ca4607a3-e990-43ed-9ce5-92d8ecf11054,2021-08-06,,50,,4351,,
Mathilde,CHALUMEAU,interets,ILOA GESTION,,position_initiale,,,59dfa642-d4b6-48d0-9ea6-61685d8b082a,2021-08-31,,100,,2000,,
Mathilde,CHALUMEAU,interets,ILOA GESTION,,baisse,59dfa642-d4b6-48d0-9ea6-61685d8b082a,2021-08-31,ec934de5-47e9-4127-9749-60ceebef607d,2023-05-31,100,100,2000,0,0,-2000
Dominique,Chalumeaux,interets,OL Groupe,,position_initiale,,,64712dc6-8c6b-4c64-b6d7-fcb4a6c32901,2021-07-15,,500,,1150,,
Jean Marc,CHANUSSOT,interets,SARL ETALON,,apparition,0e2c212b-7703-4b36-bd09-8346951869e9,2026-04-17,cab45c29-7ef4-4f46-b5b0-0a7a16bb15b0,2026-07-01,,2085,,200000,2085,200000
LUC,CHAPOTON,interets,EURL ATHENA CONSEILS,,position_initiale,,,806152a6-1b79-4fdf-8e60-55d6d599f89d,2024-02-28,,100,,3500,,
Arnaud,Charpentier,interets,Valnesa SE,,position_initiale,,,d03547aa-1ef9-4808-a4a1-7d25cbff9e23,2021-08-27,,45,,501,,
Arnaud,Charpentier,interets,veolia environnement,,position_initiale,,,d03547aa-1ef9-4808-a4a1-7d25cbff9e23,2021-08-27,,10,,254,,
Alain,CHARRIER,interets,AIR-FRANCE KLM,,position_initiale,,,a154808b-7eed-42d1-a47c-b614225a86ee,2021-08-04,,5,,20,,
Alain,CHARRIER,interets,AIRBUS,,position_initiale,,,a154808b-7eed-42d1-a47c-b614225a86ee,2021-08-04,,10,,1167,,
Alain,CHARRIER,interets,EDF,,position_initiale,,,a154808b-7eed-42d1-a47c-b614225a86ee,2021-08-04,,6,,62,,
Alain,CHARRIER,interets,Orange,,position_initiale,,,a154808b-7eed-42d1-a47c-b614225a86ee,2021-08-04,,9,,85,,
Françoise,CHAZAL,interets,EARL D'ARCE,,position_initiale,,,74292119-5424-47ab-b85d-e1c8efce3f01,2022-05-06,,500,,0,,
Yannick,CHENEVARD,interets,CORUM ORIGIN,,position_initiale,,,b565aa5e-44de-46a8-9916-556a5429bd15,2024-09-07,,45,,49050,,
Yannick,CHENEVARD,interets,Corum XL,,position_initiale,,,b565aa5e-44de-46a8-9916-556a5429bd15,2024-09-07,,130,,19410,,
Yannick,CHENEVARD,interets,Epargne pierre,,position_initiale,,,b565aa5e-44de-46a8-9916-556a5429bd15,2024-09-07,,130,,20787,,
Yannick,CHENEVARD,interets,EUROVALYS,,position_initiale,,,b565aa5e-44de-46a8-9916-556a5429bd15,2024-09-07,,23,,18909,,
Yannick,CHENEVARD,interets,PIERVAL SANTE25,,position_initiale,,,b565aa5e-44de-46a8-9916-556a5429bd15,2024-09-07,,25,,20000,,
Yannick,CHENEVARD,interets,CORUM ORIGIN,,baisse,b565aa5e-44de-46a8-9916-556a5429bd15,2024-09-07,a549aebf-c9f7-4531-8733-4c815f8487be,2024-10-19,45,45,49050,44964,0,-4086
Yannick,CHENEVARD,interets,Corum XL,,hausse,b565aa5e-44de-46a8-9916-556a5429bd15,2024-09-07,a549aebf-c9f7-4531-8733-4c815f8487be,2024-10-19,130,130,19410,22308,0,2898
Yannick,CHENEVARD,interets,Epargne pierre,,hausse,b565aa5e-44de-46a8-9916-556a5429bd15,2024-09-07,a549aebf-c9f7-4531-8733-4c815f8487be,2024-10-19,130,130,20787,24336,0,3549
Yannick,CHENEVARD,interets,EUROVALYS,,hausse,b565aa5e-44de-46a8-9916-556a5429bd15,2024-09-07,a549aebf-c9f7-4531-8733-4c815f8487be,2024-10-19,23,23,18909,19563,0,654
Yannick,CHENEVARD,interets,PIERVAL SANTE25,,hausse,b565aa5e-44de-46a8-9916-556a5429bd15,2024-09-07,a549aebf-c9f7-4531-8733-4c815f8487be,2024-10-19,25,25,20000,22820,0,2820
James,CHERON,interets,ADP,,position_initiale,,,1888b5b8-c828-4aca-94f7-43edf104602c,2021-08-24,,9,,822,,
James,CHERON,interets,ADUX,,position_initiale,,,1888b5b8-c828-4aca-94f7-43edf104602c,2021-08-24,,3,,4,,
James,CHERON,interets,Air Liquide,,position_initiale,,,1888b5b8-c828-4aca-94f7-43edf104602c,2021-08-24,,175,,24010,,
James,CHERON,interets,APRIL,,position_initiale,,,1888b5b8-c828-4aca-94f7-43edf104602c,2021-08-24,,12,,264,,
James,CHERON,interets,ARKEMA,,position_initiale,,,1888b5b8-c828-4aca-94f7-43edf104602c,2021-08-24,,2,,170,,
James,CHERON,interets,CHARGEURS,,position_initiale,,,1888b5b8-c828-4aca-94f7-43edf104602c,2021-08-24,,25,,333,,
James,CHERON,interets,Danone,,position_initiale,,,1888b5b8-c828-4aca-94f7-43edf104602c,2021-08-24,,120,,6679,,
James,CHERON,interets,ENGIE,,position_initiale,,,1888b5b8-c828-4aca-94f7-43edf104602c,2021-08-24,,48,,528,,
James,CHERON,interets,GETLINK,,position_initiale,,,1888b5b8-c828-4aca-94f7-43edf104602c,2021-08-24,,66,,847,,
James,CHERON,interets,Hermes,,position_initiale,,,1888b5b8-c828-4aca-94f7-43edf104602c,2021-08-24,,2,,1466,,
James,CHERON,interets,HIPAY,,position_initiale,,,1888b5b8-c828-4aca-94f7-43edf104602c,2021-08-24,,4,,14,,
James,CHERON,interets,L'Oreal,,position_initiale,,,1888b5b8-c828-4aca-94f7-43edf104602c,2021-08-24,,50,,13930,,
James,CHERON,interets,LVMH,,position_initiale,,,1888b5b8-c828-4aca-94f7-43edf104602c,2021-08-24,,50,,20295,,
James,CHERON,interets,MAUREL AND PROM,,position_initiale,,,1888b5b8-c828-4aca-94f7-43edf104602c,2021-08-24,,54,,94,,
James,CHERON,interets,RECYCLEX,,position_initiale,,,1888b5b8-c828-4aca-94f7-43edf104602c,2021-08-24,,60,,110,,
James,CHERON,interets,TOTAL,,position_initiale,,,1888b5b8-c828-4aca-94f7-43edf104602c,2021-08-24,,64,,2174,,
James,CHERON,interets,VALLOUREC,,position_initiale,,,1888b5b8-c828-4aca-94f7-43edf104602c,2021-08-24,,10,,46,,
sylvie,CHEVALLIER,interets,NOTAPIERRE,,position_initiale,,,93c7b7eb-314b-45ca-822d-7715296994df,2021-09-29,,224,,80639,,
Cécile,Chevillard,interets,AB SCIENCE,,position_initiale,,,6f4bb29f-1f9c-4338-9a44-1651fee8eb97,2022-04-26,,111,,1498,,
Cécile,Chevillard,interets,Bic,,position_initiale,,,6f4bb29f-1f9c-4338-9a44-1651fee8eb97,2022-04-26,,30,,1695,,
Cécile,Chevillard,interets,CASINO GUICHARD PERRACHON,,position_initiale,,,6f4bb29f-1f9c-4338-9a44-1651fee8eb97,2022-04-26,,1045,,27951,,
Cécile,Chevillard,interets,CNova,,position_initiale,,,6f4bb29f-1f9c-4338-9a44-1651fee8eb97,2022-04-26,,80,,736,,
Cécile,Chevillard,interets,Novacyt,,position_initiale,,,6f4bb29f-1f9c-4338-9a44-1651fee8eb97,2022-04-26,,262,,997,,
Cécile,Chevillard,interets,Rallye,,position_initiale,,,6f4bb29f-1f9c-4338-9a44-1651fee8eb97,2022-04-26,,1785,,12741,,
Cécile,Chevillard,interets,Vallourec,,position_initiale,,,6f4bb29f-1f9c-4338-9a44-1651fee8eb97,2022-04-26,,76,,570,,
Marie-Gabrielle,CHEVILLON,interets,HACHETTE ET DRIOUT INDUSTRIES,,apparition,e0565a47-5660-4c97-b554-9293a363692f,2021-09-29,c7fdb848-ca3b-4e9e-acf3-2d1ec4e49be3,2021-11-28,,269,,-2,269,-2
Marie-Gabrielle,CHEVILLON,interets,HACHETTE ET DRIOUT INDUSTRIES,,disparition,c7fdb848-ca3b-4e9e-acf3-2d1ec4e49be3,2021-11-28,e4ffaaac-e616-42ee-81b2-0f6043520db0,2022-01-30,269,,-2,,-269,2
Guillaume,CHEVROLLIER,interets,PEA,,position_initiale,,,a4e0984e-335c-4df8-9df9-bd2abac7beab,2023-10-29,,3,,23134,,
MYRIAM,CHIAPPA - KIGER,interets,EURL KIGER,,position_initiale,,,1e1a4556-5d5a-4114-8a70-4493832cfecf,2025-10-30,,100,,1000,,
MYRIAM,CHIAPPA - KIGER,interets,EURL KIGER,,disparition,1e1a4556-5d5a-4114-8a70-4493832cfecf,2025-10-30,c41e8ded-bf4e-4ff0-a890-ad7a0f5f3411,2026-01-06,100,,1000,,-100,-1000
SOPHIA,CHIKIROU,interets,MEDIASCOP,,position_initiale,,,1b83c5da-24ca-4c18-8d1e-e3df3a153fb2,2024-08-06,,1500,,75647,,
SOPHIA,CHIKIROU,interets,MEDIASCOP,,hausse,1b83c5da-24ca-4c18-8d1e-e3df3a153fb2,2024-08-06,fa9f7f02-dc14-4a48-9eef-4f72a785344b,2024-11-17,1500,1500,75647,184059,0,108412
Jean-François,Chorain,interets,SNC CHORAIN Frères,,position_initiale,,,ebb18d15-3139-4d9d-8d9e-a7ae796d0956,2021-09-18,,4345,,225000,,
Paul,Christophle,interets,Crédit Mutuel,,position_initiale,,,f00b02af-6250-4c22-bcfb-9bd7bc789981,2024-08-26,,41594,,41594,,
Paul,Christophle,interets,Foncière Terre de liens,,apparition,f00b02af-6250-4c22-bcfb-9bd7bc789981,2024-08-26,5049b5fb-d7ed-461f-b239-eabec4a4491e,2025-01-24,,1,,40000,1,40000
Danièle,Cinieri,interets,Andamilauci,,position_initiale,,,53f5d812-c069-4e47-bbd4-c4ed6c3056d1,2021-08-06,,9147,,160500,,
Danièle,Cinieri,interets,capgemini,,position_initiale,,,53f5d812-c069-4e47-bbd4-c4ed6c3056d1,2021-08-06,,8,,190,,
Danièle,Cinieri,interets,JML INVEST,,position_initiale,,,53f5d812-c069-4e47-bbd4-c4ed6c3056d1,2021-08-06,,1051,,11950,,
Danièle,Cinieri,interets,la française des jeux,,position_initiale,,,53f5d812-c069-4e47-bbd4-c4ed6c3056d1,2021-08-06,,120,,45,,
Danièle,Cinieri,interets,Les 4 C,,position_initiale,,,53f5d812-c069-4e47-bbd4-c4ed6c3056d1,2021-08-06,,4000,,5000,,
Danièle,Cinieri,interets,teleperformance,,position_initiale,,,53f5d812-c069-4e47-bbd4-c4ed6c3056d1,2021-08-06,,4,,360,,
DINO,CINIERI,interets,C3I SARL,,position_initiale,,,f423580b-7e28-4d5d-8c5b-dddc60807675,2025-09-03,,213406,,5247433,,
Charline,Claveau,interets,SARL L'atelier Basile,,position_initiale,,,bdcc20aa-a84c-44c8-b0f8-02541b540122,2021-09-17,,700,,0,,
Christophe,Clergeau,interets,Alstom,,position_initiale,,,26019b33-2e44-4ccd-ae15-faf6137ec182,2024-09-07,,60,,3454,,
Christophe,Clergeau,interets,Aramis group,,position_initiale,,,26019b33-2e44-4ccd-ae15-faf6137ec182,2024-09-07,,450,,2358,,
Christophe,Clergeau,interets,ATOS,,position_initiale,,,26019b33-2e44-4ccd-ae15-faf6137ec182,2024-09-07,,810,,563,,
Christophe,Clergeau,interets,Bigben interactiv,,position_initiale,,,26019b33-2e44-4ccd-ae15-faf6137ec182,2024-09-07,,300,,1561,,
Christophe,Clergeau,interets,C2Strategies,,position_initiale,,,26019b33-2e44-4ccd-ae15-faf6137ec182,2024-09-07,,100,,26400,,
Christophe,Clergeau,interets,Clariane,,position_initiale,,,26019b33-2e44-4ccd-ae15-faf6137ec182,2024-09-07,,100,,175,,
Christophe,Clergeau,interets,ECOMIAM,,position_initiale,,,26019b33-2e44-4ccd-ae15-faf6137ec182,2024-09-07,,400,,2112,,
Christophe,Clergeau,interets,Eurofins,,position_initiale,,,26019b33-2e44-4ccd-ae15-faf6137ec182,2024-09-07,,50,,5274,,
Christophe,Clergeau,interets,FI 42 factory 2 / Atmotrack,,position_initiale,,,26019b33-2e44-4ccd-ae15-faf6137ec182,2024-09-07,,4000,,4000,,
Christophe,Clergeau,interets,FI For your video 1,,position_initiale,,,26019b33-2e44-4ccd-ae15-faf6137ec182,2024-09-07,,4000,,4000,,
Christophe,Clergeau,interets,FI Geps techno 1,,position_initiale,,,26019b33-2e44-4ccd-ae15-faf6137ec182,2024-09-07,,4000,,4000,,
Christophe,Clergeau,interets,FI Nateo santé 1,,position_initiale,,,26019b33-2e44-4ccd-ae15-faf6137ec182,2024-09-07,,4000,,4000,,
Christophe,Clergeau,interets,FI Tilgreen 1,,position_initiale,,,26019b33-2e44-4ccd-ae15-faf6137ec182,2024-09-07,,400,,4000,,
Christophe,Clergeau,interets,Genfit,,position_initiale,,,26019b33-2e44-4ccd-ae15-faf6137ec182,2024-09-07,,600,,2984,,
Christophe,Clergeau,interets,HDF,,position_initiale,,,26019b33-2e44-4ccd-ae15-faf6137ec182,2024-09-07,,100,,618,,
Christophe,Clergeau,interets,Hydrogen refueling,,position_initiale,,,26019b33-2e44-4ccd-ae15-faf6137ec182,2024-09-07,,120,,578,,
Christophe,Clergeau,interets,Largo,,position_initiale,,,26019b33-2e44-4ccd-ae15-faf6137ec182,2024-09-07,,200,,372,,
Christophe,Clergeau,interets,McPhy Energy,,position_initiale,,,26019b33-2e44-4ccd-ae15-faf6137ec182,2024-09-07,,100,,1025,,
Christophe,Clergeau,interets,Nacon,,position_initiale,,,26019b33-2e44-4ccd-ae15-faf6137ec182,2024-09-07,,60,,62,,
Christophe,Clergeau,interets,Neoen,,position_initiale,,,26019b33-2e44-4ccd-ae15-faf6137ec182,2024-09-07,,133,,5152,,
Christophe,Clergeau,interets,Realités,,position_initiale,,,26019b33-2e44-4ccd-ae15-faf6137ec182,2024-09-07,,10,,2632,,
Christophe,Clergeau,interets,Sanofi,,position_initiale,,,26019b33-2e44-4ccd-ae15-faf6137ec182,2024-09-07,,30,,4704,,
Christophe,Clergeau,interets,Sartorius,,position_initiale,,,26019b33-2e44-4ccd-ae15-faf6137ec182,2024-09-07,,10,,1787,,
Christophe,Clergeau,interets,Société générale,,position_initiale,,,26019b33-2e44-4ccd-ae15-faf6137ec182,2024-09-07,,60,,1309,,
Christophe,Clergeau,interets,Soitec,,position_initiale,,,26019b33-2e44-4ccd-ae15-faf6137ec182,2024-09-07,,13,,1347,,
Christophe,Clergeau,interets,Spineguard,,position_initiale,,,26019b33-2e44-4ccd-ae15-faf6137ec182,2024-09-07,,3000,,704,,
Christophe,Clergeau,interets,Squadrone system,,position_initiale,,,26019b33-2e44-4ccd-ae15-faf6137ec182,2024-09-07,,55,,3057,,
Christophe,Clergeau,interets,Sword group,,position_initiale,,,26019b33-2e44-4ccd-ae15-faf6137ec182,2024-09-07,,70,,2124,,
Christophe,Clergeau,interets,Trigano,,position_initiale,,,26019b33-2e44-4ccd-ae15-faf6137ec182,2024-09-07,,20,,2000,,
Christophe,Clergeau,interets,Ubisoft,,position_initiale,,,26019b33-2e44-4ccd-ae15-faf6137ec182,2024-09-07,,200,,2944,,
Christophe,Clergeau,interets,Valneva,,position_initiale,,,26019b33-2e44-4ccd-ae15-faf6137ec182,2024-09-07,,1150,,3542,,
Christophe,Clergeau,interets,Voyageurs du monde,,position_initiale,,,26019b33-2e44-4ccd-ae15-faf6137ec182,2024-09-07,,20,,2864,,
Christophe,Clergeau,interets,WICAP Neoline développement,,position_initiale,,,26019b33-2e44-4ccd-ae15-faf6137ec182,2024-09-07,,40,,4000,,
Christophe,Clergeau,interets,Wordline,,position_initiale,,,26019b33-2e44-4ccd-ae15-faf6137ec182,2024-09-07,,50,,1700,,
Christophe,Clergeau,interets,C2Strategies,,hausse,26019b33-2e44-4ccd-ae15-faf6137ec182,2024-09-07,ae6e7695-dd57-4c9b-b6ca-7847d5992130,2025-04-18,100,100,26400,124435,0,98035
Olivier,CLODONG,interets,Crédit Agricole,,position_initiale,,,4cea66d9-c4c9-487c-b889-43178c2b623a,2023-04-20,,6833,,10515,,
Olivier,CLODONG,interets,Orange,,position_initiale,,,4cea66d9-c4c9-487c-b889-43178c2b623a,2023-04-20,,150,,1706,,
christian,Coail,interets,actins pea credit agricole,,apparition,e188f370-522d-4afd-980c-246a3f169685,2021-08-28,290c67f1-0c4f-44bc-988c-2490f10ad996,2021-11-25,,1927,,22233,1927,22233
christian,Coail,interets,ACTIONS BNP PEA,,apparition,e188f370-522d-4afd-980c-246a3f169685,2021-08-28,290c67f1-0c4f-44bc-988c-2490f10ad996,2021-11-25,,600,,30054,600,30054
christian,Coail,interets,natixis dans pea,,apparition,e188f370-522d-4afd-980c-246a3f169685,2021-08-28,290c67f1-0c4f-44bc-988c-2490f10ad996,2021-11-25,,650,,2600,650,2600
christian,Coail,interets,PARTS SOCIALES CREDIT AGRICOLEOLe,,apparition,e188f370-522d-4afd-980c-246a3f169685,2021-08-28,290c67f1-0c4f-44bc-988c-2490f10ad996,2021-11-25,,1000,,15000,1000,15000
christian,Coail,interets,PEE credit agricole,,apparition,e188f370-522d-4afd-980c-246a3f169685,2021-08-28,290c67f1-0c4f-44bc-988c-2490f10ad996,2021-11-25,,3063,,38660,3063,38660
didier,codorniou,interets,SAS HJBA,,position_initiale,,,d520186c-f9ca-4d37-91bb-9683f0a88544,2021-12-03,,1773,,17730,,
JEAN-PIERRE,COLIN,interets,agora conseil,,position_initiale,,,396f4401-00a1-4fe9-81dc-298ddd98af07,2021-08-18,,499,,7600,,
JEAN-PIERRE,COLIN,interets,JPCBROKER,,position_initiale,,,396f4401-00a1-4fe9-81dc-298ddd98af07,2021-08-18,,100,,15000,,
JEAN-PIERRE,COLIN,interets,les chandelles de l'atlas,,position_initiale,,,396f4401-00a1-4fe9-81dc-298ddd98af07,2021-08-18,,17,,1700,,
JEAN-PIERRE,COLIN,interets,agora conseil,,hausse,396f4401-00a1-4fe9-81dc-298ddd98af07,2021-08-18,34d00658-709a-4a75-951f-878d9968e926,2022-09-01,499,499,7600,98000,0,90400
JEAN-PIERRE,COLIN,interets,JPCBROKER,,hausse,396f4401-00a1-4fe9-81dc-298ddd98af07,2021-08-18,34d00658-709a-4a75-951f-878d9968e926,2022-09-01,100,100,15000,220000,0,205000
JEAN-PIERRE,COLIN,interets,les chandelles de l'atlas,,hausse,396f4401-00a1-4fe9-81dc-298ddd98af07,2021-08-18,34d00658-709a-4a75-951f-878d9968e926,2022-09-01,17,17,1700,1734,0,34
JEAN-PIERRE,COLIN,interets,SC CLUB HOTEL SERRE CHEVALIER,,apparition,396f4401-00a1-4fe9-81dc-298ddd98af07,2021-08-18,34d00658-709a-4a75-951f-878d9968e926,2022-09-01,,1,,1000,1,1000
JEAN-PIERRE,COLIN,interets,SODEPAJ,,apparition,396f4401-00a1-4fe9-81dc-298ddd98af07,2021-08-18,34d00658-709a-4a75-951f-878d9968e926,2022-09-01,,1,,1000,1,1000
JEAN-PIERRE,COLIN,interets,agora conseil,,baisse,47701de0-c9af-46dd-b4b5-bed5c1133e54,2022-09-07,ebc18580-5c4e-4334-8031-00618f5989ca,2023-05-31,499,249,98000,50000,-250,-48000
JEAN-PIERRE,COLIN,interets,les chandelles de l'atlas,,hausse,47701de0-c9af-46dd-b4b5-bed5c1133e54,2022-09-07,ebc18580-5c4e-4334-8031-00618f5989ca,2023-05-31,17,34,1734,3468,17,1734
JEAN-PIERRE,COLIN,interets,agora conseil,,hausse,db1d894e-e224-4908-b88d-3af3941690ee,2023-09-28,fe848137-b739-4c95-a625-821717de5e1d,2024-04-29,249,250,50000,50000,1,0
Frederic,COLLART,interets,GEPAC,,position_initiale,,,a54da107-eece-42d5-bcd6-3cb9830b8de9,2021-08-29,,630,,250000,,
PAUL ANDRE,COLOMBANI,interets,bafacool,,position_initiale,,,451dada1-6d20-49a8-8c10-5427ab80c2df,2024-09-09,,400,,400,,
PAUL ANDRE,COLOMBANI,interets,scm cabinet medical,,apparition,451dada1-6d20-49a8-8c10-5427ab80c2df,2024-09-09,250782ea-df9d-4fba-8f7a-3f5658dae5e6,2025-05-20,,1,,150,1,150
Pierre,Cordier,interets,Crédit Mutuel,,apparition,76ecc319-b272-4995-90ad-01f9042e7025,2024-07-23,4e45ffd0-4ad6-4323-b549-0f00141b32bd,2025-01-21,,50973,,50973,50973,50973
Josiane,CORNELOUP,interets,SAS NCH,,position_initiale,,,56fedc78-38c0-41c8-b88b-23156cfe9dfd,2024-09-02,,204,,20504,,
PATRICK,COSSET,interets,néant,,position_initiale,,,c553699b-bee0-4045-bac6-249f71007096,2022-11-29,,0,,0,,
Chantal,COTTEREAU,interets,FCIPI Truffle,,position_initiale,,,6a4230a7-5e1e-4122-ac3b-3e9770a049f3,2021-08-31,,20,,1563,,
Laurence,COULON,interets,SARL REVIGEC,,position_initiale,,,d1a63d73-c718-411f-8d5c-489fe426be1e,2021-09-18,,2032,,90000,,
Edouard,COURTIAL,interets,SAS FARM'R,,apparition,b1a513e0-0782-4cfe-af01-cf55da624771,2023-11-20,200e25a6-d261-41c4-ac81-c0a384fac991,2024-02-12,,80,,4972,80,4972
Edouard,COURTIAL,interets,SAS FC CHAMBLY OISE,,apparition,b1a513e0-0782-4cfe-af01-cf55da624771,2023-11-20,200e25a6-d261-41c4-ac81-c0a384fac991,2024-02-12,,1,,1000,1,1000
Edouard,COURTIAL,interets,SAS FARM'R,,disparition,cd3e96e0-4dc6-49c1-a958-225dbfb3ac3d,2024-05-07,2a7fc6a8-7355-410a-8f43-ffade5774932,2025-05-19,80,,4972,,-80,-4972
JEAN-PHILIPPE,COURTOIS,interets,AUCUNE,,position_initiale,,,d23961f9-e59b-40b6-9c09-fdd1c39d7a82,2021-09-09,,0,,0,,
Sylvie,COUTHERUT,interets,C.Y. Constructions,,apparition,8f7501c7-6895-48f4-b3c6-3378a1c8c52e,2021-09-13,255a3820-dd9e-46c6-94a6-b785a1d97bb0,2022-02-07,,1,,2300,1,2300
Dominique,COUTIERE,interets,PASKAP,,position_initiale,,,a2225105-10a6-4235-a719-52474ea3ba81,2021-09-10,,800,,44932,,
Dominique,COUTIERE,interets,SCDC,,position_initiale,,,a2225105-10a6-4235-a719-52474ea3ba81,2021-09-10,,23508,,68903000,,
Karine,CRESSON,interets,EURL EQUILIBRE,,position_initiale,,,43d6cbf3-ef55-4c74-b4c9-ca3e8e75a765,2021-09-22,,100,,0,,
Karine,CRESSON,interets,EURL EQUILIBRE,,hausse,43d6cbf3-ef55-4c74-b4c9-ca3e8e75a765,2021-09-22,e15287f4-9483-4549-9bed-a632f93e96b5,2023-03-11,100,100,0,1000,0,1000
Georges,Cristiani,interets,CETC,,position_initiale,,,716a4c36-8117-42f5-bfcb-6ba7f52de4a3,2022-01-03,,100,,26600,,
daniel,cueff,interets,Energie partagée,,apparition,57c5244e-e9e4-414d-ace2-16f6d795efd2,2022-01-31,36df1848-ff1b-4254-b8ec-876e9cc7d537,2023-02-04,,1,,102,1,102
daniel,cueff,interets,PEA CMB,,apparition,57c5244e-e9e4-414d-ace2-16f6d795efd2,2022-01-31,36df1848-ff1b-4254-b8ec-876e9cc7d537,2023-02-04,,0,,26788,0,26788
daniel,cueff,interets,TY LOSQUET,,apparition,57c5244e-e9e4-414d-ace2-16f6d795efd2,2022-01-31,36df1848-ff1b-4254-b8ec-876e9cc7d537,2023-02-04,,3,,300,3,300
marie-laure,cuvelier,interets,Coop'Alpha,,position_initiale,,,002c2aae-c0e3-4056-8e4b-a804f56a9d25,2021-12-07,,48,,2400,,
marie-laure,cuvelier,interets,La Coopérative Tiers-Lieux,,position_initiale,,,002c2aae-c0e3-4056-8e4b-a804f56a9d25,2021-12-07,,24,,1200,,
Nicolas,FRANCOIS-DAINVILLE,interets,Air Liquide,,position_initiale,,,6615b0cb-64df-4cb5-9412-665e7a00409e,2021-07-25,,40,,5954,,
Nicolas,FRANCOIS-DAINVILLE,interets,Carrefour,,position_initiale,,,6615b0cb-64df-4cb5-9412-665e7a00409e,2021-07-25,,21,,330,,
Nicolas,FRANCOIS-DAINVILLE,interets,LVMH,,position_initiale,,,6615b0cb-64df-4cb5-9412-665e7a00409e,2021-07-25,,11,,7236,,
Nicolas,FRANCOIS-DAINVILLE,interets,Sanofi,,position_initiale,,,6615b0cb-64df-4cb5-9412-665e7a00409e,2021-07-25,,25,,2183,,
Nicolas,FRANCOIS-DAINVILLE,interets,Valneva,,position_initiale,,,6615b0cb-64df-4cb5-9412-665e7a00409e,2021-07-25,,15,,168,,
Ronan,Dantec,interets,EURL cine-collections,,apparition,b549b94a-ab3c-4793-807c-f2c958ef81b7,2023-12-03,cd39da80-bc3e-45b9-8db5-14293a800c87,2024-01-26,,1,,6964,1,6964
Gérald,Darmanin,patrimoine,Compte titre (Arkéa Direct),,position_initiale,,,d4449adc-cdf1-4752-8981-ab9925f6a7f2,2025-12-05,,,,0,,
NICOLE,DARRASSE,interets,sas clinique Delay,,position_initiale,,,383bb4b4-ba64-411a-91a4-9ae327e92661,2024-12-18,,2661,,1064400,,
Jordan,DA SILVA,interets,SAS DOM SECURITE FRANCE,,position_initiale,,,3217e12c-95ef-4a40-9d0a-71b962980a3a,2021-09-12,,1000,,0,,
Jordan,DA SILVA,interets,SASU JDINVEST,,position_initiale,,,3217e12c-95ef-4a40-9d0a-71b962980a3a,2021-09-12,,100,,600000,,
Jean-Paul,DASTILLUNG,interets,Crédit Mutuel,,position_initiale,,,080f810c-6a48-444b-b8c8-668bc7a409d0,2024-07-31,,53917,,53917,,
Raphaël,Daubet,interets,SCMDaubet Garcia Barrouilhet,,position_initiale,,,918d2c4d-9004-47c9-81e8-95f278db52eb,2023-12-03,,10,,1000,,
Romain,Daubié,interets,SELARL DAUBIE AVOCAT,,apparition,3cb1c890-7001-447e-a838-0542c300a453,2024-08-06,cb0fe852-71f6-4648-a7bb-4de5ddb574b0,2025-02-02,,100,,65000,100,65000
MARC,DAUBRESSE,interets,DADEAS,,position_initiale,,,8c992671-63fd-44de-bed5-d2d6b7543367,2023-11-29,,60,,600,,
François,DAUGERON,interets,Contrôle technique Boischaut Sud et de la Marche,,position_initiale,,,f1880c8b-6c1b-443f-9a96-e576ffe2973c,2021-08-26,,250,,64390,,
Valérie,Dauge,interets,Holding BICI,,apparition,34ae39cf-6c7c-4e3c-bbc5-19ad624c4d0f,2022-12-04,a92b7a3b-85db-4413-b5d3-8d602e40ba2b,2023-03-01,,20,,400,20,400
Olivier,DAVID,interets,Crédit Coopératif,,apparition,b4b65896-b088-44b5-ab12-5683b2155619,2021-08-18,8a51165a-2616-4f53-8e14-8a4ea96311a3,2023-02-08,,50,,777,50,777
Sébastien,DAVID,interets,SARL SANIT SERVICE,,position_initiale,,,40e07a8d-9eaa-40e2-b4fb-3193a94ad7ea,2022-03-23,,21250,,23000,,
Sébastien,DAVID,interets,SARL THIBAL DISTRIBUTION,,position_initiale,,,40e07a8d-9eaa-40e2-b4fb-3193a94ad7ea,2022-03-23,,640,,850000,,
Hendrik,Davi,interets,Banque Populaire,,position_initiale,,,a242c58e-3a5d-4fbe-a56f-276f337cf64c,2024-08-26,,6,,80,,
Arnaud,Decagny,interets,MAJE SOLUTION,,position_initiale,,,51a60ea1-bcee-423e-b262-897d6f88e43f,2021-07-16,,100,,2000,,
MAEL,DE CALAN,interets,Al Louarn Conseil SASU,,position_initiale,,,832ca758-d822-4035-8fff-45ecfbf81082,2021-09-12,,1000,,55000,,
MAEL,DE CALAN,interets,Corum Butler SAS,,position_initiale,,,832ca758-d822-4035-8fff-45ecfbf81082,2021-09-12,,71570,,1000000,,
MAEL,DE CALAN,interets,Al Louarn Conseil SASU,,baisse,1a077420-ab4f-4cd8-9632-c45c11130c35,2021-12-14,0c44cc22-0ad7-4b36-bb04-ac739bb68d00,2023-05-13,1000,1000,55000,52000,0,-3000
MAEL,DE CALAN,interets,Corum Butler SAS,,disparition,1a077420-ab4f-4cd8-9632-c45c11130c35,2021-12-14,0c44cc22-0ad7-4b36-bb04-ac739bb68d00,2023-05-13,71570,,1000000,,-71570,-1000000
François,DE CANSON,interets,SAS BELLISA,,position_initiale,,,f69c326c-37f5-4524-9d7a-d4398adc414d,2021-07-13,,65005,,1200000,,
François,DE CANSON,interets,SAS CAMPING DU PANSARD,,position_initiale,,,f69c326c-37f5-4524-9d7a-d4398adc414d,2021-07-13,,3000,,2000000,,
François,DE CANSON,interets,SARL JANY FRANCE,,position_initiale,,,f69c326c-37f5-4524-9d7a-d4398adc414d,2021-07-13,,500,,139000,,
Paolo,DE CARVALHO,interets,D2C ASSOCIES,,apparition,7617897e-cfaf-4162-8033-3b4e8710308a,2022-12-09,612b5453-e299-4e5b-9f31-2a3fe5827a24,2025-05-20,,50,,16000,50,16000
Bénédicte,de Choulot,interets,DOUCHET DE LAVENNE ASSOCIES,,position_initiale,,,27dca0b6-f5e9-4214-9415-1d68cdde4dee,2021-08-27,,10,,10440,,
Bénédicte,de Choulot,interets,EURL FBL,,position_initiale,,,27dca0b6-f5e9-4214-9415-1d68cdde4dee,2021-08-27,,100,,62640,,
Charles-Amédée,de COURSON,interets,SAS Agrigaz,,position_initiale,,,33b22dc9-20ca-4b5d-9862-c7facb178988,2024-07-25,,1350,,15000,,
Charles-Amédée,de COURSON,interets,HAFFNER ENERGY,,position_initiale,,,33b22dc9-20ca-4b5d-9862-c7facb178988,2024-07-25,,444,,2735,,
Charles-Amédée,de COURSON,interets,SAS Initiative Forêt,,position_initiale,,,33b22dc9-20ca-4b5d-9862-c7facb178988,2024-07-25,,50,,1500,,
Charles-Amédée,de COURSON,interets,Crédit Agricole,,apparition,33b22dc9-20ca-4b5d-9862-c7facb178988,2024-07-25,fdd6e7ac-97a7-482d-ace7-bc39604a8342,2025-03-27,,1455,,2183,1455,2183
Charles-Amédée,de COURSON,interets,SAS Initiative Forêt,,disparition,33b22dc9-20ca-4b5d-9862-c7facb178988,2024-07-25,fdd6e7ac-97a7-482d-ace7-bc39604a8342,2025-03-27,50,,1500,,-50,-1500
Daniel,DEDIES,interets,123 soleil,,position_initiale,,,6f0a5ed6-0855-4e0e-a7a8-1e24509387d8,2021-08-17,,3,,300,,
Daniel,DEDIES,interets,Alzonne Energies,,position_initiale,,,6f0a5ed6-0855-4e0e-a7a8-1e24509387d8,2021-08-17,,10,,500,,
Daniel,DEDIES,interets,Les Energies de la Cité,,position_initiale,,,6f0a5ed6-0855-4e0e-a7a8-1e24509387d8,2021-08-17,,50,,500,,
HUBERT,de JENLIS,interets,AIR FRANCE KLM,,apparition,c7d44e9b-b4fd-4b41-ae52-5d03a7fb3928,2021-07-20,bad4544e-f476-49e2-a464-e5a4dd34045a,2021-10-27,,11,,42,11,42
HUBERT,de JENLIS,interets,JENBARD INVEST,,apparition,9448fc1b-e081-431f-b7f8-4dd685ea5bc7,2022-07-25,0f340aca-d3b2-47b9-9f66-5af4652f93e9,2025-02-17,,4500,,45000,4500,45000
Marie Noelle,delaire,interets,Parts détenues au sein du Crédit Mutuel,,apparition,155d2f96-2e2c-49dd-ba9f-be29b94be085,2024-03-21,a8e5a477-8d60-44e0-aaad-d9c810424783,2024-10-14,,35933,,39925,35933,39925
Stéphane,DELAUTRETTE,interets,COFIMAGE 34,,position_initiale,,,b9c37b0f-ed4f-4b49-ae44-4a34b53a7c37,2024-07-26,,10,,10000,,
Stéphane,DELAUTRETTE,interets,COFIMAGE 35,,position_initiale,,,b9c37b0f-ed4f-4b49-ae44-4a34b53a7c37,2024-07-26,,10,,10000,,
Stéphane,DELAUTRETTE,interets,COFIMAGE 36,,position_initiale,,,b9c37b0f-ed4f-4b49-ae44-4a34b53a7c37,2024-07-26,,15,,15000,,
Charles,de la Verpillière,interets,VVR INTERNATIONAL,,apparition,418b7705-d5c0-4808-8a71-7166bf724845,2022-09-21,2ccf6120-4c4b-4105-8615-de5410cd2bd0,2023-01-31,,208,,2976,208,2976
Hervé,de Lépinau,interets,SELARL Alégria Avocat,,position_initiale,,,243a1b40-4236-4e82-90b0-3ee3df550a34,2024-08-29,,100,,90000,,
Hervé,de Lépinau,interets,SELARL Alégria Avocat,,hausse,243a1b40-4236-4e82-90b0-3ee3df550a34,2024-08-29,8799bee9-392d-42ce-88fa-07fbbb7a7b1e,2025-06-05,100,304,90000,70000,204,-20000
Martin,Delord,interets,CRCA,,apparition,9fd7df2d-af64-4714-b482-2d88dbb439e5,2021-08-12,1a8bbec1-5871-4815-9f13-fd070ecc5f3f,2025-05-21,,8722,,1308,8722,1308
Olwen,Dénès,interets,Crédit Coopératif,,position_initiale,,,7384ac2f-1fdc-45eb-8477-6568635b20a8,2021-09-16,,1,,15,,
Bertrand,DENIAUD,interets,SCP LAPOUGE EMONNIER SERGENT DENIAUD GUEYE,,position_initiale,,,3ad0b05a-cda7-4d2b-a2d7-789fadebcf85,2021-08-29,,2356,,1,,
Bertrand,DENIAUD,interets,veolia environnement,,position_initiale,,,3ad0b05a-cda7-4d2b-a2d7-789fadebcf85,2021-08-29,,30,,857,,
Valéry,Denis,interets,Biogazol Villemereuil,,position_initiale,,,71dabfd2-e3b3-40e7-9a30-4b5b7ef74542,2021-08-11,,4000,,40000,,
Valéry,Denis,interets,Moodwork,,position_initiale,,,71dabfd2-e3b3-40e7-9a30-4b5b7ef74542,2021-08-11,,5223,,100000,,
Coralie,DENOUES,interets,ADEPRO,,position_initiale,,,9024165b-a8bb-40ac-9c73-c5916a8fb677,2021-07-28,,3000,,30000,,
Coralie,DENOUES,interets,SARL DENOUES & Co,,position_initiale,,,9024165b-a8bb-40ac-9c73-c5916a8fb677,2021-07-28,,18000,,18000,,
caroline,depallens,interets,SARL OPTIQUE LUNETTERIE DEPALLENS,,position_initiale,,,1a89cff9-3927-49f9-8f89-3da6e28f3da0,2021-10-19,,500,,0,,
Constance,de Pélichy,interets,Turboself Groupe,,position_initiale,,,e8fb6bc5-302f-4652-ba6b-f8b107dbdeb7,2024-09-06,,1000,,475000,,
Constance,de Pélichy,interets,Turboself Groupe,,hausse,e8fb6bc5-302f-4652-ba6b-f8b107dbdeb7,2024-09-06,41aa1910-3aa7-4287-9d87-9004f85f5d25,2025-03-05,1000,2000,475000,834000,1000,359000
jean-luc,deprince,interets,earl de duges,,position_initiale,,,fa2ae980-e033-445c-b60b-08e213a36370,2021-11-22,,207,,3187,,
François,DE RUGY,interets,Ecologica Invest,,position_initiale,,,5a398419-ad31-4cd8-af69-5bb4b46cc96f,2025-09-09,,100,,3000,,
guillaume,de russé,interets,AFRIASIA BANK LTD,,apparition,7c8281af-fd6e-48b7-b5af-7ae705b30526,2022-10-04,89662708-4457-4b71-8492-8fef740695f6,2024-07-04,,35,,1,35,1
guillaume,de russé,interets,ALTEO LIMITED,,apparition,7c8281af-fd6e-48b7-b5af-7ae705b30526,2022-10-04,89662708-4457-4b71-8492-8fef740695f6,2024-07-04,,31835,,6154,31835,6154
guillaume,de russé,interets,AUTOMATIC SYSTEMS LTD,,apparition,7c8281af-fd6e-48b7-b5af-7ae705b30526,2022-10-04,89662708-4457-4b71-8492-8fef740695f6,2024-07-04,,194,,69,194,69
guillaume,de russé,interets,CIEL LIMITED,,apparition,7c8281af-fd6e-48b7-b5af-7ae705b30526,2022-10-04,89662708-4457-4b71-8492-8fef740695f6,2024-07-04,,195544,,7467,195544,7467
guillaume,de russé,interets,COMPAGNIE DE MONT CHOISY,,apparition,7c8281af-fd6e-48b7-b5af-7ae705b30526,2022-10-04,89662708-4457-4b71-8492-8fef740695f6,2024-07-04,,179526,,38239,179526,38239
guillaume,de russé,interets,COMPAGNIE SUCRIERE DE MON SONGE LTD,,apparition,7c8281af-fd6e-48b7-b5af-7ae705b30526,2022-10-04,89662708-4457-4b71-8492-8fef740695f6,2024-07-04,,526,,2252,526,2252
guillaume,de russé,interets,FINCORP INVESTMENT LTD,,apparition,7c8281af-fd6e-48b7-b5af-7ae705b30526,2022-10-04,89662708-4457-4b71-8492-8fef740695f6,2024-07-04,,30,,4,30,4
guillaume,de russé,interets,HAREL MALLAC COMPANY LTD,,apparition,7c8281af-fd6e-48b7-b5af-7ae705b30526,2022-10-04,89662708-4457-4b71-8492-8fef740695f6,2024-07-04,,3282,,866,3282,866
guillaume,de russé,interets,IPRO GROWTF FUND,,apparition,7c8281af-fd6e-48b7-b5af-7ae705b30526,2022-10-04,89662708-4457-4b71-8492-8fef740695f6,2024-07-04,,6169629,,1758,6169629,1758
guillaume,de russé,interets,MCB GROUP LIMITED,,apparition,7c8281af-fd6e-48b7-b5af-7ae705b30526,2022-10-04,89662708-4457-4b71-8492-8fef740695f6,2024-07-04,,14749,,39388,14749,39388
guillaume,de russé,interets,MEDINE,,apparition,7c8281af-fd6e-48b7-b5af-7ae705b30526,2022-10-04,89662708-4457-4b71-8492-8fef740695f6,2024-07-04,,3814,,1167,3814,1167
guillaume,de russé,interets,NEW MAURITUS HOTEL LTD,,apparition,7c8281af-fd6e-48b7-b5af-7ae705b30526,2022-10-04,89662708-4457-4b71-8492-8fef740695f6,2024-07-04,,4563,,210,4563,210
guillaume,de russé,interets,SEMARIS LIMITED,,apparition,7c8281af-fd6e-48b7-b5af-7ae705b30526,2022-10-04,89662708-4457-4b71-8492-8fef740695f6,2024-07-04,,4560,,55,4560,55
guillaume,de russé,interets,TERRA MAURICIA LTD,,apparition,7c8281af-fd6e-48b7-b5af-7ae705b30526,2022-10-04,89662708-4457-4b71-8492-8fef740695f6,2024-07-04,,108510,,12760,108510,12760
guillaume,de russé,interets,THE BEE EQUITY PARTNERS,,apparition,7c8281af-fd6e-48b7-b5af-7ae705b30526,2022-10-04,89662708-4457-4b71-8492-8fef740695f6,2024-07-04,,15,,25,15,25
Sandrine,DERVILLE,interets,Capgemini,,position_initiale,,,00b1c41b-824f-49f9-a0be-b1956cc80ca4,2021-09-10,,18,,2310,,
Sophie,DESCHIENS,interets,AIRBUS,,position_initiale,,,14716ef9-0d19-4b61-8f8e-9bf2e6ec2e7e,2021-09-02,,23,,2685,,
Sophie,DESCHIENS,interets,AKZO NOBEL,,position_initiale,,,14716ef9-0d19-4b61-8f8e-9bf2e6ec2e7e,2021-09-02,,11,,1124,,
Sophie,DESCHIENS,interets,ALLIANZ,,position_initiale,,,14716ef9-0d19-4b61-8f8e-9bf2e6ec2e7e,2021-09-02,,7,,1383,,
Sophie,DESCHIENS,interets,ALSTOM REGROUPT,,position_initiale,,,14716ef9-0d19-4b61-8f8e-9bf2e6ec2e7e,2021-09-02,,19,,665,,
Sophie,DESCHIENS,interets,ASM INTERNATIONAL,,position_initiale,,,14716ef9-0d19-4b61-8f8e-9bf2e6ec2e7e,2021-09-02,,3,,995,,
Sophie,DESCHIENS,interets,ASML HOLDING,,position_initiale,,,14716ef9-0d19-4b61-8f8e-9bf2e6ec2e7e,2021-09-02,,4,,2888,,
Sophie,DESCHIENS,interets,AXA,,position_initiale,,,14716ef9-0d19-4b61-8f8e-9bf2e6ec2e7e,2021-09-02,,75,,1782,,
Sophie,DESCHIENS,interets,B.ENHCASH6MOPC3DEC,,position_initiale,,,14716ef9-0d19-4b61-8f8e-9bf2e6ec2e7e,2021-09-02,,6,,564,,
Sophie,DESCHIENS,interets,BNP EUR.INF.PR.C3D,,position_initiale,,,14716ef9-0d19-4b61-8f8e-9bf2e6ec2e7e,2021-09-02,,5,,693,,
Sophie,DESCHIENS,interets,BNP M.E.SC T.P. 3D,,position_initiale,,,14716ef9-0d19-4b61-8f8e-9bf2e6ec2e7e,2021-09-02,,4,,1327,,
Sophie,DESCHIENS,interets,BNPP EA.E.T;P.C;3D,,position_initiale,,,14716ef9-0d19-4b61-8f8e-9bf2e6ec2e7e,2021-09-02,,11,,1188,,
Sophie,DESCHIENS,interets,BNPP F.EUR.MO.PR3D,,position_initiale,,,14716ef9-0d19-4b61-8f8e-9bf2e6ec2e7e,2021-09-02,,16,,1611,,
Sophie,DESCHIENS,interets,BNPP GL.CONVERT.3D,,position_initiale,,,14716ef9-0d19-4b61-8f8e-9bf2e6ec2e7e,2021-09-02,,9,,1401,,
Sophie,DESCHIENS,interets,BNPP OB.ISR PR.C3D,,position_initiale,,,14716ef9-0d19-4b61-8f8e-9bf2e6ec2e7e,2021-09-02,,8,,1226,,
Sophie,DESCHIENS,interets,C.P.S.F EUR ACC 3D,,position_initiale,,,14716ef9-0d19-4b61-8f8e-9bf2e6ec2e7e,2021-09-02,,9,,1049,,
Sophie,DESCHIENS,interets,CAMG.CV.EUR.PR.SI.,,position_initiale,,,14716ef9-0d19-4b61-8f8e-9bf2e6ec2e7e,2021-09-02,,12,,579,,
Sophie,DESCHIENS,interets,CAP GEMINI,,position_initiale,,,14716ef9-0d19-4b61-8f8e-9bf2e6ec2e7e,2021-09-02,,6,,1149,,
Sophie,DESCHIENS,interets,CARLSBERG S.B,,position_initiale,,,14716ef9-0d19-4b61-8f8e-9bf2e6ec2e7e,2021-09-02,,6,,895,,
Sophie,DESCHIENS,interets,CELLNEX TELECOM,,position_initiale,,,14716ef9-0d19-4b61-8f8e-9bf2e6ec2e7e,2021-09-02,,11,,643,,
Sophie,DESCHIENS,interets,CREDIT AGRICOLE,,position_initiale,,,14716ef9-0d19-4b61-8f8e-9bf2e6ec2e7e,2021-09-02,,110,,1359,,
Sophie,DESCHIENS,interets,CRH,,position_initiale,,,14716ef9-0d19-4b61-8f8e-9bf2e6ec2e7e,2021-09-02,,34,,1518,,
Sophie,DESCHIENS,interets,DAIMLER,,position_initiale,,,14716ef9-0d19-4b61-8f8e-9bf2e6ec2e7e,2021-09-02,,31,,2196,,
Sophie,DESCHIENS,interets,EDP ENERG.PORTUGAL,,position_initiale,,,14716ef9-0d19-4b61-8f8e-9bf2e6ec2e7e,2021-09-02,,279,,1324,,
Sophie,DESCHIENS,interets,EIFFAGE,,position_initiale,,,14716ef9-0d19-4b61-8f8e-9bf2e6ec2e7e,2021-09-02,,16,,1464,,
Sophie,DESCHIENS,interets,FRESENIUS,,position_initiale,,,14716ef9-0d19-4b61-8f8e-9bf2e6ec2e7e,2021-09-02,,24,,44,,
Sophie,DESCHIENS,interets,HEIDELBERG CEM.ORD.,,position_initiale,,,14716ef9-0d19-4b61-8f8e-9bf2e6ec2e7e,2021-09-02,,11,,807,,
Sophie,DESCHIENS,interets,ING GROEP,,position_initiale,,,14716ef9-0d19-4b61-8f8e-9bf2e6ec2e7e,2021-09-02,,160,,1896,,
Sophie,DESCHIENS,interets,INTESA SANPAOLO,,position_initiale,,,14716ef9-0d19-4b61-8f8e-9bf2e6ec2e7e,2021-09-02,,422,,1021,,
Sophie,DESCHIENS,interets,KERING,,position_initiale,,,14716ef9-0d19-4b61-8f8e-9bf2e6ec2e7e,2021-09-02,,3,,2086,,
Sophie,DESCHIENS,interets,KION GROUP,,position_initiale,,,14716ef9-0d19-4b61-8f8e-9bf2e6ec2e7e,2021-09-02,,9,,811,,
Sophie,DESCHIENS,interets,LINDE,,position_initiale,,,14716ef9-0d19-4b61-8f8e-9bf2e6ec2e7e,2021-09-02,,6,,1590,,
Sophie,DESCHIENS,interets,LVMH MOET-VUITTON,,position_initiale,,,14716ef9-0d19-4b61-8f8e-9bf2e6ec2e7e,2021-09-02,,2,,1294,,
Sophie,DESCHIENS,interets,NEXI S.P;A.,,position_initiale,,,14716ef9-0d19-4b61-8f8e-9bf2e6ec2e7e,2021-09-02,,68,,1222,,
Sophie,DESCHIENS,interets,OMV,,position_initiale,,,14716ef9-0d19-4b61-8f8e-9bf2e6ec2e7e,2021-09-02,,26,,1223,,
Sophie,DESCHIENS,interets,PROSUS,,position_initiale,,,14716ef9-0d19-4b61-8f8e-9bf2e6ec2e7e,2021-09-02,,12,,937,,
Sophie,DESCHIENS,interets,PUMA,,position_initiale,,,14716ef9-0d19-4b61-8f8e-9bf2e6ec2e7e,2021-09-02,,11,,1143,,
Sophie,DESCHIENS,interets,SANOFI,,position_initiale,,,14716ef9-0d19-4b61-8f8e-9bf2e6ec2e7e,2021-09-02,,14,,1235,,
Sophie,DESCHIENS,interets,SAP,,position_initiale,,,14716ef9-0d19-4b61-8f8e-9bf2e6ec2e7e,2021-09-02,,11,,1387,,
Sophie,DESCHIENS,interets,SIEMENS,,position_initiale,,,14716ef9-0d19-4b61-8f8e-9bf2e6ec2e7e,2021-09-02,,11,,1550,,
Sophie,DESCHIENS,interets,STELLANTIS,,position_initiale,,,14716ef9-0d19-4b61-8f8e-9bf2e6ec2e7e,2021-09-02,,62,,1062,,
Sophie,DESCHIENS,interets,STEMICROELECTRONICS,,position_initiale,,,14716ef9-0d19-4b61-8f8e-9bf2e6ec2e7e,2021-09-02,,34,,1290,,
Sophie,DESCHIENS,interets,TELEPERFORMANCE,,position_initiale,,,14716ef9-0d19-4b61-8f8e-9bf2e6ec2e7e,2021-09-02,,4,,1506,,
Sophie,DESCHIENS,interets,UBISOFT ENTERTAIN,,position_initiale,,,14716ef9-0d19-4b61-8f8e-9bf2e6ec2e7e,2021-09-02,,16,,892,,
VALERIE,DESQUESNE,interets,EDF,,position_initiale,,,eaeac41a-7715-4898-b753-41ba3dc2a0b1,2021-08-18,,224,,2464,,
VALERIE,DESQUESNE,interets,TOTAL,,position_initiale,,,eaeac41a-7715-4898-b753-41ba3dc2a0b1,2021-08-18,,72,,2789,,
Jean Luc,Detavernier,interets,Air Liquide,,apparition,1dfa01a0-0a92-49ea-83b3-a70f356860cb,2021-08-09,fef7aa46-2220-4837-bbe7-7a54fdbc68da,2022-09-13,,201,,29680,201,29680
Jean Luc,Detavernier,interets,Alstom,,apparition,1dfa01a0-0a92-49ea-83b3-a70f356860cb,2021-08-09,fef7aa46-2220-4837-bbe7-7a54fdbc68da,2022-09-13,,65,,2768,65,2768
Jean Luc,Detavernier,interets,Atos,,apparition,1dfa01a0-0a92-49ea-83b3-a70f356860cb,2021-08-09,fef7aa46-2220-4837-bbe7-7a54fdbc68da,2022-09-13,,17,,872,17,872
Jean Luc,Detavernier,interets,Axa,,apparition,1dfa01a0-0a92-49ea-83b3-a70f356860cb,2021-08-09,fef7aa46-2220-4837-bbe7-7a54fdbc68da,2022-09-13,,171,,3657,171,3657
Jean Luc,Detavernier,interets,Cap Gemini,,apparition,1dfa01a0-0a92-49ea-83b3-a70f356860cb,2021-08-09,fef7aa46-2220-4837-bbe7-7a54fdbc68da,2022-09-13,,25,,4050,25,4050
Jean Luc,Detavernier,interets,Carrefour,,apparition,1dfa01a0-0a92-49ea-83b3-a70f356860cb,2021-08-09,fef7aa46-2220-4837-bbe7-7a54fdbc68da,2022-09-13,,46,,763,46,763
Jean Luc,Detavernier,interets,CGG,,apparition,1dfa01a0-0a92-49ea-83b3-a70f356860cb,2021-08-09,fef7aa46-2220-4837-bbe7-7a54fdbc68da,2022-09-13,,1,,0,1,0
Jean Luc,Detavernier,interets,Crédit Agricole,,apparition,1dfa01a0-0a92-49ea-83b3-a70f356860cb,2021-08-09,fef7aa46-2220-4837-bbe7-7a54fdbc68da,2022-09-13,,166,,1961,166,1961
Jean Luc,Detavernier,interets,Danone,,apparition,1dfa01a0-0a92-49ea-83b3-a70f356860cb,2021-08-09,fef7aa46-2220-4837-bbe7-7a54fdbc68da,2022-09-13,,221,,13121,221,13121
Jean Luc,Detavernier,interets,Distribuidor,,apparition,1dfa01a0-0a92-49ea-83b3-a70f356860cb,2021-08-09,fef7aa46-2220-4837-bbe7-7a54fdbc68da,2022-09-13,,62,,2,62,2
Jean Luc,Detavernier,interets,Engie,,apparition,1dfa01a0-0a92-49ea-83b3-a70f356860cb,2021-08-09,fef7aa46-2220-4837-bbe7-7a54fdbc68da,2022-09-13,,152,,1756,152,1756
Jean Luc,Detavernier,interets,L'Oréal,,apparition,1dfa01a0-0a92-49ea-83b3-a70f356860cb,2021-08-09,fef7aa46-2220-4837-bbe7-7a54fdbc68da,2022-09-13,,45,,16911,45,16911
Jean Luc,Detavernier,interets,Legrand,,apparition,1dfa01a0-0a92-49ea-83b3-a70f356860cb,2021-08-09,fef7aa46-2220-4837-bbe7-7a54fdbc68da,2022-09-13,,24,,2142,24,2142
Jean Luc,Detavernier,interets,LVMH,,apparition,1dfa01a0-0a92-49ea-83b3-a70f356860cb,2021-08-09,fef7aa46-2220-4837-bbe7-7a54fdbc68da,2022-09-13,,30,,19839,30,19839
Jean Luc,Detavernier,interets,Michelin,,apparition,1dfa01a0-0a92-49ea-83b3-a70f356860cb,2021-08-09,fef7aa46-2220-4837-bbe7-7a54fdbc68da,2022-09-13,,25,,3362,25,3362
Jean Luc,Detavernier,interets,Orpea,,apparition,1dfa01a0-0a92-49ea-83b3-a70f356860cb,2021-08-09,fef7aa46-2220-4837-bbe7-7a54fdbc68da,2022-09-13,,30,,3217,30,3217
Jean Luc,Detavernier,interets,Pernod Ricard,,apparition,1dfa01a0-0a92-49ea-83b3-a70f356860cb,2021-08-09,fef7aa46-2220-4837-bbe7-7a54fdbc68da,2022-09-13,,20,,3744,20,3744
Jean Luc,Detavernier,interets,Rémy Cointreau,,apparition,1dfa01a0-0a92-49ea-83b3-a70f356860cb,2021-08-09,fef7aa46-2220-4837-bbe7-7a54fdbc68da,2022-09-13,,30,,5223,30,5223
Jean Luc,Detavernier,interets,Safran,,apparition,1dfa01a0-0a92-49ea-83b3-a70f356860cb,2021-08-09,fef7aa46-2220-4837-bbe7-7a54fdbc68da,2022-09-13,,40,,4677,40,4677
Jean Luc,Detavernier,interets,Saint Gobain,,apparition,1dfa01a0-0a92-49ea-83b3-a70f356860cb,2021-08-09,fef7aa46-2220-4837-bbe7-7a54fdbc68da,2022-09-13,,50,,2777,50,2777
Jean Luc,Detavernier,interets,Sanofi,,apparition,1dfa01a0-0a92-49ea-83b3-a70f356860cb,2021-08-09,fef7aa46-2220-4837-bbe7-7a54fdbc68da,2022-09-13,,123,,10868,123,10868
Jean Luc,Detavernier,interets,Schneider,,apparition,1dfa01a0-0a92-49ea-83b3-a70f356860cb,2021-08-09,fef7aa46-2220-4837-bbe7-7a54fdbc68da,2022-09-13,,185,,24545,185,24545
Jean Luc,Detavernier,interets,Suez,,apparition,1dfa01a0-0a92-49ea-83b3-a70f356860cb,2021-08-09,fef7aa46-2220-4837-bbe7-7a54fdbc68da,2022-09-13,,39,,782,39,782
Jean Luc,Detavernier,interets,Thales,,apparition,1dfa01a0-0a92-49ea-83b3-a70f356860cb,2021-08-09,fef7aa46-2220-4837-bbe7-7a54fdbc68da,2022-09-13,,18,,1549,18,1549
Jean Luc,Detavernier,interets,Vallourec,,apparition,1dfa01a0-0a92-49ea-83b3-a70f356860cb,2021-08-09,fef7aa46-2220-4837-bbe7-7a54fdbc68da,2022-09-13,,14,,107,14,107
Jean Luc,Detavernier,interets,Veolia,,apparition,1dfa01a0-0a92-49ea-83b3-a70f356860cb,2021-08-09,fef7aa46-2220-4837-bbe7-7a54fdbc68da,2022-09-13,,120,,3056,120,3056
Jean Luc,Detavernier,interets,Worldline,,apparition,1dfa01a0-0a92-49ea-83b3-a70f356860cb,2021-08-09,fef7aa46-2220-4837-bbe7-7a54fdbc68da,2022-09-13,,6,,474,6,474
Pascale,DEVALLEE,interets,SARL VHI,,apparition,7255d4e2-b7c0-4a43-b23a-1c5aba0446b8,2023-12-18,0795b31d-b64a-4fc7-a280-2fb89d209b21,2024-08-05,,44145,,132435,44145,132435
RAYMOND,DEYE,interets,IDEAL CYBER CAFE SERVICES,,position_initiale,,,9d350cbf-5fec-4adf-b0f7-aa99c410b649,2022-08-31,,1,,0,,
Anais,DHAMY,interets,AGRI-INDUS SAS,,position_initiale,,,6ecbab03-6e8f-4779-b112-71d2a63da36b,2021-08-03,,1257,,75420,,
Sylvain,DI GIOVANNI,interets,ALPHA SERVICES,,position_initiale,,,b7f54440-1bae-4396-8bfd-1dec92e95a55,2023-09-19,,49,,500,,
CHRISTELLE,D'INTORNI,interets,SELARL D INTORNI MESNIL CHARPAIL,,position_initiale,,,f19195d7-9770-4ccb-86dd-248db560b909,2024-07-11,,100,,65000,,
Benjamin,DIRX,interets,EURL FINANCIERE BD,,position_initiale,,,5be6b2b5-1fe5-4413-98ac-7f59f8779142,2024-09-08,,100,,1000,,
Benjamin,DIRX,interets,EURL FINANCIERE BD,,disparition,5be6b2b5-1fe5-4413-98ac-7f59f8779142,2024-09-08,6e4ee2d7-e6e7-4295-93ae-7e6c9cd38224,2025-03-27,100,,1000,,-100,-1000
Melanie,Disdier,interets,Amundi Immobilier,,position_initiale,,,b9f6483b-cc2d-498c-9aa8-87e024826e71,2024-09-09,,217,,49914,,
Melanie,Disdier,interets,My Share Company,,position_initiale,,,b9f6483b-cc2d-498c-9aa8-87e024826e71,2024-09-09,,404,,75952,,
Melanie,Disdier,interets,SAS Octopus parc,,position_initiale,,,b9f6483b-cc2d-498c-9aa8-87e024826e71,2024-09-09,,37,,185000,,
Céline,Dolgopyatoff Burlet,interets,SAS ARIES,,position_initiale,,,8db5bdce-7cbc-4c50-a283-6d427ad3355c,2021-09-07,,320,,5400,,
Céline,Dolgopyatoff Burlet,interets,SAS ARIES,,disparition,8db5bdce-7cbc-4c50-a283-6d427ad3355c,2021-09-07,ff6a726a-f31e-4ac5-ac49-62ba3badd172,2022-06-07,320,,5400,,-320,-5400
ALEXANDRA,DUBLANCHE,interets,SCP SCGD,,position_initiale,,,3061f661-8db4-484a-ab2b-a7c39456dd1c,2021-09-06,,20,,2000,,
Virginie,Duby-Muller,interets,Crédit agricole,,position_initiale,,,10745e3b-abfb-4122-9044-443b8817b97a,2024-07-25,,12421,,12421,,
Virginie,Duby-Muller,interets,SA Mont-Blanc,,position_initiale,,,10745e3b-abfb-4122-9044-443b8817b97a,2024-07-25,,2,,32,,
Frédéric,DUCHÉ,interets,SA HLM RURALE DE L'EURE,,position_initiale,,,e26c3db5-56c9-4d07-8b05-9fd90e8da8e4,2021-09-06,,100,,20,,
Frédéric,DUCHÉ,interets,ROBIN WOOD,,apparition,af0639bd-4365-4fac-b8cb-56defc67d228,2022-07-26,33bcabb9-f95f-4e4c-964c-bbbfd175af4d,2024-01-22,,25,,1000,25,1000
vincent guy,ducluzeau,interets,sas bapaga,,apparition,adf9198d-3f73-45ed-81ad-c87cade2cb3c,2026-05-14,7a090d31-f3e5-4e9c-940d-46fd0189ebda,2026-06-29,,1000,,0,1000,0
Peio,DUFAU,interets,Enargia,,position_initiale,,,69f7d02c-f2db-414b-8b88-c9ba77888ffc,2024-09-08,,1,,100,,
Peio,DUFAU,interets,Enercoop,,position_initiale,,,69f7d02c-f2db-414b-8b88-c9ba77888ffc,2024-09-08,,1,,100,,
Pascal,DUFORESTEL,interets,SAS DUFO & CO,,position_initiale,,,60434fba-652b-4e84-81d8-e589bb9c6bae,2021-12-09,,129,,1500,,
Pascal,DUFORESTEL,interets,SAS DUFO & CO,,disparition,60434fba-652b-4e84-81d8-e589bb9c6bae,2021-12-09,10ac3172-ca7b-4bdb-9e1c-c7effa54e633,2025-11-06,129,,1500,,-129,-1500
FRANCOIS-XAVIER,DUGOURD,interets,SARL ACCES PUBLIC,,apparition,252ad499-52da-45e8-9913-94739e48a8d0,2022-10-23,14b83a80-947e-4535-a1fd-56a8d721f906,2022-10-24,,100,,60000,100,60000
FRANCOIS-XAVIER,DUGOURD,interets,SARL NOIR ANIMAL,,apparition,252ad499-52da-45e8-9913-94739e48a8d0,2022-10-23,14b83a80-947e-4535-a1fd-56a8d721f906,2022-10-24,,1,,135,1,135
catherine,dumas,interets,AIR LIQUIDE,,position_initiale,,,3da94faf-f551-4d8c-b23e-ccec61be172a,2023-11-27,,7,,1191,,
catherine,dumas,interets,AIR LIQUIDE PRIME,,position_initiale,,,3da94faf-f551-4d8c-b23e-ccec61be172a,2023-11-27,,36,,6129,,
catherine,dumas,interets,AIRBUS,,position_initiale,,,3da94faf-f551-4d8c-b23e-ccec61be172a,2023-11-27,,74,,9787,,
catherine,dumas,interets,AXA,,position_initiale,,,3da94faf-f551-4d8c-b23e-ccec61be172a,2023-11-27,,169,,4797,,
catherine,dumas,interets,BNP PARIBAS,,position_initiale,,,3da94faf-f551-4d8c-b23e-ccec61be172a,2023-11-27,,154,,8736,,
catherine,dumas,interets,CAP GEMINI,,position_initiale,,,3da94faf-f551-4d8c-b23e-ccec61be172a,2023-11-27,,23,,4091,,
catherine,dumas,interets,DANONE,,position_initiale,,,3da94faf-f551-4d8c-b23e-ccec61be172a,2023-11-27,,69,,3970,,
catherine,dumas,interets,DASSAULT SYSTEMES,,position_initiale,,,3da94faf-f551-4d8c-b23e-ccec61be172a,2023-11-27,,68,,2859,,
catherine,dumas,interets,essilor intl,,position_initiale,,,3da94faf-f551-4d8c-b23e-ccec61be172a,2023-11-27,,11,,1973,,
catherine,dumas,interets,HEINEKEN,,position_initiale,,,3da94faf-f551-4d8c-b23e-ccec61be172a,2023-11-27,,25,,2080,,
catherine,dumas,interets,HERMES INT,,position_initiale,,,3da94faf-f551-4d8c-b23e-ccec61be172a,2023-11-27,,3,,5773,,
catherine,dumas,interets,KERING,,position_initiale,,,3da94faf-f551-4d8c-b23e-ccec61be172a,2023-11-27,,5,,2021,,
catherine,dumas,interets,L OREAL,,position_initiale,,,3da94faf-f551-4d8c-b23e-ccec61be172a,2023-11-27,,20,,8479,,
catherine,dumas,interets,LVMH MOET VUITTON,,position_initiale,,,3da94faf-f551-4d8c-b23e-ccec61be172a,2023-11-27,,26,,18501,,
catherine,dumas,interets,Michelin,,position_initiale,,,3da94faf-f551-4d8c-b23e-ccec61be172a,2023-11-27,,134,,3973,,
catherine,dumas,interets,PERNOD RICARD,,position_initiale,,,3da94faf-f551-4d8c-b23e-ccec61be172a,2023-11-27,,11,,1840,,
catherine,dumas,interets,SAFRAN,,position_initiale,,,3da94faf-f551-4d8c-b23e-ccec61be172a,2023-11-27,,17,,2729,,
catherine,dumas,interets,SAINT GOBAIN,,position_initiale,,,3da94faf-f551-4d8c-b23e-ccec61be172a,2023-11-27,,55,,3210,,
catherine,dumas,interets,sanofi,,position_initiale,,,3da94faf-f551-4d8c-b23e-ccec61be172a,2023-11-27,,83,,7128,,
catherine,dumas,interets,SCHNEIDER ELECTRIC,,position_initiale,,,3da94faf-f551-4d8c-b23e-ccec61be172a,2023-11-27,,77,,12783,,
catherine,dumas,interets,société générale,,position_initiale,,,3da94faf-f551-4d8c-b23e-ccec61be172a,2023-11-27,,171,,3865,,
catherine,dumas,interets,STELLANTIS,,position_initiale,,,3da94faf-f551-4d8c-b23e-ccec61be172a,2023-11-27,,263,,4854,,
catherine,dumas,interets,STMICROELECTRONICS,,position_initiale,,,3da94faf-f551-4d8c-b23e-ccec61be172a,2023-11-27,,114,,4779,,
catherine,dumas,interets,THALES,,position_initiale,,,3da94faf-f551-4d8c-b23e-ccec61be172a,2023-11-27,,18,,2486,,
catherine,dumas,interets,total,,position_initiale,,,3da94faf-f551-4d8c-b23e-ccec61be172a,2023-11-27,,269,,16626,,
catherine,dumas,interets,VEOLIA,,position_initiale,,,3da94faf-f551-4d8c-b23e-ccec61be172a,2023-11-27,,125,,3508,,
catherine,dumas,interets,VINCI,,position_initiale,,,3da94faf-f551-4d8c-b23e-ccec61be172a,2023-11-27,,67,,7328,,
Jérôme,Dumont,interets,MULTIPLACEMENT ASSURANCE VIE,,apparition,1d12fbbd-3237-470b-a3d3-8dad567156e8,2021-12-12,5423e2a6-20e7-4d7e-b2b6-6bbbb583dd80,2021-12-22,,3,,2460,3,2460
cecile,dumoulin,interets,Myvetdev,,apparition,1c17ea76-0af8-42ed-9a72-6ac76994d9df,2021-12-19,9afe42ba-9657-4a0d-8806-16f01556b460,2022-08-02,,409,,20041,409,20041
cecile,dumoulin,interets,Vetdev,,apparition,1c17ea76-0af8-42ed-9a72-6ac76994d9df,2021-12-19,9afe42ba-9657-4a0d-8806-16f01556b460,2022-08-02,,10000,,10000,10000,10000
LAURENT,DUPLOMB,interets,SARL BERTAUD,,apparition,de2fb438-a36e-431b-8f6f-4864e429df94,2023-11-09,5b1b40a0-b1cc-475b-b7a3-c36f621b1e14,2024-01-09,,75,,0,75,0
LAURENT,DUPLOMB,interets,SARL METHANISATION BERTAUD,,apparition,de2fb438-a36e-431b-8f6f-4864e429df94,2023-11-09,5b1b40a0-b1cc-475b-b7a3-c36f621b1e14,2024-01-09,,30,,0,30,0
Stella,DUPONT,interets,AMUNDI EQUILIBRE ACTIONS EURO,,position_initiale,,,77111478-cc6d-46d5-aed9-1182b4b46b87,2024-08-05,,86,,9622,,
Stella,DUPONT,interets,AMUNDI PRUDENT,,position_initiale,,,77111478-cc6d-46d5-aed9-1182b4b46b87,2024-08-05,,57,,6986,,
Stella,DUPONT,interets,AMUNDI VALEUR DURABLE,,position_initiale,,,77111478-cc6d-46d5-aed9-1182b4b46b87,2024-08-05,,29,,7268,,
Stella,DUPONT,interets,ERCLLA,,position_initiale,,,77111478-cc6d-46d5-aed9-1182b4b46b87,2024-08-05,,25,,2500,,
Francis,DUPOUEY,interets,néant,,position_initiale,,,6ea9a2e9-2eca-46e5-b4b4-158155cc185b,2021-10-08,,0,,0,,
Jean-Luc,Durand,interets,néant,,position_initiale,,,80c7820d-74c6-4244-9716-1a4347efafb6,2021-08-04,,0,,0,,
pierre,DURAND,interets,SAS LES ARCADES,,position_initiale,,,fb916ead-8c49-43cb-9e9e-e3907bbea6a0,2021-08-30,,265,,57657,,
Marianne,DURANTON,interets,Mobiliser Décider Stratégie et communication,,position_initiale,,,4080acee-6c95-4a7d-97eb-8848bb015437,2021-09-01,,500,,10762,,
Michel,durrieu,interets,HSA SAS,,position_initiale,,,617cbd34-4f9b-4835-9afb-9ca5fdf8d825,2021-12-09,,218,,99920,,
MARTINE,EAP,interets,AIRBUS,,position_initiale,,,e177394a-c92b-4333-81de-336b031c0a4d,2021-08-16,,149,,17006,,
MARTINE,EAP,interets,AKZO NOBEL,,position_initiale,,,e177394a-c92b-4333-81de-336b031c0a4d,2021-08-16,,74,,7625,,
MARTINE,EAP,interets,ALLIANZ,,position_initiale,,,e177394a-c92b-4333-81de-336b031c0a4d,2021-08-16,,48,,10140,,
MARTINE,EAP,interets,ASML HOLDING,,position_initiale,,,e177394a-c92b-4333-81de-336b031c0a4d,2021-08-16,,29,,18348,,
MARTINE,EAP,interets,CAPGEMINI,,position_initiale,,,e177394a-c92b-4333-81de-336b031c0a4d,2021-08-16,,48,,8467,,
MARTINE,EAP,interets,CARLSBERG S.B,,position_initiale,,,e177394a-c92b-4333-81de-336b031c0a4d,2021-08-16,,47,,7390,,
MARTINE,EAP,interets,CREDIT AGRICOLE,,position_initiale,,,e177394a-c92b-4333-81de-336b031c0a4d,2021-08-16,,727,,8571,,
MARTINE,EAP,interets,CRH,,position_initiale,,,e177394a-c92b-4333-81de-336b031c0a4d,2021-08-16,,201,,8371,,
MARTINE,EAP,interets,EIFFAGE,,position_initiale,,,e177394a-c92b-4333-81de-336b031c0a4d,2021-08-16,,101,,8772,,
MARTINE,EAP,interets,FRESENIUS,,position_initiale,,,e177394a-c92b-4333-81de-336b031c0a4d,2021-08-16,,152,,6955,,
MARTINE,EAP,interets,PROSUS,,position_initiale,,,e177394a-c92b-4333-81de-336b031c0a4d,2021-08-16,,74,,5211,,
MARTINE,EAP,interets,PUMA,,position_initiale,,,e177394a-c92b-4333-81de-336b031c0a4d,2021-08-16,,82,,8544,,
MARTINE,EAP,interets,SANOFI,,position_initiale,,,e177394a-c92b-4333-81de-336b031c0a4d,2021-08-16,,39,,3387,,
MARTINE,EAP,interets,SAP,,position_initiale,,,e177394a-c92b-4333-81de-336b031c0a4d,2021-08-16,,84,,10061,,
MARTINE,EAP,interets,SIEMENS,,position_initiale,,,e177394a-c92b-4333-81de-336b031c0a4d,2021-08-16,,50,,6650,,
MARTINE,EAP,interets,STELLANTIS,,position_initiale,,,e177394a-c92b-4333-81de-336b031c0a4d,2021-08-16,,446,,7060,,
MARTINE,EAP,interets,STMICROELECTRONICS,,position_initiale,,,e177394a-c92b-4333-81de-336b031c0a4d,2021-08-16,,200,,6574,,
MARTINE,EAP,interets,TELEPERFORMANCE,,position_initiale,,,e177394a-c92b-4333-81de-336b031c0a4d,2021-08-16,,14,,4937,,
MARTINE,EAP,interets,TOTALENERGIES SE,,position_initiale,,,e177394a-c92b-4333-81de-336b031c0a4d,2021-08-16,,173,,6333,,
MARTINE,EAP,interets,UBISOFT ENTERAIN,,position_initiale,,,e177394a-c92b-4333-81de-336b031c0a4d,2021-08-16,,117,,6371,,
THOMAS,ELEXHAUSER,interets,EZA,,position_initiale,,,f3ac08f4-087a-489d-9d47-189de514cc42,2021-09-03,,1200,,3437,,
Edwige,EME,interets,Crédit Agricole de Franche Comté,,apparition,abe53411-2dec-40ec-8d2b-0c3d517683a7,2021-09-10,dd514dea-c91c-4184-b108-e6371379502e,2021-12-27,,222,,339,222,339
Jacky,Emon,interets,0,,position_initiale,,,d0a5ce2b-cd77-4b72-9f05-605c87477f81,2021-12-09,,0,,0,,
Olivier,ENGRAND,interets,OE HOLDING,,position_initiale,,,459a5487-e13f-46d7-baf8-926cabd16e67,2022-01-18,,10000,,150000,,
Olivier,ENGRAND,interets,OE HOLDING,,hausse,459a5487-e13f-46d7-baf8-926cabd16e67,2022-01-18,a68c5033-0c68-444e-a8fa-06385106a3d9,2022-01-21,10000,159583,150000,150000,149583,0
SYLVIE,EPINAT,interets,ACCOR,,position_initiale,,,531a9395-4744-45b8-b11d-79a836407c88,2021-08-29,,113,,3558,,
SYLVIE,EPINAT,interets,AMUNDI Euro C FCP 30,,position_initiale,,,531a9395-4744-45b8-b11d-79a836407c88,2021-08-29,,53,,11570,,
SYLVIE,EPINAT,interets,AMUNDI EURO C FCP 3D,,position_initiale,,,531a9395-4744-45b8-b11d-79a836407c88,2021-08-29,,44,,9621,,
SYLVIE,EPINAT,interets,AMUNDI EUROPE MONDE,,position_initiale,,,531a9395-4744-45b8-b11d-79a836407c88,2021-08-29,,89,,4178,,
SYLVIE,EPINAT,interets,AMUNDI FRA C FCP 3D,,position_initiale,,,531a9395-4744-45b8-b11d-79a836407c88,2021-08-29,,18,,7090,,
SYLVIE,EPINAT,interets,ARKEMA,,position_initiale,,,531a9395-4744-45b8-b11d-79a836407c88,2021-08-29,,2,,211,,
SYLVIE,EPINAT,interets,BNP PARIBAS,,position_initiale,,,531a9395-4744-45b8-b11d-79a836407c88,2021-08-29,,22,,1163,,
SYLVIE,EPINAT,interets,CA SA,,position_initiale,,,531a9395-4744-45b8-b11d-79a836407c88,2021-08-29,,10000,,11063,,
SYLVIE,EPINAT,interets,CPR Actions FCP 3DEC,,position_initiale,,,531a9395-4744-45b8-b11d-79a836407c88,2021-08-29,,22,,11509,,
SYLVIE,EPINAT,interets,credit agricole,,position_initiale,,,531a9395-4744-45b8-b11d-79a836407c88,2021-08-29,,327,,3861,,
SYLVIE,EPINAT,interets,EDENRED,,position_initiale,,,531a9395-4744-45b8-b11d-79a836407c88,2021-08-29,,126,,6054,,
SYLVIE,EPINAT,interets,EDF,,position_initiale,,,531a9395-4744-45b8-b11d-79a836407c88,2021-08-29,,50,,576,,
SYLVIE,EPINAT,interets,ENGIE,,position_initiale,,,531a9395-4744-45b8-b11d-79a836407c88,2021-08-29,,137,,1582,,
SYLVIE,EPINAT,interets,Française des Jeux JDJ,,position_initiale,,,531a9395-4744-45b8-b11d-79a836407c88,2021-08-29,,11,,545,,
SYLVIE,EPINAT,interets,NESTLE SA,,position_initiale,,,531a9395-4744-45b8-b11d-79a836407c88,2021-08-29,,1090,,114380,,
SYLVIE,EPINAT,interets,ORANGE,,position_initiale,,,531a9395-4744-45b8-b11d-79a836407c88,2021-08-29,,28,,269,,
SYLVIE,EPINAT,interets,PSC CACB BEUANE,,position_initiale,,,531a9395-4744-45b8-b11d-79a836407c88,2021-08-29,,240,,360,,
SYLVIE,EPINAT,interets,PSV CACB BEAUNE,,position_initiale,,,531a9395-4744-45b8-b11d-79a836407c88,2021-08-29,,3526,,5289,,
SYLVIE,EPINAT,interets,SAINT GOBAIN,,position_initiale,,,531a9395-4744-45b8-b11d-79a836407c88,2021-08-29,,133,,7386,,
SYLVIE,EPINAT,interets,SANOFI,,position_initiale,,,531a9395-4744-45b8-b11d-79a836407c88,2021-08-29,,10,,883,,
SYLVIE,EPINAT,interets,SCHNEIDER ELECTRIC,,position_initiale,,,531a9395-4744-45b8-b11d-79a836407c88,2021-08-29,,126,,16717,,
SYLVIE,EPINAT,interets,SUEZ,,position_initiale,,,531a9395-4744-45b8-b11d-79a836407c88,2021-08-29,,28,,561,,
SYLVIE,EPINAT,interets,THALES,,position_initiale,,,531a9395-4744-45b8-b11d-79a836407c88,2021-08-29,,9,,774,,
SYLVIE,EPINAT,interets,TOTAL ENERGIE,,position_initiale,,,531a9395-4744-45b8-b11d-79a836407c88,2021-08-29,,39,,1488,,
SYLVIE,EPINAT,interets,VIVENDI,,position_initiale,,,531a9395-4744-45b8-b11d-79a836407c88,2021-08-29,,124,,3512,,
Karen,Erodi,interets,SARL ECONOMIE ET CONSTRUCTION,,position_initiale,,,8be9f562-c5ec-44da-aa8a-a8ee11da606d,2024-08-09,,150,,1500,,
Sophie,ERRANTE,interets,PHI SAS,,position_initiale,,,aef1e487-42ac-4c8f-95e4-cd2c5aa87a60,2024-09-01,,58438,,82857,,
Sophie,ERRANTE,interets,PHI SAS,,hausse,075df8ed-4f94-4456-a4df-160d0524212e,2025-02-27,1331825d-0943-4734-bfcd-646656b45019,2026-01-30,58438,78292,82857,96299,19854,13442
Joseba,Erremundeguy,interets,ADP,,position_initiale,,,5497400a-c95b-4add-addb-060cd87050a9,2021-09-07,,8,,832,,
Joseba,Erremundeguy,interets,AIRBUS,,position_initiale,,,5497400a-c95b-4add-addb-060cd87050a9,2021-09-07,,4,,438,,
Joseba,Erremundeguy,interets,CGG RGPT,,position_initiale,,,5497400a-c95b-4add-addb-060cd87050a9,2021-09-07,,200,,121,,
Joseba,Erremundeguy,interets,CREDI AGRICOLE S.A.,,position_initiale,,,5497400a-c95b-4add-addb-060cd87050a9,2021-09-07,,53,,611,,
Joseba,Erremundeguy,interets,LBPAM ISR ACT.FOC.FR.R SI.5DEC,,position_initiale,,,5497400a-c95b-4add-addb-060cd87050a9,2021-09-07,,0,,32,,
Joseba,Erremundeguy,interets,SCA LURZAINDIA,,position_initiale,,,5497400a-c95b-4add-addb-060cd87050a9,2021-09-07,,100,,100,,
Joseba,Erremundeguy,interets,SAINT GOBAIN,,position_initiale,,,5497400a-c95b-4add-addb-060cd87050a9,2021-09-07,,10,,579,,
Joseba,Erremundeguy,interets,TOTALENERGIES SE,,position_initiale,,,5497400a-c95b-4add-addb-060cd87050a9,2021-09-07,,17,,605,,
Joseba,Erremundeguy,interets,VALLOUREC,,position_initiale,,,5497400a-c95b-4add-addb-060cd87050a9,2021-09-07,,300,,2368,,
Romain,Eskenazi,interets,BPCE,,position_initiale,,,6fa5e691-dadd-45d3-b898-e1ff4815695d,2024-09-09,,1,,50,,
Christian,ESTROSI,interets,SAS HOPKINS & HOPKINS,,position_initiale,,,069e497f-f067-47e4-a6fe-6b1663f33b08,2021-09-23,,1000,,1000,,
Bixente,Etcheçaharreta,interets,Sokoa,,position_initiale,,,6dda54a2-4bdc-4d5f-a857-f6bb454443d9,2021-12-08,,50,,1164,,
Clotilde,Eudier,interets,SAS DE Gromesnil,,apparition,06f56198-0fc6-43bd-b810-50167faa2080,2021-08-02,f387b65d-2c87-4d5a-93f3-297ac1dc2af4,2024-03-06,,50000,,0,50000,0
Auguste,Evrard,interets,Caisse locale - Crédit Agricole,,position_initiale,,,900ac0d3-89ca-4556-9932-3f1d80a11043,2024-09-06,,150,,229,,
Agnes,Evren,interets,BABYLONE EURL,,position_initiale,,,7c63b903-18ef-4af7-95c2-7fc44c4bd000,2023-11-18,,0,,2500,,
Agnes,Evren,interets,BABYLONE EURL,,disparition,7c63b903-18ef-4af7-95c2-7fc44c4bd000,2023-11-18,fd5f820a-ca93-47d1-8720-336b913b23ed,2024-03-20,0,,2500,,0,-2500
Jean-Michel,Fabre,interets,OCCITALYS (OFS),,position_initiale,,,64fa0d09-9af2-450b-b2e5-95168b9afa9c,2021-08-23,,1,,10,,
Jean-Michel,Fabre,interets,PHYLUM,,position_initiale,,,64fa0d09-9af2-450b-b2e5-95168b9afa9c,2021-08-23,,1250,,242379,,
Jean-Michel,Fabre,interets,SCIC Haute Garonne,,position_initiale,,,64fa0d09-9af2-450b-b2e5-95168b9afa9c,2021-08-23,,1,,15,,
Anne-Sophie,Fagot,interets,CONSTELLATION,,position_initiale,,,27836d03-e7ce-4007-b20b-912afc9c18b2,2025-10-07,,150000,,325000,,
Anne-Sophie,Fagot,interets,COUR NAPOLEON,,position_initiale,,,27836d03-e7ce-4007-b20b-912afc9c18b2,2025-10-07,,246,,75000,,
Anne-Sophie,Fagot,interets,HF AVOCATS,,position_initiale,,,27836d03-e7ce-4007-b20b-912afc9c18b2,2025-10-07,,1,,8,,
Anne-Sophie,Fagot,interets,SCPI PRIMOVIE,,position_initiale,,,27836d03-e7ce-4007-b20b-912afc9c18b2,2025-10-07,,262,,30100,,
Hélène,FAIVRE,interets,SE CHAVEGRAND SAS,,position_initiale,,,59a5bb27-d222-46bb-929d-47890ffaac52,2021-11-26,,2,,645,,
Hélène,FAIVRE,interets,ETS CHAVEGRAND ET CIE SA,,position_initiale,,,59a5bb27-d222-46bb-929d-47890ffaac52,2021-11-26,,327,,153564,,
Frédéric,Falcon,interets,La Venta,,position_initiale,,,3d63f52b-48da-46c3-9e9f-97f5a7a375ad,2024-07-12,,100,,20000,,
jean-pierre,farandou,patrimoine,Détention directe (Caisse d'Epargne),,position_initiale,,,f327ee29-29a8-43a9-ad66-ba2cf59e9c86,2025-11-13,,,,5040,,
jean-pierre,farandou,patrimoine,Détention directe (LOUVRE BANQUE PRIVEE),,position_initiale,,,f327ee29-29a8-43a9-ad66-ba2cf59e9c86,2025-11-13,,,,90000,,
jean-pierre,farandou,patrimoine,PEA (Caisse d'Epargne),,position_initiale,,,f327ee29-29a8-43a9-ad66-ba2cf59e9c86,2025-11-13,,,,0,,
Daniel,Fargeot,interets,SAS FIDECY,,position_initiale,,,9637b28e-1b04-428c-baa8-a6cedb7b750a,2023-12-03,,50,,60000,,
Daniel,Fargeot,interets,SAS FIDECY EXPERTISE & CONSEIL,,position_initiale,,,9637b28e-1b04-428c-baa8-a6cedb7b750a,2023-12-03,,10,,100,,
Daniel,Fargeot,interets,SARL ECC,,position_initiale,,,9637b28e-1b04-428c-baa8-a6cedb7b750a,2023-12-03,,500,,2000,,
Daniel,Fargeot,interets,SARL ECC,,hausse,9637b28e-1b04-428c-baa8-a6cedb7b750a,2023-12-03,8d3381a4-b195-4f2c-b166-3ca0c882d438,2024-01-31,500,500,2000,74000,0,72000
Daniel,Fargeot,interets,SAS FIDECY,,disparition,fb876b6f-2cd8-40f7-b6dc-0e6b0d3d6b50,2024-04-08,e7c34301-6c85-4bb0-9c21-945137b057cd,2025-12-19,50,,60000,,-50,-60000
Daniel,Fargeot,interets,SAS FIDECY EXPERTISE & CONSEIL,,disparition,fb876b6f-2cd8-40f7-b6dc-0e6b0d3d6b50,2024-04-08,e7c34301-6c85-4bb0-9c21-945137b057cd,2025-12-19,10,,100,,-10,-100
Daniel,Fargeot,interets,SAS MANBRAIN,,apparition,fb876b6f-2cd8-40f7-b6dc-0e6b0d3d6b50,2024-04-08,e7c34301-6c85-4bb0-9c21-945137b057cd,2025-12-19,,10888,,412050,10888,412050
Gerome,Fassenet,interets,SAS Agro Energies des Collines,,apparition,c0c74d9d-e975-44e9-9c05-68f558decdd4,2024-06-27,4be4438e-c382-4997-b898-b0ad00de60a1,2025-05-26,,0,,15540,0,15540
Gerome,Fassenet,interets,CUMA La Grabuse,,apparition,c0c74d9d-e975-44e9-9c05-68f558decdd4,2024-06-27,4be4438e-c382-4997-b898-b0ad00de60a1,2025-05-26,,1,,3953,1,3953
Gerome,Fassenet,interets,EARL Les Verpillères,,apparition,c0c74d9d-e975-44e9-9c05-68f558decdd4,2024-06-27,4be4438e-c382-4997-b898-b0ad00de60a1,2025-05-26,,2,,10000,2,10000
bruno,Faure,interets,Avenir Telecom,,position_initiale,,,245b4538-55d7-4bac-ad9b-5f3d1d246d44,2021-08-20,,32699,,3597,,
bruno,Faure,interets,Coopérative laitière de Saint Bonnet de Salers,,position_initiale,,,245b4538-55d7-4bac-ad9b-5f3d1d246d44,2021-08-20,,750,,1500,,
bruno,Faure,interets,Totalenergie,,position_initiale,,,245b4538-55d7-4bac-ad9b-5f3d1d246d44,2021-08-20,,700,,25410,,
LAURENCE,FAUTRA,interets,SAS FLEGACY,,position_initiale,,,5b4622e8-5bf7-46f5-a2f7-45212ec7565a,2021-09-05,,2250,,22500,,
LAURENCE,FAUTRA,interets,SAS L'Appart Massieux,,position_initiale,,,5b4622e8-5bf7-46f5-a2f7-45212ec7565a,2021-09-05,,2250,,22500,,
Sylvie,Fayolle,interets,Orange,,position_initiale,,,156107a2-9935-40f6-b863-70f749e27268,2021-09-13,,9,,108,,
Olivier,FAYSSAT,interets,Air Liquide,,position_initiale,,,f698cdfc-44cb-405c-a152-1450fc58332e,2024-09-02,,5,,843,,
Olivier,FAYSSAT,interets,Airbus,,position_initiale,,,f698cdfc-44cb-405c-a152-1450fc58332e,2024-09-02,,1,,136,,
Olivier,FAYSSAT,interets,Allianz,,position_initiale,,,f698cdfc-44cb-405c-a152-1450fc58332e,2024-09-02,,6,,1690,,
Olivier,FAYSSAT,interets,Apple,,position_initiale,,,f698cdfc-44cb-405c-a152-1450fc58332e,2024-09-02,,5,,990,,
Olivier,FAYSSAT,interets,Arcelormittal,,position_initiale,,,f698cdfc-44cb-405c-a152-1450fc58332e,2024-09-02,,25,,533,,
Olivier,FAYSSAT,interets,Axa,,position_initiale,,,f698cdfc-44cb-405c-a152-1450fc58332e,2024-09-02,,73,,2522,,
Olivier,FAYSSAT,interets,BNP Paribas,,position_initiale,,,f698cdfc-44cb-405c-a152-1450fc58332e,2024-09-02,,172,,10767,,
Olivier,FAYSSAT,interets,Bollore,,position_initiale,,,f698cdfc-44cb-405c-a152-1450fc58332e,2024-09-02,,25,,146,,
Olivier,FAYSSAT,interets,SAS BONPORTEAU,,position_initiale,,,f698cdfc-44cb-405c-a152-1450fc58332e,2024-09-02,,2512,,6692815,,
Olivier,FAYSSAT,interets,Chargeurs,,position_initiale,,,f698cdfc-44cb-405c-a152-1450fc58332e,2024-09-02,,465,,5775,,
Olivier,FAYSSAT,interets,SAS DGF Invest,,position_initiale,,,f698cdfc-44cb-405c-a152-1450fc58332e,2024-09-02,,325,,3250,,
Olivier,FAYSSAT,interets,DISTRIBUIDOR INTL ALIMENTACION,,position_initiale,,,f698cdfc-44cb-405c-a152-1450fc58332e,2024-09-02,,30000,,396,,
Olivier,FAYSSAT,interets,ENGIE,,position_initiale,,,f698cdfc-44cb-405c-a152-1450fc58332e,2024-09-02,,157,,2501,,
Olivier,FAYSSAT,interets,Equinox Gold,,position_initiale,,,f698cdfc-44cb-405c-a152-1450fc58332e,2024-09-02,,40,,182,,
Olivier,FAYSSAT,interets,Eutelsat Communications,,position_initiale,,,f698cdfc-44cb-405c-a152-1450fc58332e,2024-09-02,,2,,8,,
Olivier,FAYSSAT,interets,H&K,,position_initiale,,,f698cdfc-44cb-405c-a152-1450fc58332e,2024-09-02,,5,,555,,
Olivier,FAYSSAT,interets,LVMH,,position_initiale,,,f698cdfc-44cb-405c-a152-1450fc58332e,2024-09-02,,2,,1339,,
Olivier,FAYSSAT,interets,Michelin,,position_initiale,,,f698cdfc-44cb-405c-a152-1450fc58332e,2024-09-02,,40,,1418,,
Olivier,FAYSSAT,interets,Nexity,,position_initiale,,,f698cdfc-44cb-405c-a152-1450fc58332e,2024-09-02,,230,,2218,,
Olivier,FAYSSAT,interets,Orange,,position_initiale,,,f698cdfc-44cb-405c-a152-1450fc58332e,2024-09-02,,1786,,18708,,
Olivier,FAYSSAT,interets,Pernod Ricard,,position_initiale,,,f698cdfc-44cb-405c-a152-1450fc58332e,2024-09-02,,8,,1036,,
Olivier,FAYSSAT,interets,Rubis,,position_initiale,,,f698cdfc-44cb-405c-a152-1450fc58332e,2024-09-02,,230,,6665,,
Olivier,FAYSSAT,interets,S2C Sud Courtage et Conseil,,position_initiale,,,f698cdfc-44cb-405c-a152-1450fc58332e,2024-09-02,,125,,150000,,
Olivier,FAYSSAT,interets,SARL POC,,position_initiale,,,f698cdfc-44cb-405c-a152-1450fc58332e,2024-09-02,,1,,100,,
Olivier,FAYSSAT,interets,Societe Generale,,position_initiale,,,f698cdfc-44cb-405c-a152-1450fc58332e,2024-09-02,,55,,1200,,
Olivier,FAYSSAT,interets,Stellantis,,position_initiale,,,f698cdfc-44cb-405c-a152-1450fc58332e,2024-09-02,,50,,749,,
Olivier,FAYSSAT,interets,STMICROELECTRONICS,,position_initiale,,,f698cdfc-44cb-405c-a152-1450fc58332e,2024-09-02,,25,,715,,
Olivier,FAYSSAT,interets,Thales,,position_initiale,,,f698cdfc-44cb-405c-a152-1450fc58332e,2024-09-02,,9,,1333,,
Olivier,FAYSSAT,interets,Total Energies,,position_initiale,,,f698cdfc-44cb-405c-a152-1450fc58332e,2024-09-02,,17,,1060,,
Olivier,FAYSSAT,interets,VEOLIA Environnement,,position_initiale,,,f698cdfc-44cb-405c-a152-1450fc58332e,2024-09-02,,20,,596,,
Olivier,FAYSSAT,interets,VINCI,,position_initiale,,,f698cdfc-44cb-405c-a152-1450fc58332e,2024-09-02,,20,,2159,,
Bouchra,Fenzar,interets,RIZKI BOUCHRA OPTIQUE,,position_initiale,,,d22398cd-97be-4344-940f-1de21f9c0c98,2023-07-19,,100,,0,,
Thérèse,Ferde,interets,CRCAMR,,position_initiale,,,c72f2fc3-4144-4306-8bab-5eef77d5fbde,2021-09-03,,904,,1383,,
Marc,Ferracci,interets,Icare Finance,,position_initiale,,,8d4d0d8f-d239-4b4a-8994-898e8cc05765,2026-01-06,,6049,,22670940,,
Emmanuel,Ferrand,interets,Crédit Agricole SA,,position_initiale,,,1c26b128-7dd6-4494-8bbc-041c5810e6c2,2021-12-08,,170,,2341,,
Emmanuel,Ferrand,interets,EDF,,position_initiale,,,1c26b128-7dd6-4494-8bbc-041c5810e6c2,2021-12-08,,6,,63,,
Emmanuel,Ferrand,interets,GAEC de la Sioule,,position_initiale,,,1c26b128-7dd6-4494-8bbc-041c5810e6c2,2021-12-08,,10235,,81080,,
Emmanuel,Ferrand,interets,SARL Sioule-Biogaz,,position_initiale,,,1c26b128-7dd6-4494-8bbc-041c5810e6c2,2021-12-08,,12700,,127000,,
Emmanuel,Ferrand,interets,Vilmorin et Cie,,position_initiale,,,1c26b128-7dd6-4494-8bbc-041c5810e6c2,2021-12-08,,4,,350,,
MARINA,FERRARI,patrimoine,Détention directe (Caisse Epargne),,position_initiale,,,e0b95884-0d64-4b4a-b280-f1b6f34a38eb,2025-11-30,,,,200,,
Jean-Paul,Ferré,interets,Air France KLM,,position_initiale,,,c8c54924-694e-47ac-a223-fc44217fece0,2021-08-03,,28,,116,,
Jean-Paul,Ferré,interets,Arkema,,position_initiale,,,c8c54924-694e-47ac-a223-fc44217fece0,2021-08-03,,8,,854,,
Jean-Paul,Ferré,interets,BNP Paribas,,position_initiale,,,c8c54924-694e-47ac-a223-fc44217fece0,2021-08-03,,149,,7969,,
Jean-Paul,Ferré,interets,Crédit Agricole,,position_initiale,,,c8c54924-694e-47ac-a223-fc44217fece0,2021-08-03,,979,,11736,,
Jean-Paul,Ferré,interets,EDF,,position_initiale,,,c8c54924-694e-47ac-a223-fc44217fece0,2021-08-03,,229,,2687,,
Jean-Paul,Ferré,interets,Engie,,position_initiale,,,c8c54924-694e-47ac-a223-fc44217fece0,2021-08-03,,241,,2827,,
Jean-Paul,Ferré,interets,HSBC Holdings,,position_initiale,,,c8c54924-694e-47ac-a223-fc44217fece0,2021-08-03,,759,,3765,,
Jean-Paul,Ferré,interets,Michelin,,position_initiale,,,c8c54924-694e-47ac-a223-fc44217fece0,2021-08-03,,167,,22436,,
Jean-Paul,Ferré,interets,Nokia,,position_initiale,,,c8c54924-694e-47ac-a223-fc44217fece0,2021-08-03,,136,,618,,
Jean-Paul,Ferré,interets,Orange,,position_initiale,,,c8c54924-694e-47ac-a223-fc44217fece0,2021-08-03,,171,,1651,,
Jean-Paul,Ferré,interets,Saint-Gobain,,position_initiale,,,c8c54924-694e-47ac-a223-fc44217fece0,2021-08-03,,80,,4524,,
Jean-Paul,Ferré,interets,"Société coopérative d'intérêt collectif d'HLM ""Un toit pour tous""",,position_initiale,,,c8c54924-694e-47ac-a223-fc44217fece0,2021-08-03,,1,,16,,
Jean-Paul,Ferré,interets,Société Générale,,position_initiale,,,c8c54924-694e-47ac-a223-fc44217fece0,2021-08-03,,420,,10794,,
Jean-Paul,Ferré,interets,Suez,,position_initiale,,,c8c54924-694e-47ac-a223-fc44217fece0,2021-08-03,,24,,480,,
Jean-Paul,Ferré,interets,Thalès,,position_initiale,,,c8c54924-694e-47ac-a223-fc44217fece0,2021-08-03,,104,,9017,,
Jean-Paul,Ferré,interets,TotalEnergies,,position_initiale,,,c8c54924-694e-47ac-a223-fc44217fece0,2021-08-03,,350,,13566,,
Jean-Paul,Ferré,interets,Vivendi,,position_initiale,,,c8c54924-694e-47ac-a223-fc44217fece0,2021-08-03,,18,,459,,
Marc,FESNEAU,interets,ADP,,position_initiale,,,9913cb55-e2c4-4beb-8929-0be9bed53265,2024-09-08,,12,,1407,,
Marc,FESNEAU,interets,Bio UV,,position_initiale,,,9913cb55-e2c4-4beb-8929-0be9bed53265,2024-09-08,,100,,201,,
Marc,FESNEAU,interets,Crédit Agricole,,position_initiale,,,9913cb55-e2c4-4beb-8929-0be9bed53265,2024-09-08,,55,,788,,
Marc,FESNEAU,interets,DONTNOD,,position_initiale,,,9913cb55-e2c4-4beb-8929-0be9bed53265,2024-09-08,,6,,11,,
Marc,FESNEAU,interets,ENGIE,,position_initiale,,,9913cb55-e2c4-4beb-8929-0be9bed53265,2024-09-08,,46,,741,,
Marc,FESNEAU,interets,KALRAY,,position_initiale,,,9913cb55-e2c4-4beb-8929-0be9bed53265,2024-09-08,,35,,165,,
Marc,FESNEAU,interets,LUCIBEL ACT,,position_initiale,,,9913cb55-e2c4-4beb-8929-0be9bed53265,2024-09-08,,200,,47,,
Marc,FESNEAU,interets,NEOEN,,position_initiale,,,9913cb55-e2c4-4beb-8929-0be9bed53265,2024-09-08,,50,,1937,,
Marc,FESNEAU,interets,SCIC Bois energie 41,,position_initiale,,,9913cb55-e2c4-4beb-8929-0be9bed53265,2024-09-08,,2,,100,,
Marc,FESNEAU,interets,SCIC du Rapiquin,,position_initiale,,,9913cb55-e2c4-4beb-8929-0be9bed53265,2024-09-08,,200,,1000,,
Marc,FESNEAU,interets,VEOLIA,,position_initiale,,,9913cb55-e2c4-4beb-8929-0be9bed53265,2024-09-08,,30,,888,,
Marc,FESNEAU,interets,SCIC du Rapiquin,,disparition,9913cb55-e2c4-4beb-8929-0be9bed53265,2024-09-08,7bbb60d3-4b7c-4989-bbcd-4141930459f0,2024-12-25,200,,1000,,-200,-1000
jean-marie,FIEVET,interets,CARREFOUR,,position_initiale,,,102af3e2-7849-48d1-aa81-3c42537b5881,2024-09-03,,100,,1410,,
jean-marie,FIEVET,interets,CREDIT AGRICOLE,,position_initiale,,,102af3e2-7849-48d1-aa81-3c42537b5881,2024-09-03,,80,,1075,,
jean-marie,FIEVET,interets,EDF,,position_initiale,,,102af3e2-7849-48d1-aa81-3c42537b5881,2024-09-03,,64,,767,,
jean-marie,FIEVET,interets,MICHELIN,,position_initiale,,,102af3e2-7849-48d1-aa81-3c42537b5881,2024-09-03,,44,,1523,,
jean-marie,FIEVET,interets,OPMIBILITY,,position_initiale,,,102af3e2-7849-48d1-aa81-3c42537b5881,2024-09-03,,40,,374,,
jean-marie,FIEVET,interets,RENAULT,,position_initiale,,,102af3e2-7849-48d1-aa81-3c42537b5881,2024-09-03,,52,,2568,,
jean-marie,FIEVET,interets,TF1,,position_initiale,,,102af3e2-7849-48d1-aa81-3c42537b5881,2024-09-03,,130,,1041,,
jean-marie,FIEVET,interets,Totalénergie,,position_initiale,,,102af3e2-7849-48d1-aa81-3c42537b5881,2024-09-03,,209,,13175,,
Agnès,Firmin Le Bodo,interets,AMUNDI,,position_initiale,,,5071cb16-a265-457f-84b8-a905ffcd118f,2024-09-06,,150,,9547,,
Agnès,Firmin Le Bodo,interets,axa,,position_initiale,,,5071cb16-a265-457f-84b8-a905ffcd118f,2024-09-06,,400,,13520,,
Agnès,Firmin Le Bodo,interets,bnp paribas,,position_initiale,,,5071cb16-a265-457f-84b8-a905ffcd118f,2024-09-06,,385,,26318,,
Agnès,Firmin Le Bodo,interets,credit agricole,,position_initiale,,,5071cb16-a265-457f-84b8-a905ffcd118f,2024-09-06,,1000,,14475,,
Agnès,Firmin Le Bodo,interets,eurazeo,,position_initiale,,,5071cb16-a265-457f-84b8-a905ffcd118f,2024-09-06,,150,,12352,,
Agnès,Firmin Le Bodo,interets,fnac darty,,position_initiale,,,5071cb16-a265-457f-84b8-a905ffcd118f,2024-09-06,,80,,2584,,
Agnès,Firmin Le Bodo,interets,l oreal,,position_initiale,,,5071cb16-a265-457f-84b8-a905ffcd118f,2024-09-06,,40,,17430,,
Agnès,Firmin Le Bodo,interets,orange,,position_initiale,,,5071cb16-a265-457f-84b8-a905ffcd118f,2024-09-06,,500,,5242,,
Agnès,Firmin Le Bodo,interets,pernod ricard,,position_initiale,,,5071cb16-a265-457f-84b8-a905ffcd118f,2024-09-06,,40,,5660,,
Agnès,Firmin Le Bodo,interets,RENAULT,,position_initiale,,,5071cb16-a265-457f-84b8-a905ffcd118f,2024-09-06,,240,,11195,,
Agnès,Firmin Le Bodo,interets,safran,,position_initiale,,,5071cb16-a265-457f-84b8-a905ffcd118f,2024-09-06,,65,,13487,,
Agnès,Firmin Le Bodo,interets,sanofi,,position_initiale,,,5071cb16-a265-457f-84b8-a905ffcd118f,2024-09-06,,200,,18324,,
Agnès,Firmin Le Bodo,interets,schneider electric,,position_initiale,,,5071cb16-a265-457f-84b8-a905ffcd118f,2024-09-06,,45,,9513,,
Agnès,Firmin Le Bodo,interets,selarl pharmacie jenner,,position_initiale,,,5071cb16-a265-457f-84b8-a905ffcd118f,2024-09-06,,1,,351,,
Agnès,Firmin Le Bodo,interets,SPFPL FIRMIN,,position_initiale,,,5071cb16-a265-457f-84b8-a905ffcd118f,2024-09-06,,100,,1487220,,
Agnès,Firmin Le Bodo,interets,STELLANTIS,,position_initiale,,,5071cb16-a265-457f-84b8-a905ffcd118f,2024-09-06,,475,,10879,,
Agnès,Firmin Le Bodo,interets,thales,,position_initiale,,,5071cb16-a265-457f-84b8-a905ffcd118f,2024-09-06,,200,,31330,,
Agnès,Firmin Le Bodo,interets,total energies,,position_initiale,,,5071cb16-a265-457f-84b8-a905ffcd118f,2024-09-06,,120,,8167,,
Agnès,Firmin Le Bodo,interets,VALLOUREC,,position_initiale,,,5071cb16-a265-457f-84b8-a905ffcd118f,2024-09-06,,270,,4475,,
Agnès,Firmin Le Bodo,interets,vinci,,position_initiale,,,5071cb16-a265-457f-84b8-a905ffcd118f,2024-09-06,,100,,11015,,
Agnès,Firmin Le Bodo,interets,SPFPL FIRMIN,,baisse,5071cb16-a265-457f-84b8-a905ffcd118f,2024-09-06,59834d54-c529-4aab-a0b3-3c13c6d34ef9,2024-12-04,100,100,1487220,1240774,0,-246446
BERNARD,FISCHER,interets,AGRIFUTUR,,position_initiale,,,24a54ef2-b588-484e-86b4-1ae23784dd6e,2024-04-12,,10,,80000,,
BRIGITTE,FISCHER PATRIAT,interets,AMUNDI,,position_initiale,,,051fbeb7-575d-4a6f-82d1-cc9b3edadffe,2022-08-06,,210,,13568,,
BRIGITTE,FISCHER PATRIAT,interets,ENGIE,,position_initiale,,,051fbeb7-575d-4a6f-82d1-cc9b3edadffe,2022-08-06,,13,,152,,
BRIGITTE,FISCHER PATRIAT,interets,SCGPBDF,,position_initiale,,,051fbeb7-575d-4a6f-82d1-cc9b3edadffe,2022-08-06,,25,,0,,
BRIGITTE,FISCHER PATRIAT,interets,SCGPBDF,,hausse,051fbeb7-575d-4a6f-82d1-cc9b3edadffe,2022-08-06,deeae5b0-06a6-4be0-9f4f-453fe36569fb,2022-11-17,25,25,0,87500,0,87500
Benjamin,Flohic,interets,FLOHIC PARTICIPATIONS ET INVESTISSEMENTS,,apparition,0dfb7060-3952-4433-af1e-61da0beae292,2022-03-27,5098b7b2-1b3c-4981-97c8-8fda9d234b81,2025-12-11,,17250,,92977,17250,92977
Benjamin,Flohic,interets,Taghir conseils et stratégies,,apparition,0dfb7060-3952-4433-af1e-61da0beae292,2022-03-27,5098b7b2-1b3c-4981-97c8-8fda9d234b81,2025-12-11,,33,,333,33,333
Pierre-Emmanuel,Focks,interets,Casden,,position_initiale,,,73aa5ddc-24c7-4259-80ec-1d4a664edd2f,2021-11-15,,46,,391,,
Nicolas,Forissier,interets,NFCONSULTING,,position_initiale,,,a3154002-2fbd-4c67-bc83-b34f3eb3c392,2025-10-26,,900,,10000,,
Nicolas,Forissier,patrimoine,NFCONSULTING Sarl,,position_initiale,,,1ef45579-254a-48ad-a43b-f16677371fc5,2025-11-16,,,,10000,,
stephane,fouassin,interets,SCP medicale de salazie,,apparition,a97b9fde-01e5-429e-a043-c4c37c2a2873,2023-11-30,6e7fdbed-b059-4030-af18-01b2ca69a881,2024-05-01,,881,,61238,881,61238
OLIVIER,FOUILLET,interets,AIR FRANCE KLM,,position_initiale,,,0c519a2d-1f4c-4ec3-a64f-6c466384c2cd,2021-08-28,,100,,349,,
OLIVIER,FOUILLET,interets,NATIXIS,,position_initiale,,,0c519a2d-1f4c-4ec3-a64f-6c466384c2cd,2021-08-28,,0,,0,,
OLIVIER,FOUILLET,interets,SCIC LEPICERIE AIRVAULT,,position_initiale,,,0c519a2d-1f4c-4ec3-a64f-6c466384c2cd,2021-08-28,,1,,50,,
OLIVIER,FOUILLET,interets,AIR FRANCE KLM,,baisse,0c519a2d-1f4c-4ec3-a64f-6c466384c2cd,2021-08-28,8458de57-2a70-40d8-84fe-12e323882b91,2022-07-28,100,100,349,130,0,-219
charles,Fournier,interets,SCOP Oxalis,,position_initiale,,,11b6c73a-d2af-4978-8744-8c87063b3418,2024-08-05,,15,,240,,
Tristan,Foveau,interets,Sopra Steria Group S.A.,,position_initiale,,,6009137b-169a-425b-96fc-2cc8f69b8218,2024-07-22,,19,,2474,,
Emmanuel,FRANCO,interets,APAISMANS,,position_initiale,,,4d1bf832-6757-478a-9d62-431855bfbd14,2021-08-27,,100,,2000,,
patrick,FRANCOIS,interets,SAS HOME LIVING,,position_initiale,,,dfc72ca3-b5d5-4f3b-b69a-6249a0d65f31,2021-08-04,,500,,500,,
THIERRY,FRAPPE,interets,AIR LIQUIDE,,apparition,7aaf11b7-a65a-48aa-b24f-48e4914793e1,2024-08-24,67828f29-bc82-4b7c-8ba8-d8f10debaabb,2025-06-30,,1162,,192775,1162,192775
Moerani,Frebault,interets,SARL marquises rock construction,,position_initiale,,,3c7befab-b5d3-4fbd-9eef-d2dfa962ce7f,2024-08-27,,51,,855,,
MICHEL,FRICOUT,interets,ALTICE USA CL.A,,position_initiale,,,a3e2c3d6-f0ec-4d49-90a3-75568ecec8ed,2022-12-03,,124,,3800,,
MICHEL,FRICOUT,interets,BABBAR SAS,,position_initiale,,,a3e2c3d6-f0ec-4d49-90a3-75568ecec8ed,2022-12-03,,44,,9900,,
MICHEL,FRICOUT,interets,E-corp,,position_initiale,,,a3e2c3d6-f0ec-4d49-90a3-75568ecec8ed,2022-12-03,,46,,5039,,
MICHEL,FRICOUT,interets,FRANCOFIL,,position_initiale,,,a3e2c3d6-f0ec-4d49-90a3-75568ecec8ed,2022-12-03,,5,,3000,,
MICHEL,FRICOUT,interets,FUTUR COMPOSE,,position_initiale,,,a3e2c3d6-f0ec-4d49-90a3-75568ecec8ed,2022-12-03,,2500,,5000,,
MICHEL,FRICOUT,interets,Hôtel Aigle des neiges,,position_initiale,,,a3e2c3d6-f0ec-4d49-90a3-75568ecec8ed,2022-12-03,,100000,,93170,,
MICHEL,FRICOUT,interets,JL INVESTISSEMENT,,position_initiale,,,a3e2c3d6-f0ec-4d49-90a3-75568ecec8ed,2022-12-03,,8000,,80000,,
MICHEL,FRICOUT,interets,LES STRATEGES NUMERIQUES,,position_initiale,,,a3e2c3d6-f0ec-4d49-90a3-75568ecec8ed,2022-12-03,,125,,5000,,
MICHEL,FRICOUT,interets,ONCODIAG,,position_initiale,,,a3e2c3d6-f0ec-4d49-90a3-75568ecec8ed,2022-12-03,,157,,5024,,
MICHEL,FRICOUT,interets,proshop RXR,,position_initiale,,,a3e2c3d6-f0ec-4d49-90a3-75568ecec8ed,2022-12-03,,33805,,15000,,
MICHEL,FRICOUT,interets,urban connect corporation,,position_initiale,,,a3e2c3d6-f0ec-4d49-90a3-75568ecec8ed,2022-12-03,,66,,3020,,
MICHEL,FRICOUT,interets,VBKAM,,position_initiale,,,a3e2c3d6-f0ec-4d49-90a3-75568ecec8ed,2022-12-03,,12,,4800,,
MICHEL,FRICOUT,interets,BABBAR SAS,,disparition,a3e2c3d6-f0ec-4d49-90a3-75568ecec8ed,2022-12-03,b61211cb-e35c-43b1-ac17-1ceb409cc7ab,2023-05-02,44,,9900,,-44,-9900
MICHEL,FRICOUT,interets,E-corp,,disparition,a3e2c3d6-f0ec-4d49-90a3-75568ecec8ed,2022-12-03,b61211cb-e35c-43b1-ac17-1ceb409cc7ab,2023-05-02,46,,5039,,-46,-5039
MICHEL,FRICOUT,interets,FRANCOFIL,,disparition,a3e2c3d6-f0ec-4d49-90a3-75568ecec8ed,2022-12-03,b61211cb-e35c-43b1-ac17-1ceb409cc7ab,2023-05-02,5,,3000,,-5,-3000
MICHEL,FRICOUT,interets,FUTUR COMPOSE,,disparition,a3e2c3d6-f0ec-4d49-90a3-75568ecec8ed,2022-12-03,b61211cb-e35c-43b1-ac17-1ceb409cc7ab,2023-05-02,2500,,5000,,-2500,-5000
MICHEL,FRICOUT,interets,Hôtel Aigle des neiges,,disparition,a3e2c3d6-f0ec-4d49-90a3-75568ecec8ed,2022-12-03,b61211cb-e35c-43b1-ac17-1ceb409cc7ab,2023-05-02,100000,,93170,,-100000,-93170
MICHEL,FRICOUT,interets,JL INVESTISSEMENT,,disparition,a3e2c3d6-f0ec-4d49-90a3-75568ecec8ed,2022-12-03,b61211cb-e35c-43b1-ac17-1ceb409cc7ab,2023-05-02,8000,,80000,,-8000,-80000
MICHEL,FRICOUT,interets,LES STRATEGES NUMERIQUES,,disparition,a3e2c3d6-f0ec-4d49-90a3-75568ecec8ed,2022-12-03,b61211cb-e35c-43b1-ac17-1ceb409cc7ab,2023-05-02,125,,5000,,-125,-5000
MICHEL,FRICOUT,interets,ONCODIAG,,disparition,a3e2c3d6-f0ec-4d49-90a3-75568ecec8ed,2022-12-03,b61211cb-e35c-43b1-ac17-1ceb409cc7ab,2023-05-02,157,,5024,,-157,-5024
Isabelle,Froment-Meurice,interets,Societe generale,,apparition,c55919c3-4629-41ce-86a7-042ff54b76ff,2021-08-31,56b88855-5830-4535-889e-e9ccdc5a42fe,2022-09-25,,1,,40000,1,40000
Bruno,FUCHS,interets,EURL Ligne42,,position_initiale,,,adcbf3aa-dc97-45e8-9c96-a85f23ea08a4,2024-09-07,,100,,150000,,
Bruno,FUCHS,interets,Paris FC,,position_initiale,,,adcbf3aa-dc97-45e8-9c96-a85f23ea08a4,2024-09-07,,602,,50000,,
Bruno,FUCHS,interets,SC Bodirose,,position_initiale,,,adcbf3aa-dc97-45e8-9c96-a85f23ea08a4,2024-09-07,,99,,118865,,
Bruno,FUCHS,interets,EURL Ligne42,,hausse,adcbf3aa-dc97-45e8-9c96-a85f23ea08a4,2024-09-07,67f104f2-09bd-43f3-bd8b-ed859322455a,2025-04-19,100,100,150000,200000,0,50000
Bruno,FUCHS,interets,Paris FC,,disparition,adcbf3aa-dc97-45e8-9c96-a85f23ea08a4,2024-09-07,67f104f2-09bd-43f3-bd8b-ed859322455a,2025-04-19,602,,50000,,-602,-50000
Jean-Luc,FUGIT,interets,Credit Mutuel Enseignant Loire Haute-Loire,,position_initiale,,,cb320648-b177-41df-88d5-0a8116357b1c,2024-08-23,,9206,,9253,,
Anne,FUMERY,interets,AXA,,position_initiale,,,1c28f6b3-1863-4a00-9f81-faeb6dfaca30,2021-08-29,,1100,,15,,
Anne,FUMERY,interets,BNP PARIS BAS,,position_initiale,,,1c28f6b3-1863-4a00-9f81-faeb6dfaca30,2021-08-29,,221,,47,,
Anne,FUMERY,interets,CAP GEMINI,,position_initiale,,,1c28f6b3-1863-4a00-9f81-faeb6dfaca30,2021-08-29,,78,,44,,
Anne,FUMERY,interets,CGG RGPT,,position_initiale,,,1c28f6b3-1863-4a00-9f81-faeb6dfaca30,2021-08-29,,30,,125,,
Anne,FUMERY,interets,ENGIE,,position_initiale,,,1c28f6b3-1863-4a00-9f81-faeb6dfaca30,2021-08-29,,141,,27,,
Anne,FUMERY,interets,ESSILOR INTL,,position_initiale,,,1c28f6b3-1863-4a00-9f81-faeb6dfaca30,2021-08-29,,283,,24,,
Anne,FUMERY,interets,ORANGE,,position_initiale,,,1c28f6b3-1863-4a00-9f81-faeb6dfaca30,2021-08-29,,95,,24,,
Anne,FUMERY,interets,PEA ATOS,,position_initiale,,,1c28f6b3-1863-4a00-9f81-faeb6dfaca30,2021-08-29,,113,,66,,
Anne,FUMERY,interets,PEA BOUYGUES,,position_initiale,,,1c28f6b3-1863-4a00-9f81-faeb6dfaca30,2021-08-29,,197,,34,,
Anne,FUMERY,interets,PEA CA,,position_initiale,,,1c28f6b3-1863-4a00-9f81-faeb6dfaca30,2021-08-29,,228,,10,,
Anne,FUMERY,interets,PEA CARREFOUR,,position_initiale,,,1c28f6b3-1863-4a00-9f81-faeb6dfaca30,2021-08-29,,275,,33,,
Anne,FUMERY,interets,PEA DANONE,,position_initiale,,,1c28f6b3-1863-4a00-9f81-faeb6dfaca30,2021-08-29,,124,,39,,
Anne,FUMERY,interets,PEA KERING,,position_initiale,,,1c28f6b3-1863-4a00-9f81-faeb6dfaca30,2021-08-29,,34,,166,,
Anne,FUMERY,interets,PEA NOKIA,,position_initiale,,,1c28f6b3-1863-4a00-9f81-faeb6dfaca30,2021-08-29,,556,,12,,
Anne,FUMERY,interets,PEA TF1,,position_initiale,,,1c28f6b3-1863-4a00-9f81-faeb6dfaca30,2021-08-29,,150,,40,,
Anne,FUMERY,interets,PEA TOTAL,,position_initiale,,,1c28f6b3-1863-4a00-9f81-faeb6dfaca30,2021-08-29,,454,,33,,
Anne,FUMERY,interets,SCPI Credit mutuel pierre,,position_initiale,,,1c28f6b3-1863-4a00-9f81-faeb6dfaca30,2021-08-29,,96,,25171,,
Anne,FUMERY,interets,SOCIETE GENERALE,,position_initiale,,,1c28f6b3-1863-4a00-9f81-faeb6dfaca30,2021-08-29,,54,,47,,
Anne,FUMERY,interets,SUEZ,,position_initiale,,,1c28f6b3-1863-4a00-9f81-faeb6dfaca30,2021-08-29,,38,,0,,
Anne,FUMERY,interets,VALEO,,position_initiale,,,1c28f6b3-1863-4a00-9f81-faeb6dfaca30,2021-08-29,,1308,,24,,
Anne,FUMERY,interets,VIVENDI,,position_initiale,,,1c28f6b3-1863-4a00-9f81-faeb6dfaca30,2021-08-29,,230,,44,,
Angéline,FURET,interets,LE FURET A PLUMES SASU,,position_initiale,,,250d2c90-fc68-4f44-9392-6011be4211a9,2024-07-21,,5,,5,,
Julien,GABARRON,interets,SARL,,apparition,c7cae8e5-75e1-4522-9aa1-7e14d49e0021,2024-09-03,73bc7973-9e17-4ecf-8b7f-4d69a0779b6e,2025-03-24,,50,,5000,50,5000
Anne,GABORIT,interets,SANITLOC,,position_initiale,,,19b977cc-5963-47ce-b3ac-a9b814761916,2021-09-09,,2,,5000,,
Audrey,GADENNE,interets,ELIOR GROUP,,position_initiale,,,2bd66925-0e02-4e5f-9953-00c509b8fc0f,2021-08-16,,480,,2836,,
Audrey,GADENNE,interets,FIP ENTR ET REG N966,,position_initiale,,,2bd66925-0e02-4e5f-9953-00c509b8fc0f,2021-08-16,,6,,5881,,
jean baptiste,gagnoux,interets,Crédit agricole,,position_initiale,,,086f3d8b-cde5-414b-8d4b-1eb2f54dcb19,2021-08-16,,20,,33,,
LESLIE,GAILLARD,interets,EIRL LESLIE GAILLARD,,position_initiale,,,7aca1046-657b-4a88-a226-d34cc0a5db34,2021-11-03,,100,,215000,,
sébastien,galpier,interets,cabinet de lattre,,position_initiale,,,ba1a1ad2-a90d-4b33-baa3-2144b6d110a5,2021-09-21,,3000,,30000,,
sébastien,galpier,interets,JAUDE IMMOBILIER,,apparition,ba1a1ad2-a90d-4b33-baa3-2144b6d110a5,2021-09-21,9e7831b5-13ae-4ee5-b632-9010c1f67616,2025-02-03,,2500,,2500,2500,2500
Grégory,Garestier,interets,Amundi Asset Management Amundi,,position_initiale,,,02ce2483-3c93-4b3a-8d51-57f1869c837f,2025-12-23,,20,,966,,
Grégory,Garestier,interets,Amundi PEA US Tech Screened UC,,position_initiale,,,02ce2483-3c93-4b3a-8d51-57f1869c837f,2025-12-23,,30,,2008,,
Grégory,Garestier,interets,Amundi STOXX Europe 600 Banks,,position_initiale,,,02ce2483-3c93-4b3a-8d51-57f1869c837f,2025-12-23,,40,,2379,,
Grégory,Garestier,interets,Amundi STOXX Europe 600 Techno,,position_initiale,,,02ce2483-3c93-4b3a-8d51-57f1869c837f,2025-12-23,,10,,953,,
Grégory,Garestier,interets,Amundi Stoxx Europe Select Div,,position_initiale,,,02ce2483-3c93-4b3a-8d51-57f1869c837f,2025-12-23,,30,,610,,
Grégory,Garestier,interets,AXA,,position_initiale,,,02ce2483-3c93-4b3a-8d51-57f1869c837f,2025-12-23,,30,,1233,,
Grégory,Garestier,interets,BNP Paribas Easy EURO STOXX 50,,position_initiale,,,02ce2483-3c93-4b3a-8d51-57f1869c837f,2025-12-23,,50,,926,,
Grégory,Garestier,interets,BNP Paribas Easy Stoxx Europe,,position_initiale,,,02ce2483-3c93-4b3a-8d51-57f1869c837f,2025-12-23,,60,,1025,,
Grégory,Garestier,interets,L'Air Liquide,,position_initiale,,,02ce2483-3c93-4b3a-8d51-57f1869c837f,2025-12-23,,5,,799,,
Grégory,Garestier,interets,Société Générale,,position_initiale,,,02ce2483-3c93-4b3a-8d51-57f1869c837f,2025-12-23,,40,,2728,,
alain,gargani,interets,AGC,,position_initiale,,,31f14cd3-8c42-490b-af73-66c0970f56c5,2021-10-14,,100,,1000,,
alain,gargani,interets,Alga,,position_initiale,,,31f14cd3-8c42-490b-af73-66c0970f56c5,2021-10-14,,83,,29050,,
alain,gargani,interets,AOS,,position_initiale,,,31f14cd3-8c42-490b-af73-66c0970f56c5,2021-10-14,,76,,532000,,
alain,gargani,interets,Au nouestre,,position_initiale,,,31f14cd3-8c42-490b-af73-66c0970f56c5,2021-10-14,,51,,510,,
alain,gargani,interets,ERON,,position_initiale,,,31f14cd3-8c42-490b-af73-66c0970f56c5,2021-10-14,,6,,50000,,
alain,gargani,interets,ERON,,disparition,31f14cd3-8c42-490b-af73-66c0970f56c5,2021-10-14,6f4b1f4d-86fb-471b-8c18-a65bb407465e,2024-10-26,6,,50000,,-6,-50000
Marie-Charlotte,Garin,interets,Crédit Coopératif,,position_initiale,,,bdd87e32-dcda-4bb4-b0f3-4ebe3f332f13,2024-08-12,,0,,3000,,
Laurence,Garnier,interets,Thalès,,position_initiale,,,5000b69b-5bfb-4411-83bc-27a0dd394d21,2025-02-02,,170,,26537,,
Laurence,Garnier,interets,Veolia Environnement,,position_initiale,,,5000b69b-5bfb-4411-83bc-27a0dd394d21,2025-02-02,,1170,,31407,,
Laurence,Garnier,interets,Thalès,,hausse,667455cd-fe39-43df-9905-5d4128c0de23,2025-05-22,50e7dc46-b96e-426a-9a15-8ff8102e1bf1,2025-12-14,170,214,26537,49455,44,22918
Laurence,Garnier,interets,Veolia Environnement,,hausse,667455cd-fe39-43df-9905-5d4128c0de23,2025-05-22,50e7dc46-b96e-426a-9a15-8ff8102e1bf1,2025-12-14,1170,1410,31407,41087,240,9680
Nelly,Garnier,interets,GEFIP EUROLAND,,position_initiale,,,798a2df4-3eff-489e-bc60-e9a13cbee47d,2026-07-17,,135,,62088,,
Nelly,Garnier,interets,SG Liquidité PEA,,position_initiale,,,798a2df4-3eff-489e-bc60-e9a13cbee47d,2026-07-17,,2,,37045,,
Thomas,Gassilloud,interets,SARL Luxinet,,position_initiale,,,b81047c6-fbe6-40ce-8c1c-14ee09d61558,2024-07-29,,22900,,875000,,
Jean-Baptiste,Gastinne,interets,Altria Group,,position_initiale,,,e19e4939-5422-482b-9d59-6e6c0b152a28,2021-07-29,,30,,1227,,
Jean-Baptiste,Gastinne,interets,Kraft Heinz,,position_initiale,,,e19e4939-5422-482b-9d59-6e6c0b152a28,2021-07-29,,6,,197,,
Jean-Baptiste,Gastinne,interets,L'Oréal,,position_initiale,,,e19e4939-5422-482b-9d59-6e6c0b152a28,2021-07-29,,10,,3849,,
Jean-Baptiste,Gastinne,interets,Modelez int,,position_initiale,,,e19e4939-5422-482b-9d59-6e6c0b152a28,2021-07-29,,20,,1068,,
Jean-Baptiste,Gastinne,interets,Nestlé,,position_initiale,,,e19e4939-5422-482b-9d59-6e6c0b152a28,2021-07-29,,300,,31783,,
Jean-Baptiste,Gastinne,interets,Philip Morris,,position_initiale,,,e19e4939-5422-482b-9d59-6e6c0b152a28,2021-07-29,,30,,2530,,
Françoise,Gatel,interets,Innovation Pluriel,,position_initiale,,,d63d5d6d-9166-4bee-b2c9-24c9067769ef,2025-11-25,,117,,10248,,
Françoise,Gatel,interets,Nouvelles Parts Sociales B,,position_initiale,,,d63d5d6d-9166-4bee-b2c9-24c9067769ef,2025-11-25,,4047,,4047,,
Françoise,Gatel,interets,PLURIEL ATLANTIQUE,,position_initiale,,,d63d5d6d-9166-4bee-b2c9-24c9067769ef,2025-11-25,,117,,9059,,
Françoise,Gatel,patrimoine,Compte titre (CMB),,position_initiale,,,47ead3d6-257b-4dff-a359-7cf480189c35,2025-11-21,,,,24757,,
Françoise,Gatel,patrimoine,Détention directe (SANSO Longchamp AM),,position_initiale,,,47ead3d6-257b-4dff-a359-7cf480189c35,2025-11-21,,,,50000,,
Françoise,Gatel,patrimoine,PEA (CMB),,position_initiale,,,47ead3d6-257b-4dff-a359-7cf480189c35,2025-11-21,,,,8729,,
Hervé,GAURAT,interets,HGTP CONSULTING SAS,,position_initiale,,,a93db3a6-de8e-41f3-b8c2-0287d68e29b9,2021-07-18,,100,,10000,,
André,GAUTIER,interets,Caisse locale du Crédit Agricole Dieppe,,position_initiale,,,d109cba9-6683-4f24-91c4-c1b3d44f3c71,2021-08-02,,111,,165,,
Catherine,GAY,interets,CG CONSEIL,,position_initiale,,,77fe76b8-0e7c-46a6-904d-209689332d72,2021-12-10,,100,,289000,,
fabien,gay,interets,SNJH,,position_initiale,,,51f48ff4-07c9-495f-8400-65e63ad4190d,2023-10-15,,385,,0,,
CYRIL,GAYSSOT,interets,FaCylities Multi Services,,position_initiale,,,6b7a86c8-5c7e-4164-8264-f17f1fdc3d00,2021-08-22,,1100,,622177,,
Edouard,GEFFRAY,patrimoine,Compte titre (Crédit agricole),,position_initiale,,,1155d9b2-782c-4670-aed4-d0aff6f6aeef,2025-12-08,,,,96,,
David,GEHANT,interets,SAS LJP HOLDING,,apparition,3ebc6006-8487-486f-8dcd-7224ea6a1438,2021-08-17,3eb77a70-0e34-4836-83ae-0d937766c684,2022-08-18,,50,,43243,50,43243
sabine,geil,interets,néant,,position_initiale,,,299f78e5-1d19-4964-a5c9-73a979c3c2fa,2021-08-02,,0,,0,,
ALEXANDRE,GENNARO,interets,sas centre recyclage auto,,position_initiale,,,6a2ff953-45ea-403d-b91a-b61660ffcd33,2023-11-08,,799,,7990,,
AURELIE,GENOLHER,interets,FDJ,,position_initiale,,,30c3245b-de40-47ac-a653-054b6054f71e,2022-02-15,,27,,1222,,
AURELIE,GENOLHER,interets,OL GROUPE,,position_initiale,,,30c3245b-de40-47ac-a653-054b6054f71e,2022-02-15,,30,,66,,
AURELIE,GENOLHER,interets,PARTS SOCIALES CA ANDUZE,,apparition,30c3245b-de40-47ac-a653-054b6054f71e,2022-02-15,8cecbbde-abbd-4f4b-a766-42187240bf45,2022-02-19,,6737,,1010,6737,1010
fabrice,geoffroy,interets,SCP PERILLAUD - GEOFFROY,,position_initiale,,,44a4d0ac-7656-4d37-b84b-48d36c4d7393,2025-12-01,,517,,700000,,
fabrice,geoffroy,interets,MAZA,,apparition,44a4d0ac-7656-4d37-b84b-48d36c4d7393,2025-12-01,89adb603-8266-4f95-b278-657cd2e72de0,2026-03-16,,100,,100,100,100
Estelle,Gerbaud,interets,SARL ECOFI Patrimoine Gestion,,position_initiale,,,9d7d37c2-92ce-441d-9610-ae9e5df50ccf,2021-09-15,,50,,100000,,
Estelle,Gerbaud,interets,SCPI Immorente Sofidy,,position_initiale,,,9d7d37c2-92ce-441d-9610-ae9e5df50ccf,2021-09-15,,328,,99482,,
Anne,GERIN,interets,LIMATECH,,apparition,7f061efb-d15a-4ce9-bc9e-c089a0cc1c60,2021-08-30,5a4ba3de-0256-4a04-8a33-f6fd85c00f03,2022-10-02,,1,,5000,1,5000
François,GERNIGON,interets,ANGEVINE DE CONSTRUCTION,,position_initiale,,,60a33ca4-faa7-4748-b812-dee6f3d56a8c,2024-08-04,,50,,500,,
François,GERNIGON,interets,CAEXIS FORMATION,,position_initiale,,,60a33ca4-faa7-4748-b812-dee6f3d56a8c,2024-08-04,,100,,1500,,
François,GERNIGON,interets,SARL LES 3G,,position_initiale,,,60a33ca4-faa7-4748-b812-dee6f3d56a8c,2024-08-04,,10,,100,,
François,GERNIGON,interets,SFPCOLLECTIVITES,,position_initiale,,,60a33ca4-faa7-4748-b812-dee6f3d56a8c,2024-08-04,,9405,,94050,,
François,GERNIGON,interets,CAEXIS FORMATION,,disparition,60a33ca4-faa7-4748-b812-dee6f3d56a8c,2024-08-04,976c9ecf-ac0b-45d7-91bc-af352174310a,2025-06-24,100,,1500,,-100,-1500
François,GERNIGON,interets,COLBERT,,apparition,60a33ca4-faa7-4748-b812-dee6f3d56a8c,2024-08-04,976c9ecf-ac0b-45d7-91bc-af352174310a,2025-06-24,,100,,100,100,100
patrick,ghigonetto,interets,PG CUISINES,,position_initiale,,,42060d9a-4847-45fb-975c-af02eb011c42,2021-09-12,,200,,30000,,
Vincent,Gibert,interets,SA HLM Les Chalets,,position_initiale,,,032da254-ee42-4f4b-92b5-db9789f344c0,2021-08-26,,5,,191,,
Vincent,Gibert,interets,SA HLM Patrimoine Languedocienne,,position_initiale,,,032da254-ee42-4f4b-92b5-db9789f344c0,2021-08-26,,1,,16,,
Jean-Patrick,GILLE,interets,SCPI ATOUT PIERRE DIVERSIFICATION,,apparition,c391c0fe-48b5-4a8f-b5f4-8f47c8f2e6d9,2021-09-13,9a74bff8-a5eb-44ba-9817-489155ac77ac,2022-10-18,,5,,8000,5,8000
Sylvie,GINER,interets,Holding Euro-sys,,position_initiale,,,62508674-7a4f-41f7-8a84-d8a0b009040b,2022-01-20,,3396,,339585,,
Charles Ange,GINESY,interets,SA Plaza Chamois,,position_initiale,,,d3120960-6826-4800-ae71-c3ea3f821842,2021-08-29,,25596,,556000,,
Chloé,Girardot Moitié,interets,Canopi,,position_initiale,,,3f6ea76a-f267-465d-a414-37d54f90b8db,2021-08-30,,100,,450000,,
Chloé,Girardot Moitié,interets,Canopi,,disparition,f1b1c095-bad8-43df-a352-c9d6bce24157,2023-01-11,5399159a-00ac-48db-9a62-4101a2610353,2024-03-13,100,,450000,,-100,-450000
OLGA,GIVERNET,interets,SAS Chaize,,position_initiale,,,8d57450b-0423-49c9-b3d7-ebccc5098461,2025-02-23,,16,,6,,
OLGA,GIVERNET,interets,SAS Chaize Environnement,,position_initiale,,,8d57450b-0423-49c9-b3d7-ebccc5098461,2025-02-23,,1,,77,,
OLGA,GIVERNET,interets,Radience,,apparition,0984e2e9-ba32-474b-af26-11894e943b2e,2025-03-09,bc3789b2-c848-42bf-ae0b-693d985f6bd9,2026-04-12,,0,,10000,0,10000
Marie Laure,GODIN,interets,ald,,apparition,6e24a2be-e6ba-4dae-8ee7-4bc43e5ce118,2021-07-24,b500b1c2-b05f-4b03-b637-c3fcdffa6be4,2023-09-28,,150,,1896,150,1896
Marie Laure,GODIN,interets,ARGAN,,apparition,6e24a2be-e6ba-4dae-8ee7-4bc43e5ce118,2021-07-24,b500b1c2-b05f-4b03-b637-c3fcdffa6be4,2023-09-28,,200,,20600,200,20600
Marie Laure,GODIN,interets,asml holding,,apparition,6e24a2be-e6ba-4dae-8ee7-4bc43e5ce118,2021-07-24,b500b1c2-b05f-4b03-b637-c3fcdffa6be4,2023-09-28,,7,,4055,7,4055
Marie Laure,GODIN,interets,biomerieux,,apparition,6e24a2be-e6ba-4dae-8ee7-4bc43e5ce118,2021-07-24,b500b1c2-b05f-4b03-b637-c3fcdffa6be4,2023-09-28,,95,,9310,95,9310
Marie Laure,GODIN,interets,EDENRED,,apparition,6e24a2be-e6ba-4dae-8ee7-4bc43e5ce118,2021-07-24,b500b1c2-b05f-4b03-b637-c3fcdffa6be4,2023-09-28,,115,,5525,115,5525
Marie Laure,GODIN,interets,eni,,apparition,6e24a2be-e6ba-4dae-8ee7-4bc43e5ce118,2021-07-24,b500b1c2-b05f-4b03-b637-c3fcdffa6be4,2023-09-28,,150,,1540,150,1540
Marie Laure,GODIN,interets,gaztransport technigaz,,apparition,6e24a2be-e6ba-4dae-8ee7-4bc43e5ce118,2021-07-24,b500b1c2-b05f-4b03-b637-c3fcdffa6be4,2023-09-28,,34,,2315,34,2315
Marie Laure,GODIN,interets,JDD SELECTION PEA FCP,,apparition,6e24a2be-e6ba-4dae-8ee7-4bc43e5ce118,2021-07-24,b500b1c2-b05f-4b03-b637-c3fcdffa6be4,2023-09-28,,420,,56233,420,56233
Marie Laure,GODIN,interets,kingspan group,,apparition,6e24a2be-e6ba-4dae-8ee7-4bc43e5ce118,2021-07-24,b500b1c2-b05f-4b03-b637-c3fcdffa6be4,2023-09-28,,34,,2707,34,2707
Marie Laure,GODIN,interets,la française des jeux,,apparition,6e24a2be-e6ba-4dae-8ee7-4bc43e5ce118,2021-07-24,b500b1c2-b05f-4b03-b637-c3fcdffa6be4,2023-09-28,,114,,5652,114,5652
Marie Laure,GODIN,interets,Laurent Perrier,,apparition,6e24a2be-e6ba-4dae-8ee7-4bc43e5ce118,2021-07-24,b500b1c2-b05f-4b03-b637-c3fcdffa6be4,2023-09-28,,60,,5796,60,5796
Marie Laure,GODIN,interets,LEGRAND,,apparition,6e24a2be-e6ba-4dae-8ee7-4bc43e5ce118,2021-07-24,b500b1c2-b05f-4b03-b637-c3fcdffa6be4,2023-09-28,,90,,8033,90,8033
Marie Laure,GODIN,interets,rubis,,apparition,6e24a2be-e6ba-4dae-8ee7-4bc43e5ce118,2021-07-24,b500b1c2-b05f-4b03-b637-c3fcdffa6be4,2023-09-28,,161,,6035,161,6035
Marie Laure,GODIN,interets,spotify technology,,apparition,6e24a2be-e6ba-4dae-8ee7-4bc43e5ce118,2021-07-24,b500b1c2-b05f-4b03-b637-c3fcdffa6be4,2023-09-28,,10,,2318,10,2318
Marie Laure,GODIN,interets,wordline,,apparition,6e24a2be-e6ba-4dae-8ee7-4bc43e5ce118,2021-07-24,b500b1c2-b05f-4b03-b637-c3fcdffa6be4,2023-09-28,,52,,4104,52,4104
Christophe,GOMART,interets,URW,,position_initiale,,,f1849039-e3a2-44eb-bc3d-ee8a8c27c9af,2024-09-15,,1283,,86000,,
Christophe,GOMART,interets,Treize associés,,apparition,f1849039-e3a2-44eb-bc3d-ee8a8c27c9af,2024-09-15,731fa4d2-e610-4bea-a624-16be2da254d2,2025-05-05,,1,,12000,1,12000
patrick,gomont,interets,SAS Peleia 5,,apparition,0c7294a9-dedd-4f71-bdc6-21ef44ce6fa5,2021-07-20,09720d37-a19a-43d9-9e1d-1eeb54062d01,2024-04-17,,128,,128000,128,128000
patrick,gomont,interets,SAS S2A,,apparition,0c7294a9-dedd-4f71-bdc6-21ef44ce6fa5,2021-07-20,09720d37-a19a-43d9-9e1d-1eeb54062d01,2024-04-17,,855,,8550,855,8550
patrick,gomont,interets,SNC Salazie Locations 606,,apparition,0c7294a9-dedd-4f71-bdc6-21ef44ce6fa5,2021-07-20,09720d37-a19a-43d9-9e1d-1eeb54062d01,2024-04-17,,21,,21,21,21
patrick,gomont,interets,SNC Salazie Locations 711,,apparition,0c7294a9-dedd-4f71-bdc6-21ef44ce6fa5,2021-07-20,09720d37-a19a-43d9-9e1d-1eeb54062d01,2024-04-17,,21,,21,21,21
Guillaume,Gontard,interets,SEM CENTRALES VILLAGEOISES TRIEVCES,,position_initiale,,,9d6e01a0-4659-43b9-b7a5-3a19d0370428,2023-11-20,,5,,500,,
Guillaume,Gontard,interets,BA.BA ARCHITECTURE,,apparition,9d6e01a0-4659-43b9-b7a5-3a19d0370428,2023-11-20,8af5ee08-9b1e-40bd-a629-7683e31bc74f,2023-12-28,,50,,55000,50,55000
Béatrice,Gosselin,interets,SARL Ouest Mégavision,,position_initiale,,,a288ad79-6c2d-4fa3-832b-961ea7a863b5,2023-11-23,,100,,20000,,
Béatrice,Gosselin,interets,SARL Ouest Mégavision,,disparition,a288ad79-6c2d-4fa3-832b-961ea7a863b5,2023-11-23,b7b0c0a4-8d9f-46a4-a5cb-e0712f3282d5,2024-01-22,100,,20000,,-100,-20000
philippe,gosselin,interets,ADP,,position_initiale,,,b93eafdc-7fb2-4964-b2a0-dbbcc8496200,2024-09-05,,26,,3304,,
philippe,gosselin,interets,AIR FRANCE,,position_initiale,,,b93eafdc-7fb2-4964-b2a0-dbbcc8496200,2024-09-05,,5,,41,,
philippe,gosselin,interets,BNP,,position_initiale,,,b93eafdc-7fb2-4964-b2a0-dbbcc8496200,2024-09-05,,126,,7500,,
philippe,gosselin,interets,ENGIE,,position_initiale,,,b93eafdc-7fb2-4964-b2a0-dbbcc8496200,2024-09-05,,502,,6694,,
JACQUES,GOUEROU,interets,CAVAVIN GOUEROU,,position_initiale,,,c5b52c94-cd06-47ee-aa3e-272318c7018e,2021-09-25,,400,,2015,,
JACQUES,GOUEROU,interets,MANOIR DE TREOURET,,position_initiale,,,c5b52c94-cd06-47ee-aa3e-272318c7018e,2021-09-25,,400,,0,,
Philippe,GOUET,interets,SISA MSP BARILLET,,apparition,cb9d75a4-593b-47e6-9c3f-cafff3175902,2021-08-28,3dd4ae43-f38f-4ae5-a3ef-da48df9a6e87,2021-12-18,,10,,100,10,100
Ludovic,Gouyette,interets,SCIC LA COOP DES MASQUES,,position_initiale,,,33a4894a-7dc0-47b1-a56c-c2b66e88114b,2021-08-20,,1,,50,,
christian,grange,interets,BP AURA,,position_initiale,,,9afb2d74-a204-412d-b6ca-dc608772bcce,2021-08-11,,1,,320,,
christian,grange,interets,SARL PIERROT SPORTS,,position_initiale,,,9afb2d74-a204-412d-b6ca-dc608772bcce,2021-08-11,,400,,80000,,
christian,grange,interets,SARL SAINT ROZAIRE,,position_initiale,,,9afb2d74-a204-412d-b6ca-dc608772bcce,2021-08-11,,500,,0,,
christian,grange,interets,SARL CHALET GRANGE,,apparition,9afb2d74-a204-412d-b6ca-dc608772bcce,2021-08-11,3bf4b151-d471-42db-b928-8e5c82b91cd1,2023-05-10,,1,,1,1,1
christian,grange,interets,SARL LE CRET DU SERROZ,,apparition,9afb2d74-a204-412d-b6ca-dc608772bcce,2021-08-11,3bf4b151-d471-42db-b928-8e5c82b91cd1,2023-05-10,,105,,105,105,105
Olivier,GREAUX,interets,SEGECO SARL,,position_initiale,,,946cdf38-8361-406c-afa9-e7cec6137b19,2022-05-24,,50,,100000,,
Olivia,Grégoire,interets,SC Mont d'arbois,,position_initiale,,,94033047-5132-4fc4-bca6-00aceb18f219,2024-09-04,,18,,2140,,
Monique,Griseti,interets,artisanales,,position_initiale,,,6de8a1f0-2785-4745-937c-73a25a26f3a4,2024-09-11,,100,,200,,
Christophe,GRUDLER,interets,SAS LES EDITIONS DU LION,,position_initiale,,,8cf6020f-fcd9-4a37-add0-b7c10f3fe6f1,2024-07-24,,3500,,3500,,
Justine,GRUET,interets,SISA Authume Santé,,position_initiale,,,860ca1e4-122a-4b95-b0c2-778e81096658,2024-09-01,,3,,15,,
CLAIRE,GUEROULT,interets,neant,,position_initiale,,,de28baf8-995c-4bf8-83a8-5e899d86f9db,2022-07-16,,0,,0,,
Antoinette,GUHL,interets,Equinoxe Conseil,,position_initiale,,,2b84f32a-0f58-4316-bac6-322d6ae43337,2023-12-01,,100,,12192,,
SEGOLENE,GUICHARD,interets,GUICHARD & NAHRA Avocats,,apparition,d624ff12-5d6e-45d5-a19d-5fc150f54697,2021-10-28,5e3260ca-6756-42b4-b0da-7b70a4fe29e5,2022-03-29,,255,,25500,255,25500
Gilbert,Guigue,interets,Aéroport de Paris,,position_initiale,,,7b8d1e3e-e45c-48ff-acc6-39b6b69a1e63,2021-08-06,,8,,838,,
Gilbert,Guigue,interets,AXA,,position_initiale,,,7b8d1e3e-e45c-48ff-acc6-39b6b69a1e63,2021-08-06,,77,,1666,,
Gilbert,Guigue,interets,BNP Paribas,,position_initiale,,,7b8d1e3e-e45c-48ff-acc6-39b6b69a1e63,2021-08-06,,96,,4802,,
Gilbert,Guigue,interets,Engie,,position_initiale,,,7b8d1e3e-e45c-48ff-acc6-39b6b69a1e63,2021-08-06,,18,,201,,
Gilbert,Guigue,interets,FDJ,,position_initiale,,,7b8d1e3e-e45c-48ff-acc6-39b6b69a1e63,2021-08-06,,22,,1070,,
Gilbert,Guigue,interets,Orange,,position_initiale,,,7b8d1e3e-e45c-48ff-acc6-39b6b69a1e63,2021-08-06,,30,,285,,
Gilbert,Guigue,interets,SAFRAN,,position_initiale,,,7b8d1e3e-e45c-48ff-acc6-39b6b69a1e63,2021-08-06,,66,,7615,,
Gilbert,Guigue,interets,SANOFI,,position_initiale,,,7b8d1e3e-e45c-48ff-acc6-39b6b69a1e63,2021-08-06,,17,,1478,,
Gilbert,Guigue,interets,Total Energies,,position_initiale,,,7b8d1e3e-e45c-48ff-acc6-39b6b69a1e63,2021-08-06,,135,,4812,,
Jean-Vianney,GUIGUE,interets,ADIDA PARTNERS,,position_initiale,,,c5b17fa7-2fec-47e3-bab3-8a13d674d800,2021-11-17,,800,,4630,,
Jean-Vianney,GUIGUE,interets,GETLINK SE,,position_initiale,,,c5b17fa7-2fec-47e3-bab3-8a13d674d800,2021-11-17,,26,,341,,
Didier,GUILLON,interets,GUILLON,,position_initiale,,,ba3d2493-55f1-4d04-b2ca-5937cea8c4de,2021-10-18,,2000,,723000,,
Didier,GUILLON,interets,LA GROTTE,,position_initiale,,,ba3d2493-55f1-4d04-b2ca-5937cea8c4de,2021-10-18,,390,,193000,,
Didier,GUILLON,interets,SOFIKER,,position_initiale,,,ba3d2493-55f1-4d04-b2ca-5937cea8c4de,2021-10-18,,2700,,0,,
Christophe,Guilloteau,interets,Crédit agricole,,position_initiale,,,b3faf281-cc2b-4110-8aa7-5b995c7aa994,2021-08-18,,1,,20,,
CHANTAL,GUIMBERTEAU,interets,Crédit Agricole,,position_initiale,,,58425974-ba73-4b16-9c09-d6c980ce994d,2021-08-22,,541,,827,,
CHANTAL,GUIMBERTEAU,interets,Crédit Agricole,,disparition,58425974-ba73-4b16-9c09-d6c980ce994d,2021-08-22,edbbdf4e-f09a-4fae-ab99-de838bff8ef4,2022-01-19,541,,827,,-541,-827
JORDAN,GUITTON,interets,AIR LIQUIDE,,position_initiale,,,ba54dddd-44cd-4aa8-8dbf-e0dcb99dee0e,2024-08-12,,14,,2279,,
JORDAN,GUITTON,interets,ALSTOM,,position_initiale,,,ba54dddd-44cd-4aa8-8dbf-e0dcb99dee0e,2024-08-12,,1,,17,,
JORDAN,GUITTON,interets,AXA,,position_initiale,,,ba54dddd-44cd-4aa8-8dbf-e0dcb99dee0e,2024-08-12,,2,,64,,
JORDAN,GUITTON,interets,BNP PARIBAS,,position_initiale,,,ba54dddd-44cd-4aa8-8dbf-e0dcb99dee0e,2024-08-12,,5,,297,,
JORDAN,GUITTON,interets,BOUYGUES,,position_initiale,,,ba54dddd-44cd-4aa8-8dbf-e0dcb99dee0e,2024-08-12,,2,,62,,
JORDAN,GUITTON,interets,CAISSE D'EPARGNE- SLE AUBE,,position_initiale,,,ba54dddd-44cd-4aa8-8dbf-e0dcb99dee0e,2024-08-12,,447,,8940,,
JORDAN,GUITTON,interets,CARREFOUR,,position_initiale,,,ba54dddd-44cd-4aa8-8dbf-e0dcb99dee0e,2024-08-12,,2,,27,,
JORDAN,GUITTON,interets,CREDIT AGRICOLE,,position_initiale,,,ba54dddd-44cd-4aa8-8dbf-e0dcb99dee0e,2024-08-12,,5,,65,,
JORDAN,GUITTON,interets,GL EVENTS,,position_initiale,,,ba54dddd-44cd-4aa8-8dbf-e0dcb99dee0e,2024-08-12,,1,,19,,
JORDAN,GUITTON,interets,PIXIUM VISIO,,position_initiale,,,ba54dddd-44cd-4aa8-8dbf-e0dcb99dee0e,2024-08-12,,5,,1,,
JORDAN,GUITTON,interets,RENAULT,,position_initiale,,,ba54dddd-44cd-4aa8-8dbf-e0dcb99dee0e,2024-08-12,,1,,44,,
JORDAN,GUITTON,interets,TOCQUEVILLE MEGATRENDS ISR C,,position_initiale,,,ba54dddd-44cd-4aa8-8dbf-e0dcb99dee0e,2024-08-12,,2,,39,,
JORDAN,GUITTON,interets,VEOLIA ENVIRONNEMENT,,position_initiale,,,ba54dddd-44cd-4aa8-8dbf-e0dcb99dee0e,2024-08-12,,4,,110,,
JORDAN,GUITTON,interets,WAGA ENERGY,,position_initiale,,,ba54dddd-44cd-4aa8-8dbf-e0dcb99dee0e,2024-08-12,,3,,85,,
JORDAN,GUITTON,interets,AIR Liquid,,apparition,ba54dddd-44cd-4aa8-8dbf-e0dcb99dee0e,2024-08-12,13804e7e-4279-493a-aabc-631868bd4c24,2024-09-19,,1,,30,1,30
JORDAN,GUITTON,interets,danone,,apparition,ba54dddd-44cd-4aa8-8dbf-e0dcb99dee0e,2024-08-12,13804e7e-4279-493a-aabc-631868bd4c24,2024-09-19,,1,,20,1,20
JORDAN,GUITTON,interets,Michelin,,apparition,ba54dddd-44cd-4aa8-8dbf-e0dcb99dee0e,2024-08-12,13804e7e-4279-493a-aabc-631868bd4c24,2024-09-19,,1,,30,1,30
JORDAN,GUITTON,interets,Rubis,,apparition,ba54dddd-44cd-4aa8-8dbf-e0dcb99dee0e,2024-08-12,13804e7e-4279-493a-aabc-631868bd4c24,2024-09-19,,1,,25,1,25
JORDAN,GUITTON,interets,TOTAL ENERGIES,,apparition,ba54dddd-44cd-4aa8-8dbf-e0dcb99dee0e,2024-08-12,13804e7e-4279-493a-aabc-631868bd4c24,2024-09-19,,1,,50,1,50
JORDAN,GUITTON,interets,VEOLIA ENVIRONNEMENT,,hausse,ba54dddd-44cd-4aa8-8dbf-e0dcb99dee0e,2024-08-12,13804e7e-4279-493a-aabc-631868bd4c24,2024-09-19,4,5,110,130,1,20
JORDAN,GUITTON,interets,AIR LIQUID,,hausse,13804e7e-4279-493a-aabc-631868bd4c24,2024-09-19,83245522-5250-48be-a9bb-794ff4a255b2,2025-07-25,1,2,30,371,1,341
JORDAN,GUITTON,interets,AIR LIQUIDE,,hausse,13804e7e-4279-493a-aabc-631868bd4c24,2024-09-19,83245522-5250-48be-a9bb-794ff4a255b2,2025-07-25,14,14,2279,2420,0,141
JORDAN,GUITTON,interets,ALSTOM,,disparition,13804e7e-4279-493a-aabc-631868bd4c24,2024-09-19,83245522-5250-48be-a9bb-794ff4a255b2,2025-07-25,1,,17,,-1,-17
JORDAN,GUITTON,interets,AMUNDI CAC 40 (ETF),,apparition,13804e7e-4279-493a-aabc-631868bd4c24,2024-09-19,83245522-5250-48be-a9bb-794ff4a255b2,2025-07-25,,30,,1153,30,1153
JORDAN,GUITTON,interets,AXA,,disparition,13804e7e-4279-493a-aabc-631868bd4c24,2024-09-19,83245522-5250-48be-a9bb-794ff4a255b2,2025-07-25,2,,64,,-2,-64
JORDAN,GUITTON,interets,BNP PARIBAS,,baisse,13804e7e-4279-493a-aabc-631868bd4c24,2024-09-19,83245522-5250-48be-a9bb-794ff4a255b2,2025-07-25,5,3,297,305,-2,8
JORDAN,GUITTON,interets,BNP SP 500 (ETF),,apparition,13804e7e-4279-493a-aabc-631868bd4c24,2024-09-19,83245522-5250-48be-a9bb-794ff4a255b2,2025-07-25,,100,,2072,100,2072
JORDAN,GUITTON,interets,BOLLORE,,apparition,13804e7e-4279-493a-aabc-631868bd4c24,2024-09-19,83245522-5250-48be-a9bb-794ff4a255b2,2025-07-25,,30,,163,30,163
JORDAN,GUITTON,interets,BOUYGUES,,disparition,13804e7e-4279-493a-aabc-631868bd4c24,2024-09-19,83245522-5250-48be-a9bb-794ff4a255b2,2025-07-25,2,,62,,-2,-62
JORDAN,GUITTON,interets,CAC 40 DIST,,apparition,13804e7e-4279-493a-aabc-631868bd4c24,2024-09-19,83245522-5250-48be-a9bb-794ff4a255b2,2025-07-25,,2,,204,2,204
JORDAN,GUITTON,interets,CAC 40 EUR ACC (ETF),,apparition,13804e7e-4279-493a-aabc-631868bd4c24,2024-09-19,83245522-5250-48be-a9bb-794ff4a255b2,2025-07-25,,5,,204,5,204
JORDAN,GUITTON,interets,CAISSE D'EPARGNE- SLE AUBE,,hausse,13804e7e-4279-493a-aabc-631868bd4c24,2024-09-19,83245522-5250-48be-a9bb-794ff4a255b2,2025-07-25,447,447,8940,9540,0,600
JORDAN,GUITTON,interets,CARREFOUR,,disparition,13804e7e-4279-493a-aabc-631868bd4c24,2024-09-19,83245522-5250-48be-a9bb-794ff4a255b2,2025-07-25,2,,27,,-2,-27
JORDAN,GUITTON,interets,CORE MSCI WORLD USD (ETF),,apparition,13804e7e-4279-493a-aabc-631868bd4c24,2024-09-19,83245522-5250-48be-a9bb-794ff4a255b2,2025-07-25,,14,,1465,14,1465
JORDAN,GUITTON,interets,CREDIT AGRICOLE,,disparition,13804e7e-4279-493a-aabc-631868bd4c24,2024-09-19,83245522-5250-48be-a9bb-794ff4a255b2,2025-07-25,5,,65,,-5,-65
JORDAN,GUITTON,interets,DANONE,,hausse,13804e7e-4279-493a-aabc-631868bd4c24,2024-09-19,83245522-5250-48be-a9bb-794ff4a255b2,2025-07-25,1,2,20,193,1,173
JORDAN,GUITTON,interets,ELIS,,apparition,13804e7e-4279-493a-aabc-631868bd4c24,2024-09-19,83245522-5250-48be-a9bb-794ff4a255b2,2025-07-25,,6,,164,6,164
JORDAN,GUITTON,interets,Francaise energie,,apparition,13804e7e-4279-493a-aabc-631868bd4c24,2024-09-19,83245522-5250-48be-a9bb-794ff4a255b2,2025-07-25,,100,,788,100,788
JORDAN,GUITTON,interets,GAZ TRANSPORT TECHNIGAZ,,apparition,13804e7e-4279-493a-aabc-631868bd4c24,2024-09-19,83245522-5250-48be-a9bb-794ff4a255b2,2025-07-25,,1,,271,1,271
JORDAN,GUITTON,interets,GL EVENTS,,disparition,13804e7e-4279-493a-aabc-631868bd4c24,2024-09-19,83245522-5250-48be-a9bb-794ff4a255b2,2025-07-25,1,,19,,-1,-19
JORDAN,GUITTON,interets,LA FRANCAISE DE L'ENERGIE,,apparition,13804e7e-4279-493a-aabc-631868bd4c24,2024-09-19,83245522-5250-48be-a9bb-794ff4a255b2,2025-07-25,,15,,467,15,467
JORDAN,GUITTON,interets,LA FRANCAISE DES JEUX,,apparition,13804e7e-4279-493a-aabc-631868bd4c24,2024-09-19,83245522-5250-48be-a9bb-794ff4a255b2,2025-07-25,,45,,137,45,137
JORDAN,GUITTON,interets,LVMH,,apparition,13804e7e-4279-493a-aabc-631868bd4c24,2024-09-19,83245522-5250-48be-a9bb-794ff4a255b2,2025-07-25,,0,,243,0,243
JORDAN,GUITTON,interets,MICHELIN,,hausse,13804e7e-4279-493a-aabc-631868bd4c24,2024-09-19,83245522-5250-48be-a9bb-794ff4a255b2,2025-07-25,1,8,30,250,7,220
JORDAN,GUITTON,interets,MICROSOFT,,apparition,13804e7e-4279-493a-aabc-631868bd4c24,2024-09-19,83245522-5250-48be-a9bb-794ff4a255b2,2025-07-25,,0,,30,0,30
JORDAN,GUITTON,interets,MSCI EMERGING MARKET EURO (ETF),,apparition,13804e7e-4279-493a-aabc-631868bd4c24,2024-09-19,83245522-5250-48be-a9bb-794ff4a255b2,2025-07-25,,42,,231,42,231
JORDAN,GUITTON,interets,MSCI WORD SRI PAB EUR (ETF),,apparition,13804e7e-4279-493a-aabc-631868bd4c24,2024-09-19,83245522-5250-48be-a9bb-794ff4a255b2,2025-07-25,,10,,204,10,204
JORDAN,GUITTON,interets,MSCI WORD USD ACC (ETF/ 2),,apparition,13804e7e-4279-493a-aabc-631868bd4c24,2024-09-19,83245522-5250-48be-a9bb-794ff4a255b2,2025-07-25,,0,,81,0,81
JORDAN,GUITTON,interets,MSCI WORD USD (ETF),,apparition,13804e7e-4279-493a-aabc-631868bd4c24,2024-09-19,83245522-5250-48be-a9bb-794ff4a255b2,2025-07-25,,6,,747,6,747
JORDAN,GUITTON,interets,ORANGE,,apparition,13804e7e-4279-493a-aabc-631868bd4c24,2024-09-19,83245522-5250-48be-a9bb-794ff4a255b2,2025-07-25,,21,,284,21,284
JORDAN,GUITTON,interets,PHYSICAL GOLD,,apparition,13804e7e-4279-493a-aabc-631868bd4c24,2024-09-19,83245522-5250-48be-a9bb-794ff4a255b2,2025-07-25,,2,,267,2,267
JORDAN,GUITTON,interets,PHYSICAL GOLD USD (ETF),,apparition,13804e7e-4279-493a-aabc-631868bd4c24,2024-09-19,83245522-5250-48be-a9bb-794ff4a255b2,2025-07-25,,2,,334,2,334
JORDAN,GUITTON,interets,PIXIUM VISIO,,disparition,13804e7e-4279-493a-aabc-631868bd4c24,2024-09-19,83245522-5250-48be-a9bb-794ff4a255b2,2025-07-25,5,,1,,-5,-1
JORDAN,GUITTON,interets,RENAULT,,disparition,13804e7e-4279-493a-aabc-631868bd4c24,2024-09-19,83245522-5250-48be-a9bb-794ff4a255b2,2025-07-25,1,,44,,-1,-44
JORDAN,GUITTON,interets,Rubis,,hausse,13804e7e-4279-493a-aabc-631868bd4c24,2024-09-19,83245522-5250-48be-a9bb-794ff4a255b2,2025-07-25,1,12,25,360,11,335
JORDAN,GUITTON,interets,SAMSUNG,,apparition,13804e7e-4279-493a-aabc-631868bd4c24,2024-09-19,83245522-5250-48be-a9bb-794ff4a255b2,2025-07-25,,0,,444,0,444
JORDAN,GUITTON,interets,TOCQUEVILLE MEGATRENDS ISR C,,disparition,13804e7e-4279-493a-aabc-631868bd4c24,2024-09-19,83245522-5250-48be-a9bb-794ff4a255b2,2025-07-25,2,,39,,-2,-39
JORDAN,GUITTON,interets,TOTAL ENERGIES,,hausse,13804e7e-4279-493a-aabc-631868bd4c24,2024-09-19,83245522-5250-48be-a9bb-794ff4a255b2,2025-07-25,1,38,50,1974,37,1924
JORDAN,GUITTON,interets,VALLOUREC,,apparition,13804e7e-4279-493a-aabc-631868bd4c24,2024-09-19,83245522-5250-48be-a9bb-794ff4a255b2,2025-07-25,,15,,251,15,251
JORDAN,GUITTON,interets,Veolia environnement,,hausse,13804e7e-4279-493a-aabc-631868bd4c24,2024-09-19,83245522-5250-48be-a9bb-794ff4a255b2,2025-07-25,5,6,130,209,1,79
JORDAN,GUITTON,interets,VISA,,apparition,13804e7e-4279-493a-aabc-631868bd4c24,2024-09-19,83245522-5250-48be-a9bb-794ff4a255b2,2025-07-25,,0,,163,0,163
JORDAN,GUITTON,interets,WAGA ENERGY,,disparition,13804e7e-4279-493a-aabc-631868bd4c24,2024-09-19,83245522-5250-48be-a9bb-794ff4a255b2,2025-07-25,3,,85,,-3,-85
JORDAN,GUITTON,interets,WENDEL,,apparition,13804e7e-4279-493a-aabc-631868bd4c24,2024-09-19,83245522-5250-48be-a9bb-794ff4a255b2,2025-07-25,,1,,144,1,144
Steevy,GUSTAVE,interets,LABELIFE EVENTS SAS,,position_initiale,,,ab2039de-2175-4fcb-864b-7e0374a11cf6,2024-09-06,,500,,500,,
Steevy,GUSTAVE,interets,LABELLIFE RECORDS,,position_initiale,,,ab2039de-2175-4fcb-864b-7e0374a11cf6,2024-09-06,,250,,3815,,
jonas,haddad,interets,ALTO CAPITAL,,position_initiale,,,0fbf2ecb-4678-4d7d-a4b0-4cec19a0376a,2021-09-20,,300,,300,,
jonas,haddad,interets,AUTEUIL INVEST,,apparition,0fbf2ecb-4678-4d7d-a4b0-4cec19a0376a,2021-09-20,1af36171-cdc1-4738-8e0e-c4516d57442a,2025-05-29,,22500,,40000,22500,40000
Denis,Hameau,interets,ACCOR,,apparition,f40c384d-ee45-4029-a3d7-7e8736d3101a,2022-01-17,5608290a-c0d8-4899-af8a-bc0176c650d9,2023-02-18,,21,,876,21,876
Denis,Hameau,interets,ALLIANZ,,apparition,f40c384d-ee45-4029-a3d7-7e8736d3101a,2022-01-17,5608290a-c0d8-4899-af8a-bc0176c650d9,2023-02-18,,5,,1092,5,1092
Denis,Hameau,interets,AXA,,apparition,f40c384d-ee45-4029-a3d7-7e8736d3101a,2022-01-17,5608290a-c0d8-4899-af8a-bc0176c650d9,2023-02-18,,111,,2787,111,2787
Denis,Hameau,interets,BNP PARIBAS ACTIONS A,,apparition,f40c384d-ee45-4029-a3d7-7e8736d3101a,2022-01-17,5608290a-c0d8-4899-af8a-bc0176c650d9,2023-02-18,,37,,1954,37,1954
Denis,Hameau,interets,CARREFOUR,,apparition,f40c384d-ee45-4029-a3d7-7e8736d3101a,2022-01-17,5608290a-c0d8-4899-af8a-bc0176c650d9,2023-02-18,,169,,2526,169,2526
Denis,Hameau,interets,CREDIT AGRICOLE,,apparition,f40c384d-ee45-4029-a3d7-7e8736d3101a,2022-01-17,5608290a-c0d8-4899-af8a-bc0176c650d9,2023-02-18,,182,,2532,182,2532
Denis,Hameau,interets,DANONE,,apparition,f40c384d-ee45-4029-a3d7-7e8736d3101a,2022-01-17,5608290a-c0d8-4899-af8a-bc0176c650d9,2023-02-18,,18,,1330,18,1330
Denis,Hameau,interets,EIFFAGE,,apparition,f40c384d-ee45-4029-a3d7-7e8736d3101a,2022-01-17,5608290a-c0d8-4899-af8a-bc0176c650d9,2023-02-18,,12,,1224,12,1224
Denis,Hameau,interets,FRESENIUS,,apparition,f40c384d-ee45-4029-a3d7-7e8736d3101a,2022-01-17,5608290a-c0d8-4899-af8a-bc0176c650d9,2023-02-18,,35,,1756,35,1756
Denis,Hameau,interets,GALP ENERGIA,,apparition,f40c384d-ee45-4029-a3d7-7e8736d3101a,2022-01-17,5608290a-c0d8-4899-af8a-bc0176c650d9,2023-02-18,,53,,789,53,789
Denis,Hameau,interets,ILIAD,,apparition,f40c384d-ee45-4029-a3d7-7e8736d3101a,2022-01-17,5608290a-c0d8-4899-af8a-bc0176c650d9,2023-02-18,,7,,808,7,808
Denis,Hameau,interets,INDITEX,,apparition,f40c384d-ee45-4029-a3d7-7e8736d3101a,2022-01-17,5608290a-c0d8-4899-af8a-bc0176c650d9,2023-02-18,,44,,1383,44,1383
Denis,Hameau,interets,KERING,,apparition,f40c384d-ee45-4029-a3d7-7e8736d3101a,2022-01-17,5608290a-c0d8-4899-af8a-bc0176c650d9,2023-02-18,,4,,2340,4,2340
Denis,Hameau,interets,ORPEA,,apparition,f40c384d-ee45-4029-a3d7-7e8736d3101a,2022-01-17,5608290a-c0d8-4899-af8a-bc0176c650d9,2023-02-18,,9,,1028,9,1028
Denis,Hameau,interets,RENAISSANCE EUROPE,,apparition,f40c384d-ee45-4029-a3d7-7e8736d3101a,2022-01-17,5608290a-c0d8-4899-af8a-bc0176c650d9,2023-02-18,,25,,4755,25,4755
Denis,Hameau,interets,ROYAL DUTCH SHELL,,apparition,f40c384d-ee45-4029-a3d7-7e8736d3101a,2022-01-17,5608290a-c0d8-4899-af8a-bc0176c650d9,2023-02-18,,45,,1177,45,1177
Denis,Hameau,interets,SAINT GOBAIN,,apparition,f40c384d-ee45-4029-a3d7-7e8736d3101a,2022-01-17,5608290a-c0d8-4899-af8a-bc0176c650d9,2023-02-18,,25,,912,25,912
Denis,Hameau,interets,SANOFI,,apparition,f40c384d-ee45-4029-a3d7-7e8736d3101a,2022-01-17,5608290a-c0d8-4899-af8a-bc0176c650d9,2023-02-18,,39,,3495,39,3495
Denis,Hameau,interets,SAP,,apparition,f40c384d-ee45-4029-a3d7-7e8736d3101a,2022-01-17,5608290a-c0d8-4899-af8a-bc0176c650d9,2023-02-18,,14,,1684,14,1684
Denis,Hameau,interets,SOCIETE GENERALE,,apparition,f40c384d-ee45-4029-a3d7-7e8736d3101a,2022-01-17,5608290a-c0d8-4899-af8a-bc0176c650d9,2023-02-18,,35,,1085,35,1085
Denis,Hameau,interets,TOTAL,,apparition,f40c384d-ee45-4029-a3d7-7e8736d3101a,2022-01-17,5608290a-c0d8-4899-af8a-bc0176c650d9,2023-02-18,,73,,3591,73,3591
Denis,Hameau,interets,WORLDLINE,,apparition,f40c384d-ee45-4029-a3d7-7e8736d3101a,2022-01-17,5608290a-c0d8-4899-af8a-bc0176c650d9,2023-02-18,,15,,947,15,947
XAVIER,HAQUIN,interets,TRANS HANDI SNTA,,apparition,e46dc8f8-763c-4d44-a7fc-7939637ed138,2021-08-06,015f2310-f5a3-4e60-b8a1-d79a60cbb345,2022-11-29,,250,,12660,250,12660
Delphine,Hartmann,interets,AXSENS,,position_initiale,,,d7d8dcbe-3dec-4291-b63b-deebb443b66e,2021-08-06,,459,,117504,,
Delphine,Hartmann,interets,SIMPLIC,,apparition,d7d8dcbe-3dec-4291-b63b-deebb443b66e,2021-08-06,375a5471-9c3d-46a5-a2da-b7b7082401cf,2022-03-23,,2500,,50000,2500,50000
Delphine,Hartmann,interets,AXSENS,,disparition,375a5471-9c3d-46a5-a2da-b7b7082401cf,2022-03-23,3822a7c9-b0a6-4097-a446-d754644bd912,2022-05-15,459,,117504,,-459,-117504
Delphine,Hartmann,interets,SIMPLIC,,disparition,375a5471-9c3d-46a5-a2da-b7b7082401cf,2022-03-23,3822a7c9-b0a6-4097-a446-d754644bd912,2022-05-15,2500,,50000,,-2500,-50000
Célia,Hélion,interets,Neant,,position_initiale,,,af9dcaa2-e070-4ea6-a9d9-96f0e6e83c16,2021-09-13,,0,,0,,
Célia,Hélion,interets,SARL AQUALIA,,apparition,af9dcaa2-e070-4ea6-a9d9-96f0e6e83c16,2021-09-13,a841ac3d-5589-4d97-8770-3881ef5e765a,2022-03-23,,900,,900,900,900
Loïc,Hénaff,interets,Editions Blanc et Noir (SARL),,position_initiale,,,16dd4190-b291-486e-af6c-280f7fda05c8,2021-11-10,,250,,10500,,
Loïc,Hénaff,interets,JEAN HENAFF SA,,position_initiale,,,16dd4190-b291-486e-af6c-280f7fda05c8,2021-11-10,,4,,120,,
Loïc,Hénaff,interets,SOFICODI (SA),,position_initiale,,,16dd4190-b291-486e-af6c-280f7fda05c8,2021-11-10,,421,,758520,,
MICHEL,HERBILLON,interets,Caisse d'Epargne,,position_initiale,,,26c8e237-5fdc-4e88-9b6c-445c985068c8,2024-08-23,,2520,,50400,,
Celine,HERVIEU,interets,Santa Maria (Brésil),,apparition,9bb66236-049a-4c2d-a00a-e655d3a65a51,2024-08-06,5228c103-f537-4b24-91ba-33250e337e8c,2024-09-17,,267424,,104220,267424,104220
Christine,HERZOG,interets,A2 Services SARL,,position_initiale,,,64a03eae-e808-48d1-8cd8-f252fe7e5a00,2023-11-28,,2000,,19920,,
Christine,HERZOG,interets,A2 Services,,apparition,64a03eae-e808-48d1-8cd8-f252fe7e5a00,2023-11-28,6168e105-93f0-49f9-8f87-561cef8431db,2024-02-23,,1020,,19920,1020,19920
Christine,HERZOG,interets,A2 Services SARL,,disparition,64a03eae-e808-48d1-8cd8-f252fe7e5a00,2023-11-28,6168e105-93f0-49f9-8f87-561cef8431db,2024-02-23,2000,,19920,,-2000,-19920
Mathilde,HIGNET,interets,crédit agricole,,position_initiale,,,50c6f490-823b-40f4-b542-b5bad591511d,2024-07-29,,10,,140,,
Mickaël,HIRAUX,interets,DEWEZ SARL,,position_initiale,,,33b5eb2e-7f0a-4b5d-96ad-32440867893a,2021-09-14,,57,,5000,,
François,Hollande,interets,Réflexions débats perspectives & analyses,,position_initiale,,,9e24ddbd-9a39-4c0d-8abe-03201ef541dc,2024-07-25,,1,,169158,,
Adèle,HOMMET,interets,EURL INTERSERVICES EUROCIBLES,,position_initiale,,,1a5cdba5-642c-497a-a7e3-7c745964f2a0,2021-11-20,,100,,120000,,
didier,Houlès,interets,sté Copo,,position_initiale,,,e26a754a-f31d-4548-9d2d-e0c38bfcc4df,2021-08-28,,174,,3527,,
didier,Houlès,interets,sté Copo,,disparition,e26a754a-f31d-4548-9d2d-e0c38bfcc4df,2021-08-28,ddbb241a-d1f0-4e85-8d21-8b267bea1567,2022-12-06,174,,3527,,-174,-3527
Timothée,Houssin,interets,Renascitur,,apparition,76c8640d-170b-42b6-96d5-5415e310d31d,2024-11-18,0d724614-9b11-4bc3-893b-82b7d4a9cd4f,2025-03-08,,100,,1000,100,1000
Christian,Hubaud,interets,-,,apparition,a220479f-3a30-4593-95d5-0cae1d1002ac,2021-06-29,ee82d036-84f5-47f8-a7d1-d37331e3df23,2021-08-24,,0,,0,0,0
Jean-Marie,HUBERT,interets,ADP,,position_initiale,,,b2f72a3f-f959-4c73-a864-e79f0ca284b7,2021-09-01,,8,,44,,
Jean-Marie,HUBERT,interets,AIR FRANCE KLM,,position_initiale,,,b2f72a3f-f959-4c73-a864-e79f0ca284b7,2021-09-01,,22,,3,,
Jean-Marie,HUBERT,interets,AIRBUS,,position_initiale,,,b2f72a3f-f959-4c73-a864-e79f0ca284b7,2021-09-01,,7,,117,,
Jean-Marie,HUBERT,interets,CREDIT AGRICOLE S.A.,,position_initiale,,,b2f72a3f-f959-4c73-a864-e79f0ca284b7,2021-09-01,,1809,,12,,
Jean-Marie,HUBERT,interets,ELECTRICITÉ DE FRANCE,,position_initiale,,,b2f72a3f-f959-4c73-a864-e79f0ca284b7,2021-09-01,,73,,31,,
Jean-Marie,HUBERT,interets,SAFRAN,,position_initiale,,,b2f72a3f-f959-4c73-a864-e79f0ca284b7,2021-09-01,,116,,108,,
Xavier,HUBERT,interets,HUBERT-ABRY,,apparition,b5fbc2eb-44c6-4680-b3e8-20b2ec60d704,2021-08-25,1356f9b0-9628-46eb-abae-a108fc675a43,2024-01-17,,400,,100000,400,100000
pascal,HUGUET,interets,SAS EMIFLOMANS,,position_initiale,,,927c044c-f4af-4b05-8fb4-97f9c74d4b1b,2021-08-31,,0,,0,,
pascal,HUGUET,interets,HULLOUX,,position_initiale,,,927c044c-f4af-4b05-8fb4-97f9c74d4b1b,2021-08-31,,100,,100000,,
pascal,HUGUET,interets,SARL HUGAGRI,,position_initiale,,,927c044c-f4af-4b05-8fb4-97f9c74d4b1b,2021-08-31,,0,,0,,
pascal,HUGUET,interets,SAS EMIFLOMANS,,hausse,927c044c-f4af-4b05-8fb4-97f9c74d4b1b,2021-08-31,f1e565e8-9464-405a-8c73-ecb599cc1e9e,2021-12-06,0,100,0,47084,100,47084
pascal,HUGUET,interets,HULLOUX,,hausse,927c044c-f4af-4b05-8fb4-97f9c74d4b1b,2021-08-31,f1e565e8-9464-405a-8c73-ecb599cc1e9e,2021-12-06,100,25235,100000,211400,25135,111400
pascal,HUGUET,interets,SARL HUGAGRI,,hausse,927c044c-f4af-4b05-8fb4-97f9c74d4b1b,2021-08-31,f1e565e8-9464-405a-8c73-ecb599cc1e9e,2021-12-06,0,330,0,45321,330,45321
JEAN FRANCOIS,HUSSON,interets,GFA,,apparition,a1e108e7-2113-4016-ae48-42791c9cd682,2023-11-21,40e392df-a79a-4d8e-91cd-4a79a9d0810e,2023-12-21,,822,,25679,822,25679
Sébastien,Huyghe,interets,AXIOME NOTAIRES,,position_initiale,,,f13ed3e7-3d2f-44a8-a15d-f690fc0c57cd,2024-09-04,,501,,200000,,
Sébastien,Huyghe,interets,BOUYGUES,,position_initiale,,,f13ed3e7-3d2f-44a8-a15d-f690fc0c57cd,2024-09-04,,100,,2997,,
Sébastien,Huyghe,interets,Twelve International,,position_initiale,,,f13ed3e7-3d2f-44a8-a15d-f690fc0c57cd,2024-09-04,,10,,1000,,
xavier,IACOVELLI,interets,SAS GOOD POKE,,position_initiale,,,4be8142e-923d-4486-b6a9-dc689b404bfa,2023-11-09,,30,,13402,,
Céline,Imart,interets,Earl la Baronie,,position_initiale,,,b572a9c3-d357-47bc-9dbc-876aab09b22b,2024-09-06,,100,,233000,,
Céline,Imart,interets,Earl la Baronie,,hausse,b572a9c3-d357-47bc-9dbc-876aab09b22b,2024-09-06,74d1606f-5a17-46b2-8d87-47122226ace7,2025-03-13,100,100,233000,361584,0,128584
patrick,imbert,interets,HOMMES ET AMBITIONS,,position_initiale,,,bb3584a7-585d-4d7f-b9fc-a3041240df0b,2021-09-30,,100,,5000,,
Salima,INEZARENE,interets,AIR FRANCE KLM,,position_initiale,,,589842f8-59ba-4451-ad3a-dec86a8e831d,2022-01-17,,11,,99,,
Salima,INEZARENE,interets,ORANGE,,position_initiale,,,589842f8-59ba-4451-ad3a-dec86a8e831d,2022-01-17,,13,,176,,
Cyrille,Isaac-Sibille,interets,SA Clinique Charcot,,position_initiale,,,fc505ce6-b265-4a6e-a073-8cac11c37cf4,2024-09-09,,39,,39000,,
Cyrille,Isaac-Sibille,interets,SELARL isaac-sibille,,position_initiale,,,fc505ce6-b265-4a6e-a073-8cac11c37cf4,2024-09-09,,99,,100000,,
Cyrille,Isaac-Sibille,interets,SA Clinique Charcot,,hausse,fc505ce6-b265-4a6e-a073-8cac11c37cf4,2024-09-09,df43cdcb-6e8a-4d13-9f41-b42a23055241,2025-05-21,39,39,39000,78000,0,39000
Cyrille,Isaac-Sibille,interets,SELARL isaac-sibille,,disparition,fc505ce6-b265-4a6e-a073-8cac11c37cf4,2024-09-09,df43cdcb-6e8a-4d13-9f41-b42a23055241,2025-05-21,99,,100000,,-99,-100000
Nicolas,Isnard,interets,CBO TERRITORIA,,position_initiale,,,c3df7dd3-b3ff-4759-90df-2c0bc78a74b2,2021-12-08,,590,,2124,,
Nicolas,Isnard,interets,Crédit agricole,,position_initiale,,,c3df7dd3-b3ff-4759-90df-2c0bc78a74b2,2021-12-08,,80,,1638,,
Nicolas,Isnard,interets,ECOMIAM,,position_initiale,,,c3df7dd3-b3ff-4759-90df-2c0bc78a74b2,2021-12-08,,110,,1817,,
Nicolas,Isnard,interets,Engie (actions),,position_initiale,,,c3df7dd3-b3ff-4759-90df-2c0bc78a74b2,2021-12-08,,220,,2497,,
Nicolas,Isnard,interets,FDJ,,position_initiale,,,c3df7dd3-b3ff-4759-90df-2c0bc78a74b2,2021-12-08,,128,,5639,,
Nicolas,Isnard,interets,Getlink (actions),,position_initiale,,,c3df7dd3-b3ff-4759-90df-2c0bc78a74b2,2021-12-08,,428,,5829,,
Nicolas,Isnard,interets,Imerys (actions),,position_initiale,,,c3df7dd3-b3ff-4759-90df-2c0bc78a74b2,2021-12-08,,86,,3453,,
Nicolas,Isnard,interets,Metropole TV,,position_initiale,,,c3df7dd3-b3ff-4759-90df-2c0bc78a74b2,2021-12-08,,102,,1723,,
Nicolas,Isnard,interets,Orange,,position_initiale,,,c3df7dd3-b3ff-4759-90df-2c0bc78a74b2,2021-12-08,,400,,3752,,
Laurent,Jacobelli,interets,SCPI PERIAL,,position_initiale,,,d278c7e0-a091-48f2-ae8b-effb9912fbc5,2024-08-26,,99,,19881,,
Sylvie,Jacq,interets,SYBAJUX,,position_initiale,,,a2d40e67-cfa1-482d-8f86-74b580b3d065,2021-10-03,,0,,1,,
OLIVIER,JACQUIN,interets,S.C.O.P. S.A. ARDELAINE,,position_initiale,,,3082a788-709d-4e1a-8bca-75d0cc5a79c7,2023-10-21,,125,,2000,,
Yannick,Jadot,interets,Energie Partagée Investissement,,position_initiale,,,d9a8eea7-2f03-4592-978a-61a3af40af13,2023-11-17,,30,,3000,,
olivier,jardé,interets,crédit agricole,,position_initiale,,,045f60d9-f00e-46ca-8337-2fc104d1134d,2021-07-19,,0,,60823,,
olivier,jardé,interets,caisse d'epargne,,apparition,045f60d9-f00e-46ca-8337-2fc104d1134d,2021-07-19,8cfd00c8-8fb5-4c26-836a-7d607757fb73,2025-02-14,,0,,1361,0,1361
olivier,jardé,interets,crédit agricole,,baisse,045f60d9-f00e-46ca-8337-2fc104d1134d,2021-07-19,8cfd00c8-8fb5-4c26-836a-7d607757fb73,2025-02-14,0,0,60823,30889,0,-29934
Antoine,JEAN,interets,SAS Cotentin Développement,,position_initiale,,,019bc6fc-6bd1-40b4-a049-5745e824e719,2022-09-11,,100,,100,,
Antoine,JEAN,interets,FAMJEAN,,position_initiale,,,019bc6fc-6bd1-40b4-a049-5745e824e719,2022-09-11,,334,,334,,
Laurent,JEANNE,interets,Néant,,position_initiale,,,f6d1a7af-144a-4426-8d3f-1da84b962e95,2021-11-22,,0,,0,,
Françoise,JEANSON,interets,schlumberger,,position_initiale,,,ef902ffd-8b37-4220-805a-7935c267f5b1,2021-09-08,,142,,3323,,
Pascal,JENFT,interets,FERMAP-ALU,,position_initiale,,,a299ac69-383a-478d-9e31-5e0cf431cfa6,2024-07-22,,13500,,13500,,
Pascal,JENFT,interets,FERMAP-GEST,,position_initiale,,,a299ac69-383a-478d-9e31-5e0cf431cfa6,2024-07-22,,10000,,5000,,
Pascal,JENFT,interets,FERMAP-ALU,,baisse,a299ac69-383a-478d-9e31-5e0cf431cfa6,2024-07-22,dd52b3d8-d474-48e2-a227-b8cfa2abe33f,2025-04-07,13500,13500,13500,12150,0,-1350
Pascal,JENFT,interets,FERMAP-GEST,,hausse,a299ac69-383a-478d-9e31-5e0cf431cfa6,2024-07-22,dd52b3d8-d474-48e2-a227-b8cfa2abe33f,2025-04-07,10000,10000,5000,815000,0,810000
Pascal,JENFT,interets,SCI BOX24,,apparition,a299ac69-383a-478d-9e31-5e0cf431cfa6,2024-07-22,dd52b3d8-d474-48e2-a227-b8cfa2abe33f,2025-04-07,,400,,400,400,400
Alexis,Jolly,interets,SARL Piste Verte,,position_initiale,,,bdf53af7-280f-4a3d-b16a-fea0016254f6,2024-07-25,,900,,9000,,
Patrice,JOLY,interets,Air liquide,,position_initiale,,,30e94701-debd-48a4-9e15-236afa41e661,2023-11-29,,70,,12163,,
Patrice,JOLY,interets,claranova,,position_initiale,,,30e94701-debd-48a4-9e15-236afa41e661,2023-11-29,,2200,,3300,,
Patrice,JOLY,interets,Inventiva,,position_initiale,,,30e94701-debd-48a4-9e15-236afa41e661,2023-11-29,,885,,3486,,
Patrice,JOLY,interets,Unibail-Rodamco,,position_initiale,,,30e94701-debd-48a4-9e15-236afa41e661,2023-11-29,,160,,9161,,
Lauriane,JOSENDE,interets,Banque Populaire,,position_initiale,,,bff3146c-cb3c-4d70-9f15-ec12372ed03e,2023-10-15,,4000,,6000,,
Josse,Valentin,interets,Aprotech,,position_initiale,,,a8575d39-0b77-4f04-9dee-853db001c6bf,2023-07-03,,1,,250,,
Josse,Valentin,interets,Aprotech,,disparition,a8575d39-0b77-4f04-9dee-853db001c6bf,2023-07-03,cfcdef67-b4b2-4a55-8270-98aeb742db14,2024-01-19,1,,250,,-1,-250
EMMANUEL,JOULIÉ,interets,SARL NATURAL BAITS,,position_initiale,,,1720e76b-a935-4d88-9b54-a66f127c8bef,2021-08-25,,45,,4500,,
Benoît,JOURDAIN,interets,Financière Grennevo,,position_initiale,,,e99d229c-ac09-4c86-b75b-801482d451fa,2021-08-09,,100,,4517000,,
JOURDA,Muriel,interets,SCP JOURDA FAIVRE,,position_initiale,,,a181c7eb-3cae-4ea5-bfa8-0df53bb2e1c1,2023-11-29,,100,,30000,,
Guillaume,JUIN,interets,PC Immo,,position_initiale,,,a6c2000c-4581-497e-9b96-cd88c1a861ba,2022-07-21,,60,,5000,,
Denis,JULLEMIER,interets,3J FINANCE,,position_initiale,,,cba83878-c4dc-473f-9c4f-a8b172297b9b,2021-08-29,,90,,950000,,
Rémi,Justinien,interets,Aucune,,position_initiale,,,fa854b8b-6b96-47b2-9b52-82002526e0c9,2025-03-03,,0,,0,,
philippe,JUVIN,interets,advanced micro devices,,position_initiale,,,7218d0d9-56d9-4bd3-a6d4-e881a8a30166,2024-08-03,,10,,1292,,
philippe,JUVIN,interets,SG actions emergent,,position_initiale,,,7218d0d9-56d9-4bd3-a6d4-e881a8a30166,2024-08-03,,55,,6536,,
philippe,JUVIN,interets,SG actions euro,,position_initiale,,,7218d0d9-56d9-4bd3-a6d4-e881a8a30166,2024-08-03,,245,,18621,,
philippe,JUVIN,interets,SG actions euro small cap P,,position_initiale,,,7218d0d9-56d9-4bd3-a6d4-e881a8a30166,2024-08-03,,4,,4455,,
philippe,JUVIN,interets,SG actions France,,position_initiale,,,7218d0d9-56d9-4bd3-a6d4-e881a8a30166,2024-08-03,,10,,10239,,
philippe,JUVIN,interets,SG actions US,,position_initiale,,,7218d0d9-56d9-4bd3-a6d4-e881a8a30166,2024-08-03,,3043,,20582,,
philippe,JUVIN,interets,SG liquidites PEA,,position_initiale,,,7218d0d9-56d9-4bd3-a6d4-e881a8a30166,2024-08-03,,0,,1715,,
philippe,JUVIN,interets,uber technologies,,position_initiale,,,7218d0d9-56d9-4bd3-a6d4-e881a8a30166,2024-08-03,,15,,980,,
Francois,Kalfon,interets,ADELA CONSEIlS,,position_initiale,,,9612f821-bd6e-4a8c-a880-0811a991f108,2024-09-16,,10000,,989321,,
Francois,Kalfon,interets,FRANCOIS KALFON CONSEILS,,position_initiale,,,9612f821-bd6e-4a8c-a880-0811a991f108,2024-09-16,,1000,,21313,,
Francois,Kalfon,interets,ADELA CONSEILS,,baisse,9612f821-bd6e-4a8c-a880-0811a991f108,2024-09-16,bc52b1c2-db7b-4d0d-bdb2-6e38b2c92f28,2025-03-31,10000,10000,989321,89321,0,-900000
Francois,Kalfon,interets,ADELA CONSEILS,,disparition,bc52b1c2-db7b-4d0d-bdb2-6e38b2c92f28,2025-03-31,80d25678-cce8-4b6f-99d8-80be0772c52c,2026-03-18,10000,,89321,,-10000,-89321
PATRICK,KANNER,interets,Air france,,position_initiale,,,507f65b1-b6f1-426d-b584-828c1d8e4333,2023-11-03,,1300,,14540,,
GUILLAUME,KASBARIAN,interets,Air Liquide,,apparition,6f2a66ca-5b44-4dac-91a8-68e6d01384a6,2025-04-16,d372a0ae-a746-465b-bd91-6418a6d984d5,2026-04-28,,2,,378,2,378
GUILLAUME,KASBARIAN,interets,Airbus,,apparition,6f2a66ca-5b44-4dac-91a8-68e6d01384a6,2025-04-16,d372a0ae-a746-465b-bd91-6418a6d984d5,2026-04-28,,2,,332,2,332
GUILLAUME,KASBARIAN,interets,AMD (Advanced Micro Devices),,apparition,6f2a66ca-5b44-4dac-91a8-68e6d01384a6,2025-04-16,d372a0ae-a746-465b-bd91-6418a6d984d5,2026-04-28,,1,,297,1,297
GUILLAUME,KASBARIAN,interets,ESSILORLUXOTTICA,,apparition,6f2a66ca-5b44-4dac-91a8-68e6d01384a6,2025-04-16,d372a0ae-a746-465b-bd91-6418a6d984d5,2026-04-28,,1,,186,1,186
GUILLAUME,KASBARIAN,interets,Intuitive Surgical,,apparition,6f2a66ca-5b44-4dac-91a8-68e6d01384a6,2025-04-16,d372a0ae-a746-465b-bd91-6418a6d984d5,2026-04-28,,1,,412,1,412
GUILLAUME,KASBARIAN,interets,IONQ,,apparition,6f2a66ca-5b44-4dac-91a8-68e6d01384a6,2025-04-16,d372a0ae-a746-465b-bd91-6418a6d984d5,2026-04-28,,3,,109,3,109
GUILLAUME,KASBARIAN,interets,MEDINCELL,,apparition,6f2a66ca-5b44-4dac-91a8-68e6d01384a6,2025-04-16,d372a0ae-a746-465b-bd91-6418a6d984d5,2026-04-28,,10,,233,10,233
GUILLAUME,KASBARIAN,interets,PUBLICIS GROUPE,,apparition,6f2a66ca-5b44-4dac-91a8-68e6d01384a6,2025-04-16,d372a0ae-a746-465b-bd91-6418a6d984d5,2026-04-28,,3,,233,3,233
GUILLAUME,KASBARIAN,interets,REDDIT RG-A,,apparition,6f2a66ca-5b44-4dac-91a8-68e6d01384a6,2025-04-16,d372a0ae-a746-465b-bd91-6418a6d984d5,2026-04-28,,1,,132,1,132
GUILLAUME,KASBARIAN,interets,ROBLOX RG-A,,apparition,6f2a66ca-5b44-4dac-91a8-68e6d01384a6,2025-04-16,d372a0ae-a746-465b-bd91-6418a6d984d5,2026-04-28,,4,,194,4,194
GUILLAUME,KASBARIAN,interets,SAFRAN,,apparition,6f2a66ca-5b44-4dac-91a8-68e6d01384a6,2025-04-16,d372a0ae-a746-465b-bd91-6418a6d984d5,2026-04-28,,1,,274,1,274
GUILLAUME,KASBARIAN,interets,Salesforce,,apparition,6f2a66ca-5b44-4dac-91a8-68e6d01384a6,2025-04-16,d372a0ae-a746-465b-bd91-6418a6d984d5,2026-04-28,,2,,304,2,304
GUILLAUME,KASBARIAN,interets,SANOFI,,apparition,6f2a66ca-5b44-4dac-91a8-68e6d01384a6,2025-04-16,d372a0ae-a746-465b-bd91-6418a6d984d5,2026-04-28,,3,,238,3,238
GUILLAUME,KASBARIAN,interets,SARTORIUS STEDIM BIOTECH,,apparition,6f2a66ca-5b44-4dac-91a8-68e6d01384a6,2025-04-16,d372a0ae-a746-465b-bd91-6418a6d984d5,2026-04-28,,1,,162,1,162
GUILLAUME,KASBARIAN,interets,SEA SP ADR-A,,apparition,6f2a66ca-5b44-4dac-91a8-68e6d01384a6,2025-04-16,d372a0ae-a746-465b-bd91-6418a6d984d5,2026-04-28,,2,,146,2,146
GUILLAUME,KASBARIAN,interets,SERVICENOW,,apparition,6f2a66ca-5b44-4dac-91a8-68e6d01384a6,2025-04-16,d372a0ae-a746-465b-bd91-6418a6d984d5,2026-04-28,,4,,308,4,308
GUILLAUME,KASBARIAN,interets,SONY GRP SP ADR,,apparition,6f2a66ca-5b44-4dac-91a8-68e6d01384a6,2025-04-16,d372a0ae-a746-465b-bd91-6418a6d984d5,2026-04-28,,13,,225,13,225
GUILLAUME,KASBARIAN,interets,TELEPERFORMANCE,,apparition,6f2a66ca-5b44-4dac-91a8-68e6d01384a6,2025-04-16,d372a0ae-a746-465b-bd91-6418a6d984d5,2026-04-28,,3,,3,3,3
GUILLAUME,KASBARIAN,interets,UBER TECH,,apparition,6f2a66ca-5b44-4dac-91a8-68e6d01384a6,2025-04-16,d372a0ae-a746-465b-bd91-6418a6d984d5,2026-04-28,,4,,255,4,255
GUILLAUME,KASBARIAN,interets,VISA RG-A,,apparition,6f2a66ca-5b44-4dac-91a8-68e6d01384a6,2025-04-16,d372a0ae-a746-465b-bd91-6418a6d984d5,2026-04-28,,1,,264,1,264
GUILLAUME,KASBARIAN,interets,ZSCALER,,apparition,6f2a66ca-5b44-4dac-91a8-68e6d01384a6,2025-04-16,d372a0ae-a746-465b-bd91-6418a6d984d5,2026-04-28,,2,,233,2,233
Benoit,KAUTAI,interets,MARQU'EASYCAR,,position_initiale,,,161985d2-5253-422f-a4f2-06be54cd6e2a,2023-07-10,,0,,243,,
Benoit,KAUTAI,interets,MARQU'EASYCAR,,hausse,161985d2-5253-422f-a4f2-06be54cd6e2a,2023-07-10,6e74df15-583a-478e-afb7-3697481e7d11,2024-01-11,0,0,243,251,0,8
Fabienne,Keller,interets,CITIZ Société d'Auto partage,,position_initiale,,,d04c1acb-035a-4d4f-a1e2-13d8f43b8403,2024-08-02,,1,,1000,,
khalifé,khalifé,interets,Fonds Euros SPIRICA,,apparition,d051fff8-1fe1-480b-9d95-1b64402c8acc,2023-10-29,6ae76ebd-5e51-4991-9e8f-9c65a2d58a4e,2024-02-29,,1,,67332,1,67332
Brigitte,Klinkert,interets,Banque Fédérative du Crédit Mutuel,,position_initiale,,,dd39a8b4-17ea-4972-b98b-7547198153a9,2024-08-02,,515,,22928,,
Brigitte,Klinkert,interets,Caisse fédérale de Crédit Mutuel,,position_initiale,,,dd39a8b4-17ea-4972-b98b-7547198153a9,2024-08-02,,61222,,61222,,
Brigitte,Klinkert,interets,Banque Fédérative du Crédit Mutuel,,disparition,dd39a8b4-17ea-4972-b98b-7547198153a9,2024-08-02,2abc11ee-f174-41a5-8a4a-f68f60d1635d,2025-04-10,515,,22928,,-515,-22928
Marielle,KOHUMOETINI,interets,SARL MARIELLE MAIRE,,position_initiale,,,8d6893ab-ceb4-4428-abc2-de1d46de4612,2023-07-11,,450,,7513,,
Teremuura,RURUA,interets,scatahitiprovanille,,position_initiale,,,a3e8bd60-fa86-4eb5-ad15-3f3bba1777e7,2023-07-08,,70,,70000,,
josephine,kollmannsberger,interets,Air Liquide,,apparition,e138e5f6-8a33-4dba-bd70-cbf2477678a8,2021-07-07,5f8ff657-e7c6-462f-9715-6a7ac653c8e5,2022-09-08,,22,,2953,22,2953
emilie,kuchel,interets,Crédit cooperatif,,position_initiale,,,3cbda12e-01da-4c19-bb69-167b799ded1b,2022-01-31,,983,,15000,,
vincent,labarthe,interets,SAS La RENTIE,,position_initiale,,,6ee80426-7c1e-420b-9674-cea225660a8f,2021-09-09,,1600,,4000,,
vincent,labarthe,interets,SAS Lot Agriculture Energie Solaire,,position_initiale,,,6ee80426-7c1e-420b-9674-cea225660a8f,2021-09-09,,410,,4100,,
vincent,labarthe,interets,SAES Segala Agriculture et Energie Solaire,,position_initiale,,,6ee80426-7c1e-420b-9674-cea225660a8f,2021-09-09,,118,,10420,,
Florent,LACARRERE,interets,HL64,,position_initiale,,,92580508-34fc-4e2d-81bc-029c298652bb,2021-12-08,,1,,10,,
Jacques,Ladegaillerie,interets,SAS MAISON FD ARNAUD,,apparition,b0bffaf7-8ab9-40cf-a6d6-ff3c71aa881f,2022-04-23,45aec0d4-92e9-4ba0-9a6d-6f37dfc1bc96,2022-05-25,,1,,40,1,40
Julie,LAERNOES,interets,SCA Eglantine,,position_initiale,,,d4a45a8b-1cbb-43b8-9600-7b04724be770,2024-09-02,,3445,,209000,,
Julie,LAERNOES,interets,SCA Eglantine,,baisse,d4a45a8b-1cbb-43b8-9600-7b04724be770,2024-09-02,0deaea64-92cc-4869-9a7e-f1a1f7232217,2025-01-25,3445,3445,209000,115983,0,-93017
marie laure,lafargue,interets,basket landes sasp,,position_initiale,,,5c5779f0-fe0a-4e87-8eed-6f2757972206,2021-12-09,,4,,2000,,
marie laure,lafargue,interets,basket landes sasp,,hausse,1033de8f-bfe5-463c-9220-f60b06f872a4,2023-07-26,72b5cb33-4e65-4ec9-8820-4d089b16d309,2024-12-10,4,4,2000,4500,0,2500
marie laure,lafargue,interets,M2LD,,apparition,da2dfe77-a394-4bba-8be1-7e6f325524ed,2025-06-27,949ba628-aeca-4111-9119-0e6e46b5ef3c,2026-01-28,,10,,100,10,100
SANDRINE,LAFARGUE,interets,COMPTE TITRE ORDINAIRE CREDIT AGRICOLE,,apparition,914eceac-647c-490d-bcf9-66bbd89844db,2021-08-10,1add8a72-53e9-4c92-b9ce-c2b2e00abf3f,2022-09-27,,1,,20,1,20
Patricia,LAFON GAUTHIER,interets,SCIERIE DE LANDROU,,position_initiale,,,9f65c2bc-0c43-433c-acad-8fc131adf2c3,2021-09-08,,50,,44853,,
LAURENT,LAFON,interets,Air Liquide,,position_initiale,,,f53e7828-ea06-4928-850b-e321a5206045,2023-11-16,,4,,669,,
LAURENT,LAFON,interets,Airbus,,position_initiale,,,f53e7828-ea06-4928-850b-e321a5206045,2023-11-16,,4,,522,,
LAURENT,LAFON,interets,Axa,,position_initiale,,,f53e7828-ea06-4928-850b-e321a5206045,2023-11-16,,24,,674,,
LAURENT,LAFON,interets,Bouygues,,position_initiale,,,f53e7828-ea06-4928-850b-e321a5206045,2023-11-16,,2,,68,,
LAURENT,LAFON,interets,Capgemini,,position_initiale,,,f53e7828-ea06-4928-850b-e321a5206045,2023-11-16,,3,,519,,
LAURENT,LAFON,interets,Carrefour,,position_initiale,,,f53e7828-ea06-4928-850b-e321a5206045,2023-11-16,,2,,34,,
LAURENT,LAFON,interets,Crédit Agricole,,position_initiale,,,f53e7828-ea06-4928-850b-e321a5206045,2023-11-16,,2,,24,,
LAURENT,LAFON,interets,Danone,,position_initiale,,,f53e7828-ea06-4928-850b-e321a5206045,2023-11-16,,3,,173,,
LAURENT,LAFON,interets,FDJ,,position_initiale,,,f53e7828-ea06-4928-850b-e321a5206045,2023-11-16,,5,,159,,
LAURENT,LAFON,interets,Hermès,,position_initiale,,,f53e7828-ea06-4928-850b-e321a5206045,2023-11-16,,1,,1863,,
LAURENT,LAFON,interets,Pernod Ricard,,position_initiale,,,f53e7828-ea06-4928-850b-e321a5206045,2023-11-16,,7,,1153,,
LAURENT,LAFON,interets,Publicis Groupe,,position_initiale,,,f53e7828-ea06-4928-850b-e321a5206045,2023-11-16,,5,,352,,
LAURENT,LAFON,interets,Renault,,position_initiale,,,f53e7828-ea06-4928-850b-e321a5206045,2023-11-16,,5,,172,,
LAURENT,LAFON,interets,Sanofi,,position_initiale,,,f53e7828-ea06-4928-850b-e321a5206045,2023-11-16,,5,,432,,
LAURENT,LAFON,interets,Sodexo,,position_initiale,,,f53e7828-ea06-4928-850b-e321a5206045,2023-11-16,,4,,400,,
LAURENT,LAFON,interets,Solway,,position_initiale,,,f53e7828-ea06-4928-850b-e321a5206045,2023-11-16,,2,,199,,
LAURENT,LAFON,interets,Stellantis,,position_initiale,,,f53e7828-ea06-4928-850b-e321a5206045,2023-11-16,,8,,145,,
LAURENT,LAFON,interets,Ubisoft Entertain,,position_initiale,,,f53e7828-ea06-4928-850b-e321a5206045,2023-11-16,,4,,117,,
LAURENT,LAFON,interets,Valeo,,position_initiale,,,f53e7828-ea06-4928-850b-e321a5206045,2023-11-16,,10,,125,,
LAURENT,LAGES,interets,néant,,position_initiale,,,a6ced1e4-85e0-432d-be39-a9dca96601f0,2022-03-31,,0,,0,,
Thierry,LAGNEAU,interets,PEA,,apparition,082bc1c8-6d38-42d8-86f8-f52d34a4c105,2021-08-31,88f1aba5-479a-43ae-ba84-38a17145ddde,2022-07-29,,343,,25080,343,25080
Remy,LAGOURGUE,interets,EURL RL Détection,,apparition,0b03ec85-d9be-4177-ab30-2e9e349cc287,2023-02-09,2b3c23ee-fc52-4f4b-a708-9f1cafc13f64,2023-02-10,,100,,1000,100,1000
Remy,LAGOURGUE,interets,RL Détection OI,,apparition,0b03ec85-d9be-4177-ab30-2e9e349cc287,2023-02-09,2b3c23ee-fc52-4f4b-a708-9f1cafc13f64,2023-02-10,,100,,1000,100,1000
Remy,LAGOURGUE,interets,EURL RL Détection,,hausse,2b3c23ee-fc52-4f4b-a708-9f1cafc13f64,2023-02-10,9ba966bf-2460-46c4-9498-19a8bb487363,2023-02-17,100,100,1000,541743,0,540743
Lynda,Lahalle,interets,HAPIDEV,,position_initiale,,,284a232a-6387-4413-9d59-ef3f007df7e7,2021-09-25,,100,,400,,
Isabelle,LAHORE,interets,CRCAM Pyr Gascogne,,apparition,99bcf0f9-5d60-427e-9971-22214c503b99,2021-08-05,e474985e-e1b2-4dec-a292-0dcff48386aa,2022-10-23,,0,,21661,0,21661
Isabelle,LAHORE,interets,SAS MAISON MIQUEU,,apparition,99bcf0f9-5d60-427e-9971-22214c503b99,2021-08-05,e474985e-e1b2-4dec-a292-0dcff48386aa,2022-10-23,,225,,0,225,0
Melissa,Lake,interets,MLK CONSULTING,,position_initiale,,,fefd200d-d373-4967-80a1-013393f6cb76,2022-07-31,,100,,20000,,
Amal Amélia,LAKRAFI,interets,SAS EKOKLEAN ON DEMAND,,position_initiale,,,fb3f2a76-e7e9-4700-ae65-8822e8c9e318,2024-08-06,,20,,10000,,
Jean-Sebastien,Laloy,interets,SCP FREYDEFONT-LALOY,,position_initiale,,,d9ca5237-1b9b-40f8-b7e0-932afb6512da,2021-09-02,,100,,5000,,
THOMAS,LAM,interets,ASINA CONSEIL,,position_initiale,,,9e035962-0f7d-4f00-9fa1-0130d86b8014,2024-09-06,,10,,10,,
THOMAS,LAM,interets,SAS ASINARIA,,position_initiale,,,9e035962-0f7d-4f00-9fa1-0130d86b8014,2024-09-06,,1000,,1000,,
alain,LAMY,interets,INGENIS GROUPE,,position_initiale,,,bacac641-d766-4a96-8da4-6d253389f500,2021-08-04,,216,,80000,,
alain,LAMY,interets,INGENIS BF21,,position_initiale,,,bacac641-d766-4a96-8da4-6d253389f500,2021-08-04,,1,,1,,
alain,LAMY,interets,INGENIS CONSULTING,,position_initiale,,,bacac641-d766-4a96-8da4-6d253389f500,2021-08-04,,1,,1,,
alain,LAMY,interets,INGENIS CONSULTING CO,,position_initiale,,,bacac641-d766-4a96-8da4-6d253389f500,2021-08-04,,1,,1,,
alain,LAMY,interets,INGENIS CONSULTING SU,,position_initiale,,,bacac641-d766-4a96-8da4-6d253389f500,2021-08-04,,1,,1,,
Gérard,LARCHER,interets,CENTRAVET,,position_initiale,,,a133b91c-02ee-4e6a-9ea3-3e8ef1a9f6a7,2023-12-01,,2,,610,,
Gérard,LARCHER,interets,Crédit Mutuel,,position_initiale,,,a133b91c-02ee-4e6a-9ea3-3e8ef1a9f6a7,2023-12-01,,1,,30,,
beatrice,largeau,interets,00,,apparition,4d6350b3-a295-446f-ad0e-b99da87c8128,2021-08-29,faa0eebd-8c5f-49ca-a7ed-b46d56e7c63a,2022-04-23,,0,,0,0,0
Benoit,Larrouquis,interets,funky lead SA de CV,,position_initiale,,,87db1b53-c131-40e6-8d4b-f2a291df9e2c,2026-01-07,,49,,100000,,
Benoit,Larrouquis,interets,Lola invest,,position_initiale,,,87db1b53-c131-40e6-8d4b-f2a291df9e2c,2026-01-07,,199,,3355000,,
VALERIE,LASSALLE,interets,SAS INVEST'LASSALLE,,apparition,05a60420-c250-4ff9-8a9d-332a638ec8a1,2024-12-16,5b492472-1a85-4387-9df4-16f6ee498051,2025-02-04,,4317,,5920563,4317,5920563
VALERIE,LASSALLE,interets,SAS LA CASA SAN BIAGGIO,,apparition,05a60420-c250-4ff9-8a9d-332a638ec8a1,2024-12-16,5b492472-1a85-4387-9df4-16f6ee498051,2025-02-04,,320,,53788,320,53788
VALERIE,LASSALLE,interets,SAS THERM'LOGES,,apparition,05a60420-c250-4ff9-8a9d-332a638ec8a1,2024-12-16,5b492472-1a85-4387-9df4-16f6ee498051,2025-02-04,,320,,3100,320,3100
Jean-Jacques,LASSERRE,interets,Earl Christophe,,position_initiale,,,df388a43-4b3e-46ef-ae6b-43cf863be1be,2021-08-19,,150,,1500,,
Jean-Jacques,LASSERRE,interets,Crédit Agricole,,apparition,df388a43-4b3e-46ef-ae6b-43cf863be1be,2021-08-19,74d4b5ef-6261-4636-8463-b3c59915c702,2022-08-12,,100,,18544,100,18544
Jean-Jacques,LASSERRE,interets,EDF,,apparition,df388a43-4b3e-46ef-ae6b-43cf863be1be,2021-08-19,74d4b5ef-6261-4636-8463-b3c59915c702,2022-08-12,,30,,309,30,309
Jean-Jacques,LASSERRE,interets,engie,,apparition,df388a43-4b3e-46ef-ae6b-43cf863be1be,2021-08-19,74d4b5ef-6261-4636-8463-b3c59915c702,2022-08-12,,68,,884,68,884
Philippe,LATOMBE,interets,EUROTUNNEL,,position_initiale,,,ec1c49fe-5ea4-4ef1-a68c-2bf1295500fc,2024-07-23,,21,,357,,
Philippe,LATOMBE,interets,FDJ,,position_initiale,,,ec1c49fe-5ea4-4ef1-a68c-2bf1295500fc,2024-07-23,,101,,3730,,
Lauqué,Christine,interets,CRCAM Pyrenees Gascogne,,apparition,e2c321ca-5665-4706-a1b6-354278efd236,2021-08-22,2a631262-23f8-4f39-b341-4b0c249ed9d9,2022-09-23,,27,,2629,27,2629
Nuihau,LAUREY,interets,SA MARAMA NUI,,position_initiale,,,ba135a73-4724-4120-8dfb-992ee8c528ba,2023-07-25,,10,,335,,
Antoine,Léaument,interets,Nicox,,position_initiale,,,c8519f19-28eb-4ef8-b73e-5e10be3b5a77,2024-08-01,,12,,2,,
Antoine,Léaument,interets,Vantiva,,position_initiale,,,c8519f19-28eb-4ef8-b73e-5e10be3b5a77,2024-08-01,,12,,1,,
Antoine,Léaument,interets,Groupe Vial,,position_initiale,,,c8519f19-28eb-4ef8-b73e-5e10be3b5a77,2024-08-01,,183,,0,,
Robert,Le Bourgeois,interets,SOCIETE GENERALE,,position_initiale,,,9d50fb4e-664b-4303-b7b9-e6dff5bb63ee,2024-08-28,,6720,,157111,,
Isabelle,Le Callennec,interets,CMB,,apparition,24bba6a4-755f-4ac0-bd70-552672e1e136,2024-07-25,c63b87e9-fd43-4865-b77d-1b24935e63ed,2025-04-21,,20238,,20238,20238,20238
julie,lechanteux,interets,Banque Populaire,,position_initiale,,,90f99118-f39e-416c-9998-3e8ff56247f8,2024-08-19,,188,,3008,,
Simon,LECLERC,interets,Bpalc,,position_initiale,,,d64aac7f-ece1-4735-a690-873bad43476e,2021-08-31,,63,,472,,
Francoise,LECOUFLE,interets,Actions MICHELIN,,position_initiale,,,9b95be17-033f-4d60-8b7a-f3d0efa79536,2021-08-23,,3903,,528076,,
Francoise,LECOUFLE,interets,BICS,,position_initiale,,,9b95be17-033f-4d60-8b7a-f3d0efa79536,2021-08-23,,100,,117800,,
Francoise,LECOUFLE,interets,Orchidees Phil Vacherot Lecoufle,,position_initiale,,,9b95be17-033f-4d60-8b7a-f3d0efa79536,2021-08-23,,1885,,40000,,
Dimitri,Ledee,interets,sasu eco'leau,,position_initiale,,,de997da6-3689-4251-9d10-41e33e7e5e92,2022-05-25,,500,,720,,
Dimitri,Ledee,interets,sasu le petit ecolo,,position_initiale,,,de997da6-3689-4251-9d10-41e33e7e5e92,2022-05-25,,50,,16247,,
Dimitri,Ledee,interets,sarl sbct,,position_initiale,,,de997da6-3689-4251-9d10-41e33e7e5e92,2022-05-25,,500,,6930,,
Jean louis,Ledeux,interets,SYLPA LE2,,position_initiale,,,00d924ee-0d2c-4ff5-afd9-a74cf6d9bcf5,2021-09-05,,59900,,60000,,
Stéphane,LE DOARE,interets,SARL GEOFIMO,,position_initiale,,,5920fb3b-84d4-4de9-9e3e-026790d30dbf,2023-08-10,,42150,,42150,,
Christophe,LE DORVEN,interets,LES MUSICIENS,,apparition,162af9fd-126c-4b0d-90b9-af266d61e83b,2022-01-19,16ca6ba6-d37b-44a9-8d6c-6cbaa50df793,2022-01-21,,1000,,1,1000,1
Mathieu,LEFEVRE,patrimoine,Détention directe (Banque populaire),,position_initiale,,,5382331f-88ab-4089-99e3-e2f1e9a7289f,2025-10-29,,,,50,,
Didier,LE GAC,interets,CRCA,,apparition,b0b73f5b-813d-44cf-9234-90fd6c538c50,2024-07-15,bedba8e1-ffe7-405a-99cc-c0a223321b9c,2024-10-28,,4,,177,4,177
Constance,LE GRIP,interets,Continental,,position_initiale,,,889ca547-33f0-40b8-9e83-003a1816c6bb,2024-08-14,,34,,2053,,
Constance,LE GRIP,interets,Michelin,,position_initiale,,,889ca547-33f0-40b8-9e83-003a1816c6bb,2024-08-14,,20,,760,,
Anne,Le Hénanff,patrimoine,Compte titre (BNP Paribas),,position_initiale,,,69f2d720-c3de-4a9e-9cae-970b0bceee66,2025-11-16,,,,3210,,
Didier,LEMAIRE,interets,Maison de santé pluridisciplinaire de Dannemarie,,apparition,06514673-fa61-4759-bcac-864be05725ad,2024-09-09,febb193c-0454-4df9-a8ab-a04a1e78cd39,2025-01-14,,5,,25,5,25
Didier,LEMAIRE,interets,SCM GROUPE MEDICAL DE DANNEMARIE,,apparition,06514673-fa61-4759-bcac-864be05725ad,2024-09-09,febb193c-0454-4df9-a8ab-a04a1e78cd39,2025-01-14,,1,,11,1,11
jacques,lemare,interets,SA HLM La Roseraie,,position_initiale,,,8abacc08-2265-4014-afd3-bcf65dfd5c14,2021-07-24,,10,,360,,
CHRISTINE,LE NABOUR,interets,OPEN !,,position_initiale,,,951eb237-53aa-4b60-91a4-838d5d7db6b6,2024-08-27,,40,,30000,,
Bartolomé,Lenoir,interets,La Chaise Française,,position_initiale,,,8d30acbd-5897-482f-a289-1db8bc40cb75,2024-09-05,,94,,15813,,
Véronique,LENOIR,interets,twinpalms sas,,position_initiale,,,4bc4cb86-edfe-4a02-8563-d41bf921574e,2023-01-10,,100,,8000,,
Georges,LEONETTI,interets,Air Liquide,,position_initiale,,,1ab106a3-0065-41da-9d77-5946ae1393a6,2021-12-23,,118,,17681,,
Georges,LEONETTI,interets,AIRBUS,,position_initiale,,,1ab106a3-0065-41da-9d77-5946ae1393a6,2021-12-23,,10,,1068,,
Georges,LEONETTI,interets,ATOS,,position_initiale,,,1ab106a3-0065-41da-9d77-5946ae1393a6,2021-12-23,,52,,1882,,
Georges,LEONETTI,interets,AXA,,position_initiale,,,1ab106a3-0065-41da-9d77-5946ae1393a6,2021-12-23,,353,,8969,,
Georges,LEONETTI,interets,BNP Paribas,,position_initiale,,,1ab106a3-0065-41da-9d77-5946ae1393a6,2021-12-23,,75,,4414,,
Georges,LEONETTI,interets,BOUYGUES,,position_initiale,,,1ab106a3-0065-41da-9d77-5946ae1393a6,2021-12-23,,80,,2435,,
Georges,LEONETTI,interets,CNP Assurances,,position_initiale,,,1ab106a3-0065-41da-9d77-5946ae1393a6,2021-12-23,,235,,5097,,
Georges,LEONETTI,interets,CREDIT AGRICOLE,,position_initiale,,,1ab106a3-0065-41da-9d77-5946ae1393a6,2021-12-23,,160,,1947,,
Georges,LEONETTI,interets,ENGIE,,position_initiale,,,1ab106a3-0065-41da-9d77-5946ae1393a6,2021-12-23,,312,,4040,,
Georges,LEONETTI,interets,EUTELSAT Communications,,position_initiale,,,1ab106a3-0065-41da-9d77-5946ae1393a6,2021-12-23,,236,,2507,,
Georges,LEONETTI,interets,Métropole Télévision,,position_initiale,,,1ab106a3-0065-41da-9d77-5946ae1393a6,2021-12-23,,204,,3439,,
Georges,LEONETTI,interets,ORANGE,,position_initiale,,,1ab106a3-0065-41da-9d77-5946ae1393a6,2021-12-23,,835,,8622,,
Georges,LEONETTI,interets,RENAULT,,position_initiale,,,1ab106a3-0065-41da-9d77-5946ae1393a6,2021-12-23,,40,,1164,,
Georges,LEONETTI,interets,SAINT GOBAIN,,position_initiale,,,1ab106a3-0065-41da-9d77-5946ae1393a6,2021-12-23,,20,,1181,,
Georges,LEONETTI,interets,SANOFI,,position_initiale,,,1ab106a3-0065-41da-9d77-5946ae1393a6,2021-12-23,,219,,19201,,
Georges,LEONETTI,interets,SMCP,,position_initiale,,,1ab106a3-0065-41da-9d77-5946ae1393a6,2021-12-23,,135,,949,,
Georges,LEONETTI,interets,SOCIETE GENERALE,,position_initiale,,,1ab106a3-0065-41da-9d77-5946ae1393a6,2021-12-23,,115,,3348,,
Georges,LEONETTI,interets,TOTAL,,position_initiale,,,1ab106a3-0065-41da-9d77-5946ae1393a6,2021-12-23,,392,,17404,,
Georges,LEONETTI,interets,VALLOUREC,,position_initiale,,,1ab106a3-0065-41da-9d77-5946ae1393a6,2021-12-23,,1,,9,,
Georges,LEONETTI,interets,VEOLIA ENVIRONNEMENT,,position_initiale,,,1ab106a3-0065-41da-9d77-5946ae1393a6,2021-12-23,,341,,10761,,
Georges,LEONETTI,interets,VINCI,,position_initiale,,,1ab106a3-0065-41da-9d77-5946ae1393a6,2021-12-23,,178,,15612,,
Colette,LERMAN,interets,GuidiGO Europe,,position_initiale,,,9d09646b-5adf-4e63-88e9-f957d0027dbb,2021-07-20,,334333,,90000,,
denis,LEROUX,interets,SELARL LEROUX Associés,,position_initiale,,,6270725c-4343-4485-a71f-886d9413d0d1,2021-09-18,,550,,5500,,
Franck,LEROY,interets,Sarl HFAG,,position_initiale,,,cf44f066-d2f9-4ebc-8604-538ea1e3982c,2023-03-06,,1,,5000,,
Franck,LEROY,interets,Sarl MPC Consultants,,position_initiale,,,cf44f066-d2f9-4ebc-8604-538ea1e3982c,2023-03-06,,200,,5500,,
Franck,LEROY,interets,Sa SIB,,position_initiale,,,cf44f066-d2f9-4ebc-8604-538ea1e3982c,2023-03-06,,1,,500,,
Franck,LEROY,interets,Sarl MPC Consultants,,disparition,cf44f066-d2f9-4ebc-8604-538ea1e3982c,2023-03-06,49be23ee-69bd-4dfe-8b2e-5178c71dc89e,2023-11-06,200,,5500,,-200,-5500
Franck,LEROY,interets,SCP LE NUE-LEROY-PLAGNE,,apparition,cf44f066-d2f9-4ebc-8604-538ea1e3982c,2023-03-06,49be23ee-69bd-4dfe-8b2e-5178c71dc89e,2023-11-06,,1,,20,1,20
Diane,LESEIGNEUR,interets,SARL LESEIGNEUR CDP2,,apparition,bad090eb-a7f6-4a98-97c8-fff778938406,2022-05-11,3cd2acdf-498d-4f53-9019-96b9be546f7d,2022-08-11,,40,,800,40,800
Gérard,Leseul,interets,CFIE,,position_initiale,,,5e11cd01-7cb6-4f9c-acc5-d50fcf1fd2bd,2024-08-09,,33,,50,,
Gérard,Leseul,interets,sarl Chrijunotin,,position_initiale,,,5e11cd01-7cb6-4f9c-acc5-d50fcf1fd2bd,2024-08-09,,5,,500,,
sophie,levesque,interets,BUREAU VERITAS,,apparition,173cea6a-b7ec-48b0-bf5e-c0a7ce28ec5d,2021-07-27,423838d9-b84f-41ba-ac58-a67721687c1b,2025-10-24,,16,,437,16,437
sophie,levesque,interets,DANONE,,apparition,173cea6a-b7ec-48b0-bf5e-c0a7ce28ec5d,2021-07-27,423838d9-b84f-41ba-ac58-a67721687c1b,2025-10-24,,86,,6666,86,6666
sophie,levesque,interets,SAS Fayel solaire,,apparition,173cea6a-b7ec-48b0-bf5e-c0a7ce28ec5d,2021-07-27,423838d9-b84f-41ba-ac58-a67721687c1b,2025-10-24,,50,,0,50,0
sophie,levesque,interets,THALES,,apparition,173cea6a-b7ec-48b0-bf5e-c0a7ce28ec5d,2021-07-27,423838d9-b84f-41ba-ac58-a67721687c1b,2025-10-24,,8,,1963,8,1963
sophie,levesque,interets,VEOLIA ENVIRONNEMENT,,apparition,173cea6a-b7ec-48b0-bf5e-c0a7ce28ec5d,2021-07-27,423838d9-b84f-41ba-ac58-a67721687c1b,2025-10-24,,116,,3476,116,3476
Ariel,Levy,interets,ALP SAS,,position_initiale,,,11e7ce13-3196-4aa3-8d6f-34023b11bda0,2021-09-08,,2106,,213075,,
Ariel,Levy,interets,CAL-I SAS,,position_initiale,,,11e7ce13-3196-4aa3-8d6f-34023b11bda0,2021-09-08,,40000,,1236,,
Ariel,Levy,interets,Enodo Games SAS,,position_initiale,,,11e7ce13-3196-4aa3-8d6f-34023b11bda0,2021-09-08,,2000,,16009,,
Ariel,Levy,interets,IB2 SAS,,position_initiale,,,11e7ce13-3196-4aa3-8d6f-34023b11bda0,2021-09-08,,3236,,1155640,,
Ariel,Levy,interets,SIGFOX SA,,position_initiale,,,11e7ce13-3196-4aa3-8d6f-34023b11bda0,2021-09-08,,700,,35532,,
Ariel,Levy,interets,ALP SAS,,disparition,53cb4cfc-69e6-45ca-85fd-b4377f5bf7e4,2022-01-18,14b67672-ab2b-4f5e-8b5c-62d72c8bb359,2022-04-19,2106,,213075,,-2106,-213075
Ariel,Levy,interets,Enodo Games SAS,,baisse,f88d41aa-ec50-4538-809e-73f8e4cac085,2022-08-26,2a3e69a1-5574-4302-be75-b8b50eabfaa7,2023-02-12,2000,2000,16009,0,0,-16009
Ariel,Levy,interets,SIGFOX SA,,baisse,f88d41aa-ec50-4538-809e-73f8e4cac085,2022-08-26,2a3e69a1-5574-4302-be75-b8b50eabfaa7,2023-02-12,700,700,35532,0,0,-35532
Ariel,Levy,interets,CAL-I SAS,,hausse,2a3e69a1-5574-4302-be75-b8b50eabfaa7,2023-02-12,858fdde2-8464-4559-ac3a-16a36746e9d5,2023-05-04,40000,40000,1236,66621,0,65385
Ariel,Levy,interets,IB2 SAS,,baisse,2a3e69a1-5574-4302-be75-b8b50eabfaa7,2023-02-12,858fdde2-8464-4559-ac3a-16a36746e9d5,2023-05-04,3236,2944,1155640,1698364,-292,542724
Ariel,Levy,interets,CAL-I SAS,,baisse,e768bae1-5913-4bdc-97e9-74a5eb9db1eb,2024-02-25,77dfb9d9-eb55-4144-a7a0-cf184a354778,2024-05-14,40000,40000,66621,49793,0,-16828
Ariel,Levy,interets,IB2 SAS,,baisse,e768bae1-5913-4bdc-97e9-74a5eb9db1eb,2024-02-25,77dfb9d9-eb55-4144-a7a0-cf184a354778,2024-05-14,2944,1844,1698364,535682,-1100,-1162682
Ariel,Levy,interets,IB2 SAS,,hausse,77dfb9d9-eb55-4144-a7a0-cf184a354778,2024-05-14,c0c33bde-ddd2-41b7-899e-7fbee0760feb,2024-11-30,1844,1844,535682,955192,0,419510
Ariel,Levy,interets,CAL-I SAS,,baisse,c0c33bde-ddd2-41b7-899e-7fbee0760feb,2024-11-30,af7b79fc-6bd9-4002-96cf-703023969422,2025-06-10,40000,40000,49793,47144,0,-2649
Ariel,Levy,interets,IB2 SAS,,baisse,e62e8151-6f18-46a0-bf89-0d49a0ae4234,2025-09-21,92cc7621-4b6c-422c-ae7d-4da31ce44caf,2025-12-27,1844,1444,955192,1985500,-400,1030308
Nathalie,LE YONDRE,interets,SCPI ALLIANZ PIERRE,,apparition,af490d23-cc62-4a68-ae5a-24d0dfe9c770,2021-07-28,2bdcc419-f8a4-4a17-854f-afb4e6bf6d03,2022-04-29,,85,,26010,85,26010
Laurent,Lhardit,interets,Conseil Stratégies Publiques SARL,,position_initiale,,,fe5b3095-4bb9-463e-8b18-12ac7d1f4e31,2024-09-04,,300,,7500,,
Gilles,LIGOT,interets,TERRENA,,position_initiale,,,7fb0d261-43e2-45ec-8e2a-649be3de68f5,2023-09-30,,750,,1500,,
PATRICIA,LIME VIEILLE,interets,EURL LIME,,apparition,c8a83849-60d5-45ce-8910-d88551115e29,2022-05-11,aefb10dc-ea33-4760-ae23-ae097b175bd5,2022-11-02,,1,,5000,1,5000
DELPHINE,LINGEMANN,interets,CDMC,,position_initiale,,,94c48ca8-6a02-443a-901f-813b6ead06f9,2024-08-01,,50,,20000,,
VERONIQUE,LIPSOS-SALLENAVE,interets,SCP LIPSOS,,position_initiale,,,dc01940c-bd48-46e9-b7ed-08656a0bc3b0,2021-09-23,,2000,,20000,,
Pierre,liscia,interets,Mache & co,,position_initiale,,,6521f649-eb6e-4f80-9fab-6399427c4e01,2024-11-12,,364,,10010,,
Pierre,liscia,interets,Pin Fourchu,,position_initiale,,,6521f649-eb6e-4f80-9fab-6399427c4e01,2024-11-12,,100,,1000,,
DAVID,LISNARD,interets,ET ACT France C 4D,,apparition,85cb76a6-32f7-4089-adff-8e04415908e8,2021-12-06,aa5c37d5-d265-4648-b268-bfaa42c1efab,2022-09-27,,2368,,47857,2368,47857
DAVID,LISNARD,interets,ETOIL EUR AC 03 29,,apparition,85cb76a6-32f7-4089-adff-8e04415908e8,2021-12-06,aa5c37d5-d265-4648-b268-bfaa42c1efab,2022-09-27,,49,,5022,49,5022
Ronan,Loas,interets,ALLIANZ ACTIONS AE,,position_initiale,,,8750281b-f078-4c1f-bf49-95776fd26a9f,2021-07-26,,1,,355,,
Ronan,Loas,interets,ATARI,,position_initiale,,,8750281b-f078-4c1f-bf49-95776fd26a9f,2021-07-26,,70,,57,,
Ronan,Loas,interets,CAFOM,,position_initiale,,,8750281b-f078-4c1f-bf49-95776fd26a9f,2021-07-26,,20,,208,,
Ronan,Loas,interets,FOUNTAIN PAJOT,,position_initiale,,,8750281b-f078-4c1f-bf49-95776fd26a9f,2021-07-26,,18,,1746,,
Ronan,Loas,interets,OL GROUP,,position_initiale,,,8750281b-f078-4c1f-bf49-95776fd26a9f,2021-07-26,,4,,9,,
Charles,LOCQUET,interets,Charles Locquet,,position_initiale,,,a42d6637-5c95-4913-9e05-fddeb9f255b4,2021-05-27,,1,,25700,,
Charles,LOCQUET,interets,Com des P'tits pains,,position_initiale,,,a42d6637-5c95-4913-9e05-fddeb9f255b4,2021-05-27,,1,,5000,,
Romain,Lopez,interets,Aeroports de Paris,,position_initiale,,,b339e6f0-0dac-49e2-bafe-2a7d9daacf13,2021-09-05,,8,,784,,
Romain,Lopez,interets,Alstom,,position_initiale,,,b339e6f0-0dac-49e2-bafe-2a7d9daacf13,2021-09-05,,2,,69,,
Guy,LOSBAR,interets,EURL version,,apparition,62fb6868-ba2a-43de-a5a6-6b30383ed1a5,2021-09-15,6d8617c7-1e8c-4923-b821-fca4c853f9d3,2022-08-02,,1,,1000,1,1000
Dominique,LOTTE,interets,demeures de Saone,,position_initiale,,,7af8c04c-b81f-463b-9aad-317f1f267560,2021-07-27,,1,,15,,
ALINE,LOUISY-LOUIS,interets,DYMA'SANTE,,apparition,013dff4a-e566-4f91-9991-2f57c39679ac,2021-10-21,d6777c17-c0cd-4d84-a7f2-3070f039f79a,2024-01-17,,640,,3734,640,3734
Franck,LOUVRIER,interets,Agence Mai 68,,apparition,5e980d1b-2360-4417-83a0-2d4a5f8a84b3,2021-08-08,c6341ba0-754e-4880-a032-d717968e7fdc,2021-10-24,,1,,1000,1,1000
Franck,LOUVRIER,interets,PUBLICIS GROUPE SA,,apparition,c6341ba0-754e-4880-a032-d717968e7fdc,2021-10-24,ab0e3c7f-f37c-4a16-b4b4-99d73bbc3a30,2023-05-23,,597,,32500,597,32500
Yannick,LUCOT,interets,Caisse d'épargne,,position_initiale,,,ea8b1933-b8c1-47e8-87c0-5b951d63eff1,2021-12-19,,5,,106,,
Jean-Pierre,LUNOT,interets,SIOO,,position_initiale,,,47328ca6-e393-4135-8844-419c2285948f,2024-12-15,,6,,18029,,
Nathalie,MADER,interets,SCI,,apparition,b0b296c6-c1ca-4eac-8c57-6a9fd52a3d63,2022-01-17,d6b30988-172a-45a6-aceb-b909e9968264,2024-03-21,,13,,130,13,130
Sylvain,Maillard,interets,Château de Montal SARL,,position_initiale,,,b5286d35-d658-4f4c-a498-9ef6939ea2ae,2024-09-02,,630,,207900,,
Sylvain,Maillard,interets,CORUSCANT SAS,,position_initiale,,,b5286d35-d658-4f4c-a498-9ef6939ea2ae,2024-09-02,,400,,100000,,
Sylvain,Maillard,interets,PALPATINE SAS,,position_initiale,,,b5286d35-d658-4f4c-a498-9ef6939ea2ae,2024-09-02,,400,,100000,,
Sylvain,Maillard,interets,Plan de la tour SAS,,position_initiale,,,b5286d35-d658-4f4c-a498-9ef6939ea2ae,2024-09-02,,1000,,27000000,,
Sylvain,Maillard,interets,Work for good Vendredi,,position_initiale,,,b5286d35-d658-4f4c-a498-9ef6939ea2ae,2024-09-02,,100,,75000,,
Pierre,MAISONNAT,interets,Crédit Agricole SA,,position_initiale,,,f53d5698-f0e7-4ea0-8b80-d596dc521313,2021-07-29,,70,,826,,
richard,Mallié,interets,NOKIA,,position_initiale,,,8c07ec8a-d12a-4e2b-9bcd-20dd0bb0ba2d,2021-09-12,,2750,,13860,,
Emmanuel,MANDON,interets,AXA,,position_initiale,,,f8be307a-d1a1-47d2-943b-f32dbd6b2bc6,2024-09-07,,60,,1920,,
Philippe,MANGIN,interets,crédit agricole,,position_initiale,,,d3017293-f174-432c-8462-1b41059f77d5,2021-10-05,,3513,,5269,,
Philippe,MANGIN,interets,vivescia,,position_initiale,,,d3017293-f174-432c-8462-1b41059f77d5,2021-10-05,,460,,11500,,
Philippe,MANGIN,interets,vivescia,,disparition,046944a2-f1c6-4d14-bb77-1ee36f10371e,2023-01-17,45be13a1-6fdf-4c50-a960-6fb42a4021aa,2023-02-27,460,,11500,,-460,-11500
Philippe,MANGIN,interets,Scea de Tonnerre,,apparition,45be13a1-6fdf-4c50-a960-6fb42a4021aa,2023-02-27,adcb7949-df91-46f6-961a-b47560cd2329,2023-04-04,,6,,5324,6,5324
Philippe,MANGIN,interets,Scea de Tonnerre,,disparition,b52051df-7757-4413-ae1d-c01053489bba,2024-06-11,e587bfa3-7212-401b-b7d5-365bc86975aa,2025-08-06,6,,5324,,-6,-5324
Teina Tahuhu,MARAEURA,interets,SARL Magasin Maeva,,apparition,f41b1701-1c3c-43b3-961a-042fe5c84b32,2024-05-24,9920cf61-422f-49c8-ab08-30e147f688b4,2024-07-03,,10,,80,10,80
PATRICE,MARCHAND,interets,10 lignes de PEA,,position_initiale,,,767d88f0-8b40-4e04-960b-a20729642b52,2021-07-09,,12000,,200000,,
PATRICE,MARCHAND,interets,10 lignes de PEA,,disparition,767d88f0-8b40-4e04-960b-a20729642b52,2021-07-09,ebd888f5-eaa4-42ec-9fd4-3d2ed9fff632,2022-11-03,12000,,200000,,-12000,-200000
PATRICE,MARCHAND,interets,"12 lignes de PEA AXA, Sanofi, société générale, crédit agricole, total, veolia, orange, engie, ald, atos, edf, maurel et prom",,apparition,767d88f0-8b40-4e04-960b-a20729642b52,2021-07-09,ebd888f5-eaa4-42ec-9fd4-3d2ed9fff632,2022-11-03,,12,,200000,12,200000
MATTHIEU,MARCHIO,interets,Amundi Label tresorerie,,position_initiale,,,c7bf21af-ea2b-4b2b-a64c-5b6cbd448281,2024-08-07,,0,,208,,
SYLVIE,MARCILLY,interets,SARL LABORATOIRES AQUASCENT,,apparition,98f338d1-36b1-46ba-9564-4057acb27d87,2021-07-29,b32a0250-35a4-453b-8623-adb4f3c41ba6,2021-11-04,,50,,90000,50,90000
Veronique,MARCOT,interets,MALLIANCE,,position_initiale,,,c3dfb16b-4757-4a39-b601-62c24c8b2f01,2021-09-04,,50,,500,,
Veronique,MARCOT,interets,SAS MARCOT,,position_initiale,,,c3dfb16b-4757-4a39-b601-62c24c8b2f01,2021-09-04,,1,,1788,,
Veronique,MARCOT,interets,METZ EVASION,,position_initiale,,,c3dfb16b-4757-4a39-b601-62c24c8b2f01,2021-09-04,,1,,61,,
Veronique,MARCOT,interets,VEROVELO,,position_initiale,,,c3dfb16b-4757-4a39-b601-62c24c8b2f01,2021-09-04,,1,,134,,
Veronique,MARCOT,interets,AIR LIQUIDE,,apparition,c3dfb16b-4757-4a39-b601-62c24c8b2f01,2021-09-04,e40b693c-6a68-47d2-aec8-fc71b8e500c5,2025-10-03,,31,,4162,31,4162
Veronique,MARCOT,interets,ALSTHOM REGROUPT,,apparition,c3dfb16b-4757-4a39-b601-62c24c8b2f01,2021-09-04,e40b693c-6a68-47d2-aec8-fc71b8e500c5,2025-10-03,,65,,3030,65,3030
Veronique,MARCOT,interets,AXA,,apparition,c3dfb16b-4757-4a39-b601-62c24c8b2f01,2021-09-04,e40b693c-6a68-47d2-aec8-fc71b8e500c5,2025-10-03,,170,,3317,170,3317
Veronique,MARCOT,interets,BNP PARIBAS,,apparition,c3dfb16b-4757-4a39-b601-62c24c8b2f01,2021-09-04,e40b693c-6a68-47d2-aec8-fc71b8e500c5,2025-10-03,,30,,1293,30,1293
Veronique,MARCOT,interets,CAP GEMINI,,apparition,c3dfb16b-4757-4a39-b601-62c24c8b2f01,2021-09-04,e40b693c-6a68-47d2-aec8-fc71b8e500c5,2025-10-03,,20,,2536,20,2536
Veronique,MARCOT,interets,GAZ Transport techn,,apparition,c3dfb16b-4757-4a39-b601-62c24c8b2f01,2021-09-04,e40b693c-6a68-47d2-aec8-fc71b8e500c5,2025-10-03,,35,,2772,35,2772
Veronique,MARCOT,interets,L'OREAL,,apparition,c3dfb16b-4757-4a39-b601-62c24c8b2f01,2021-09-04,e40b693c-6a68-47d2-aec8-fc71b8e500c5,2025-10-03,,20,,6216,20,6216
Veronique,MARCOT,interets,LVMH MOET VUITTON,,apparition,c3dfb16b-4757-4a39-b601-62c24c8b2f01,2021-09-04,e40b693c-6a68-47d2-aec8-fc71b8e500c5,2025-10-03,,10,,5109,10,5109
Veronique,MARCOT,interets,MALLIANCE,,hausse,c3dfb16b-4757-4a39-b601-62c24c8b2f01,2021-09-04,e40b693c-6a68-47d2-aec8-fc71b8e500c5,2025-10-03,50,115942,500,579720,115892,579220
Veronique,MARCOT,interets,SAS MARCOT,,baisse,c3dfb16b-4757-4a39-b601-62c24c8b2f01,2021-09-04,e40b693c-6a68-47d2-aec8-fc71b8e500c5,2025-10-03,1,1,1788,1655,0,-133
Veronique,MARCOT,interets,METZ EVASION,,hausse,c3dfb16b-4757-4a39-b601-62c24c8b2f01,2021-09-04,e40b693c-6a68-47d2-aec8-fc71b8e500c5,2025-10-03,1,1,61,324,0,263
Veronique,MARCOT,interets,ORANGE,,apparition,c3dfb16b-4757-4a39-b601-62c24c8b2f01,2021-09-04,e40b693c-6a68-47d2-aec8-fc71b8e500c5,2025-10-03,,230,,2239,230,2239
Veronique,MARCOT,interets,ORPEA,,apparition,c3dfb16b-4757-4a39-b601-62c24c8b2f01,2021-09-04,e40b693c-6a68-47d2-aec8-fc71b8e500c5,2025-10-03,,40,,4302,40,4302
Veronique,MARCOT,interets,PROSUS,,apparition,c3dfb16b-4757-4a39-b601-62c24c8b2f01,2021-09-04,e40b693c-6a68-47d2-aec8-fc71b8e500c5,2025-10-03,,50,,4418,50,4418
Veronique,MARCOT,interets,RUBIS,,apparition,c3dfb16b-4757-4a39-b601-62c24c8b2f01,2021-09-04,e40b693c-6a68-47d2-aec8-fc71b8e500c5,2025-10-03,,84,,3190,84,3190
Veronique,MARCOT,interets,TOTAL SE,,apparition,c3dfb16b-4757-4a39-b601-62c24c8b2f01,2021-09-04,e40b693c-6a68-47d2-aec8-fc71b8e500c5,2025-10-03,,149,,5260,149,5260
Veronique,MARCOT,interets,VEROVELO,,disparition,c3dfb16b-4757-4a39-b601-62c24c8b2f01,2021-09-04,e40b693c-6a68-47d2-aec8-fc71b8e500c5,2025-10-03,1,,134,,-1,-134
Veronique,MARCOT,interets,VERRALLIA,,apparition,c3dfb16b-4757-4a39-b601-62c24c8b2f01,2021-09-04,e40b693c-6a68-47d2-aec8-fc71b8e500c5,2025-10-03,,60,,1743,60,1743
Veronique,MARCOT,interets,VINCI,,apparition,c3dfb16b-4757-4a39-b601-62c24c8b2f01,2021-09-04,e40b693c-6a68-47d2-aec8-fc71b8e500c5,2025-10-03,,40,,3254,40,3254
Veronique,MARCOT,interets,WORDLINE,,apparition,c3dfb16b-4757-4a39-b601-62c24c8b2f01,2021-09-04,e40b693c-6a68-47d2-aec8-fc71b8e500c5,2025-10-03,,40,,3164,40,3164
Patrick,Mardikian,interets,sarl ffa,,position_initiale,,,441e7d01-c6f8-4932-937e-43c08f455113,2021-09-01,,48,,500,,
Patrick,Mardikian,interets,sarl vi artis,,position_initiale,,,441e7d01-c6f8-4932-937e-43c08f455113,2021-09-01,,100,,1000,,
Guillaume,MARECHAL,interets,THE FRENCH TASTE,,position_initiale,,,b33d52c4-e7d4-482f-a454-de0b79b6aed1,2023-03-16,,100,,0,,
David,Margueritte,interets,ACCOR,,position_initiale,,,40830d04-6d5c-4ec5-9d0d-cda41049f685,2025-04-27,,75,,3241,,
David,Margueritte,interets,AXA,,position_initiale,,,40830d04-6d5c-4ec5-9d0d-cda41049f685,2025-04-27,,100,,4057,,
David,Margueritte,interets,AYVENS,,position_initiale,,,40830d04-6d5c-4ec5-9d0d-cda41049f685,2025-04-27,,1155,,10152,,
David,Margueritte,interets,Canal plus,,position_initiale,,,40830d04-6d5c-4ec5-9d0d-cda41049f685,2025-04-27,,200,,401,,
David,Margueritte,interets,Clairance SE,,position_initiale,,,40830d04-6d5c-4ec5-9d0d-cda41049f685,2025-04-27,,310,,1109,,
David,Margueritte,interets,COFACE,,position_initiale,,,40830d04-6d5c-4ec5-9d0d-cda41049f685,2025-04-27,,164,,2858,,
David,Margueritte,interets,Compagnie des Alpes,,position_initiale,,,40830d04-6d5c-4ec5-9d0d-cda41049f685,2025-04-27,,180,,2836,,
David,Margueritte,interets,Crédit agricole SA,,position_initiale,,,40830d04-6d5c-4ec5-9d0d-cda41049f685,2025-04-27,,283,,4777,,
David,Margueritte,interets,Émeis,,position_initiale,,,40830d04-6d5c-4ec5-9d0d-cda41049f685,2025-04-27,,80,,826,,
David,Margueritte,interets,FDJ,,position_initiale,,,40830d04-6d5c-4ec5-9d0d-cda41049f685,2025-04-27,,55,,1711,,
David,Margueritte,interets,Havas,,position_initiale,,,40830d04-6d5c-4ec5-9d0d-cda41049f685,2025-04-27,,200,,290,,
David,Margueritte,interets,Louis hachette group,,position_initiale,,,40830d04-6d5c-4ec5-9d0d-cda41049f685,2025-04-27,,200,,270,,
David,Margueritte,interets,Maisons du monde,,position_initiale,,,40830d04-6d5c-4ec5-9d0d-cda41049f685,2025-04-27,,450,,1289,,
David,Margueritte,interets,Orange,,position_initiale,,,40830d04-6d5c-4ec5-9d0d-cda41049f685,2025-04-27,,280,,3452,,
David,Margueritte,interets,Pierre et vacances,,position_initiale,,,40830d04-6d5c-4ec5-9d0d-cda41049f685,2025-04-27,,1600,,2256,,
David,Margueritte,interets,Stellantis,,position_initiale,,,40830d04-6d5c-4ec5-9d0d-cda41049f685,2025-04-27,,250,,2048,,
David,Margueritte,interets,Vivendi,,position_initiale,,,40830d04-6d5c-4ec5-9d0d-cda41049f685,2025-04-27,,200,,521,,
David,Margueritte,interets,Engie,,apparition,40830d04-6d5c-4ec5-9d0d-cda41049f685,2025-04-27,bf5dfc91-a221-4cf3-b0ab-9d0c31707f5c,2025-07-06,,229,,4542,229,4542
Pascal,MARIE,interets,EXPLOITATION AGRICOLE,,position_initiale,,,1450bf26-5b42-40f8-80b9-a48c1c434465,2022-08-09,,100,,0,,
Pascal,MARIE,interets,EXPLOITATION AGRICOLE,,disparition,1450bf26-5b42-40f8-80b9-a48c1c434465,2022-08-09,8653fe18-fa63-4802-af8e-c4c0a5cfb389,2025-10-08,100,,0,,-100,0
Roland,Marion,interets,Accor,,position_initiale,,,a5c84f44-dc9f-449c-a3d7-800651f3fa2d,2021-08-09,,45,,1300,,
Roland,Marion,interets,Airbus,,position_initiale,,,a5c84f44-dc9f-449c-a3d7-800651f3fa2d,2021-08-09,,10,,1147,,
Roland,Marion,interets,Assurance vie,,position_initiale,,,a5c84f44-dc9f-449c-a3d7-800651f3fa2d,2021-08-09,,0,,19240,,
Roland,Marion,interets,Axa,,position_initiale,,,a5c84f44-dc9f-449c-a3d7-800651f3fa2d,2021-08-09,,390,,9270,,
Roland,Marion,interets,BNP,,position_initiale,,,a5c84f44-dc9f-449c-a3d7-800651f3fa2d,2021-08-09,,106,,5740,,
Roland,Marion,interets,CAPGEMINI,,position_initiale,,,a5c84f44-dc9f-449c-a3d7-800651f3fa2d,2021-08-09,,71,,13500,,
Roland,Marion,interets,Derichebourg,,position_initiale,,,a5c84f44-dc9f-449c-a3d7-800651f3fa2d,2021-08-09,,612,,5340,,
Roland,Marion,interets,Edenred,,position_initiale,,,a5c84f44-dc9f-449c-a3d7-800651f3fa2d,2021-08-09,,48,,2354,,
Roland,Marion,interets,Renault,,position_initiale,,,a5c84f44-dc9f-449c-a3d7-800651f3fa2d,2021-08-09,,14,,470,,
Roland,Marion,interets,SICAV BNP,,position_initiale,,,a5c84f44-dc9f-449c-a3d7-800651f3fa2d,2021-08-09,,65,,10400,,
Roland,Marion,interets,Totalenergies,,position_initiale,,,a5c84f44-dc9f-449c-a3d7-800651f3fa2d,2021-08-09,,203,,7676,,
Roland,Marion,interets,Veolia,,position_initiale,,,a5c84f44-dc9f-449c-a3d7-800651f3fa2d,2021-08-09,,171,,4693,,
Roland,Marion,interets,Vinci,,position_initiale,,,a5c84f44-dc9f-449c-a3d7-800651f3fa2d,2021-08-09,,113,,10120,,
Roland,Marion,interets,Accor,,disparition,a5c84f44-dc9f-449c-a3d7-800651f3fa2d,2021-08-09,51e02223-b78a-40e3-bc04-230fc126dba8,2025-04-30,45,,1300,,-45,-1300
Roland,Marion,interets,Airbus,,disparition,a5c84f44-dc9f-449c-a3d7-800651f3fa2d,2021-08-09,51e02223-b78a-40e3-bc04-230fc126dba8,2025-04-30,10,,1147,,-10,-1147
Roland,Marion,interets,Assurance vie,,baisse,a5c84f44-dc9f-449c-a3d7-800651f3fa2d,2021-08-09,51e02223-b78a-40e3-bc04-230fc126dba8,2025-04-30,0,0,19240,17000,0,-2240
Roland,Marion,interets,Axa,,disparition,a5c84f44-dc9f-449c-a3d7-800651f3fa2d,2021-08-09,51e02223-b78a-40e3-bc04-230fc126dba8,2025-04-30,390,,9270,,-390,-9270
Roland,Marion,interets,BNP,,disparition,a5c84f44-dc9f-449c-a3d7-800651f3fa2d,2021-08-09,51e02223-b78a-40e3-bc04-230fc126dba8,2025-04-30,106,,5740,,-106,-5740
Roland,Marion,interets,CAPGEMINI,,disparition,a5c84f44-dc9f-449c-a3d7-800651f3fa2d,2021-08-09,51e02223-b78a-40e3-bc04-230fc126dba8,2025-04-30,71,,13500,,-71,-13500
Roland,Marion,interets,Derichebourg,,disparition,a5c84f44-dc9f-449c-a3d7-800651f3fa2d,2021-08-09,51e02223-b78a-40e3-bc04-230fc126dba8,2025-04-30,612,,5340,,-612,-5340
Roland,Marion,interets,Edenred,,disparition,a5c84f44-dc9f-449c-a3d7-800651f3fa2d,2021-08-09,51e02223-b78a-40e3-bc04-230fc126dba8,2025-04-30,48,,2354,,-48,-2354
Roland,Marion,interets,PEA,,apparition,a5c84f44-dc9f-449c-a3d7-800651f3fa2d,2021-08-09,51e02223-b78a-40e3-bc04-230fc126dba8,2025-04-30,,100,,70000,100,70000
Roland,Marion,interets,Renault,,disparition,a5c84f44-dc9f-449c-a3d7-800651f3fa2d,2021-08-09,51e02223-b78a-40e3-bc04-230fc126dba8,2025-04-30,14,,470,,-14,-470
Roland,Marion,interets,SICAV BNP,,disparition,a5c84f44-dc9f-449c-a3d7-800651f3fa2d,2021-08-09,51e02223-b78a-40e3-bc04-230fc126dba8,2025-04-30,65,,10400,,-65,-10400
Roland,Marion,interets,Totalenergies,,disparition,a5c84f44-dc9f-449c-a3d7-800651f3fa2d,2021-08-09,51e02223-b78a-40e3-bc04-230fc126dba8,2025-04-30,203,,7676,,-203,-7676
Roland,Marion,interets,Veolia,,disparition,a5c84f44-dc9f-449c-a3d7-800651f3fa2d,2021-08-09,51e02223-b78a-40e3-bc04-230fc126dba8,2025-04-30,171,,4693,,-171,-4693
Roland,Marion,interets,Vinci,,disparition,a5c84f44-dc9f-449c-a3d7-800651f3fa2d,2021-08-09,51e02223-b78a-40e3-bc04-230fc126dba8,2025-04-30,113,,10120,,-113,-10120
Pascal,Markowsky,interets,SARL MPC,,apparition,5df1353b-cefa-4591-89a8-016cce1828b2,2025-01-07,3c1d85ad-2790-4e58-a985-4a51207bce55,2025-06-10,,501,,10200,501,10200
Pascal,Markowsky,interets,SARL MPC,,disparition,3c1d85ad-2790-4e58-a985-4a51207bce55,2025-06-10,81a6a76e-df00-4804-825b-a19929db36fa,2025-07-02,501,,10200,,-501,-10200
thierry,marolleau,interets,SAS LES QUILLES ENERGIES,,position_initiale,,,2a183ee8-5daa-417e-b9d7-fe8103edb958,2021-09-16,,500,,404000,,
thierry,marolleau,interets,SAS MAROLLEAU TRANSPORT,,position_initiale,,,2a183ee8-5daa-417e-b9d7-fe8103edb958,2021-09-16,,1,,2000,,
thierry,marolleau,interets,SARL JEU AUX QUILLES,,position_initiale,,,2a183ee8-5daa-417e-b9d7-fe8103edb958,2021-09-16,,12500,,4570875,,
thierry,marolleau,interets,AB SCIENCE,,apparition,2a183ee8-5daa-417e-b9d7-fe8103edb958,2021-09-16,60d8c311-f3c6-4dee-9541-aa3d7e43a4c1,2022-08-30,,6,,83,6,83
thierry,marolleau,interets,ARCHOS,,apparition,2a183ee8-5daa-417e-b9d7-fe8103edb958,2021-09-16,60d8c311-f3c6-4dee-9541-aa3d7e43a4c1,2022-08-30,,2680,,15,2680,15
thierry,marolleau,interets,AXA,,apparition,2a183ee8-5daa-417e-b9d7-fe8103edb958,2021-09-16,60d8c311-f3c6-4dee-9541-aa3d7e43a4c1,2022-08-30,,2,,42,2,42
thierry,marolleau,interets,CASINO GUICHARD-PERRACHON,,apparition,2a183ee8-5daa-417e-b9d7-fe8103edb958,2021-09-16,60d8c311-f3c6-4dee-9541-aa3d7e43a4c1,2022-08-30,,376,,9114,376,9114
thierry,marolleau,interets,CREDIT AGRICOLE,,apparition,2a183ee8-5daa-417e-b9d7-fe8103edb958,2021-09-16,60d8c311-f3c6-4dee-9541-aa3d7e43a4c1,2022-08-30,,2,,22,2,22
thierry,marolleau,interets,CREDIT AGRICOLE PS,,apparition,2a183ee8-5daa-417e-b9d7-fe8103edb958,2021-09-16,60d8c311-f3c6-4dee-9541-aa3d7e43a4c1,2022-08-30,,2007,,3071,2007,3071
thierry,marolleau,interets,DELTA DRONE,,apparition,2a183ee8-5daa-417e-b9d7-fe8103edb958,2021-09-16,60d8c311-f3c6-4dee-9541-aa3d7e43a4c1,2022-08-30,,1000,,12,1000,12
thierry,marolleau,interets,DERICHEBOURG,,apparition,2a183ee8-5daa-417e-b9d7-fe8103edb958,2021-09-16,60d8c311-f3c6-4dee-9541-aa3d7e43a4c1,2022-08-30,,10148,,82807,10148,82807
thierry,marolleau,interets,DISTRIBUIDOR INTL ALIMENTACION,,apparition,2a183ee8-5daa-417e-b9d7-fe8103edb958,2021-09-16,60d8c311-f3c6-4dee-9541-aa3d7e43a4c1,2022-08-30,,276,,6,276,6
thierry,marolleau,interets,DISTRIBUIDORA INTL ALIM DS21,,apparition,2a183ee8-5daa-417e-b9d7-fe8103edb958,2021-09-16,60d8c311-f3c6-4dee-9541-aa3d7e43a4c1,2022-08-30,,276,,3,276,3
thierry,marolleau,interets,ERAMET,,apparition,2a183ee8-5daa-417e-b9d7-fe8103edb958,2021-09-16,60d8c311-f3c6-4dee-9541-aa3d7e43a4c1,2022-08-30,,1823,,108833,1823,108833
thierry,marolleau,interets,ERYTECH PHARMA,,apparition,2a183ee8-5daa-417e-b9d7-fe8103edb958,2021-09-16,60d8c311-f3c6-4dee-9541-aa3d7e43a4c1,2022-08-30,,13,,46,13,46
thierry,marolleau,interets,EUROPCAR MOBILITY GROUP,,apparition,2a183ee8-5daa-417e-b9d7-fe8103edb958,2021-09-16,60d8c311-f3c6-4dee-9541-aa3d7e43a4c1,2022-08-30,,1300,,560,1300,560
thierry,marolleau,interets,EUROPLASMA,,apparition,2a183ee8-5daa-417e-b9d7-fe8103edb958,2021-09-16,60d8c311-f3c6-4dee-9541-aa3d7e43a4c1,2022-08-30,,40,,16,40,16
thierry,marolleau,interets,FAURECIA,,apparition,2a183ee8-5daa-417e-b9d7-fe8103edb958,2021-09-16,60d8c311-f3c6-4dee-9541-aa3d7e43a4c1,2022-08-30,,5053,,192367,5053,192367
thierry,marolleau,interets,GAUSSIN,,apparition,2a183ee8-5daa-417e-b9d7-fe8103edb958,2021-09-16,60d8c311-f3c6-4dee-9541-aa3d7e43a4c1,2022-08-30,,34923,,238873,34923,238873
thierry,marolleau,interets,GENFIT,,apparition,2a183ee8-5daa-417e-b9d7-fe8103edb958,2021-09-16,60d8c311-f3c6-4dee-9541-aa3d7e43a4c1,2022-08-30,,5,,16,5,16
thierry,marolleau,interets,HOFFMANN GREEN CEMENT TECHNOL,,apparition,2a183ee8-5daa-417e-b9d7-fe8103edb958,2021-09-16,60d8c311-f3c6-4dee-9541-aa3d7e43a4c1,2022-08-30,,4,,100,4,100
thierry,marolleau,interets,HYBRIGENICS,,apparition,2a183ee8-5daa-417e-b9d7-fe8103edb958,2021-09-16,60d8c311-f3c6-4dee-9541-aa3d7e43a4c1,2022-08-30,,150,,24,150,24
thierry,marolleau,interets,IMPLANET,,apparition,2a183ee8-5daa-417e-b9d7-fe8103edb958,2021-09-16,60d8c311-f3c6-4dee-9541-aa3d7e43a4c1,2022-08-30,,20,,15,20,15
thierry,marolleau,interets,INNATE PHARMA,,apparition,2a183ee8-5daa-417e-b9d7-fe8103edb958,2021-09-16,60d8c311-f3c6-4dee-9541-aa3d7e43a4c1,2022-08-30,,10,,26,10,26
thierry,marolleau,interets,MANITOU BF,,apparition,2a183ee8-5daa-417e-b9d7-fe8103edb958,2021-09-16,60d8c311-f3c6-4dee-9541-aa3d7e43a4c1,2022-08-30,,1830,,46482,1830,46482
thierry,marolleau,interets,MAUNA KEA TECHNOLOGIES,,apparition,2a183ee8-5daa-417e-b9d7-fe8103edb958,2021-09-16,60d8c311-f3c6-4dee-9541-aa3d7e43a4c1,2022-08-30,,21977,,23867,21977,23867
thierry,marolleau,interets,NEXITY CAT A,,apparition,2a183ee8-5daa-417e-b9d7-fe8103edb958,2021-09-16,60d8c311-f3c6-4dee-9541-aa3d7e43a4c1,2022-08-30,,1,,41,1,41
thierry,marolleau,interets,NOVACYT,,apparition,2a183ee8-5daa-417e-b9d7-fe8103edb958,2021-09-16,60d8c311-f3c6-4dee-9541-aa3d7e43a4c1,2022-08-30,,2291,,9507,2291,9507
thierry,marolleau,interets,NOXXON PHARMA,,apparition,2a183ee8-5daa-417e-b9d7-fe8103edb958,2021-09-16,60d8c311-f3c6-4dee-9541-aa3d7e43a4c1,2022-08-30,,50,,17,50,17
thierry,marolleau,interets,ONXEO,,apparition,2a183ee8-5daa-417e-b9d7-fe8103edb958,2021-09-16,60d8c311-f3c6-4dee-9541-aa3d7e43a4c1,2022-08-30,,30,,18,30,18
thierry,marolleau,interets,ORANGE,,apparition,2a183ee8-5daa-417e-b9d7-fe8103edb958,2021-09-16,60d8c311-f3c6-4dee-9541-aa3d7e43a4c1,2022-08-30,,1,,9,1,9
thierry,marolleau,interets,PIXIUM VISION,,apparition,2a183ee8-5daa-417e-b9d7-fe8103edb958,2021-09-16,60d8c311-f3c6-4dee-9541-aa3d7e43a4c1,2022-08-30,,60,,44,60,44
thierry,marolleau,interets,PLASTIQUE DU VAL DE LOIRE,,apparition,2a183ee8-5daa-417e-b9d7-fe8103edb958,2021-09-16,60d8c311-f3c6-4dee-9541-aa3d7e43a4c1,2022-08-30,,2000,,12220,2000,12220
thierry,marolleau,interets,RECYLEX,,apparition,2a183ee8-5daa-417e-b9d7-fe8103edb958,2021-09-16,60d8c311-f3c6-4dee-9541-aa3d7e43a4c1,2022-08-30,,28923,,53160,28923,53160
thierry,marolleau,interets,STELLANTIS,,apparition,2a183ee8-5daa-417e-b9d7-fe8103edb958,2021-09-16,60d8c311-f3c6-4dee-9541-aa3d7e43a4c1,2022-08-30,,24132,,364779,24132,364779
thierry,marolleau,interets,TARKETT,,apparition,2a183ee8-5daa-417e-b9d7-fe8103edb958,2021-09-16,60d8c311-f3c6-4dee-9541-aa3d7e43a4c1,2022-08-30,,22,,416,22,416
thierry,marolleau,interets,VISIOMED GROUP,,apparition,2a183ee8-5daa-417e-b9d7-fe8103edb958,2021-09-16,60d8c311-f3c6-4dee-9541-aa3d7e43a4c1,2022-08-30,,20,,8,20,8
ETIENNE,MARTEGOUTTE,interets,ADP,,position_initiale,,,06b64fe4-42a7-4779-b265-fb6f0d778a38,2022-01-17,,4,,490,,
ETIENNE,MARTEGOUTTE,interets,AIR FRANCE KLM,,position_initiale,,,06b64fe4-42a7-4779-b265-fb6f0d778a38,2022-01-17,,11,,47,,
ETIENNE,MARTEGOUTTE,interets,Crédit Agricole SA,,position_initiale,,,06b64fe4-42a7-4779-b265-fb6f0d778a38,2022-01-17,,11,,1138,,
ETIENNE,MARTEGOUTTE,interets,ENGIE,,position_initiale,,,06b64fe4-42a7-4779-b265-fb6f0d778a38,2022-01-17,,8,,107,,
ETIENNE,MARTEGOUTTE,interets,ORANGE,,position_initiale,,,06b64fe4-42a7-4779-b265-fb6f0d778a38,2022-01-17,,11,,106,,
ERIC,Martineau,interets,sas Renaissance,,position_initiale,,,e2d9022b-fd67-462c-84a8-dbce5d063005,2024-09-05,,340,,3400,,
Sébastien,Martin,patrimoine,Compte titre (CRÉDIT AGRICOLE),,apparition,91ad3e7d-9aa9-43f3-83d0-de69725c053f,2025-10-19,6ba21d9e-53a8-4f0d-b229-d3d09de988f0,2026-03-04,,,,40,,40
MICHEL,MASSET,interets,SARL CED,,position_initiale,,,a1d5007a-23c2-4393-9a4a-31f0f998d5d7,2023-11-30,,300,,6000,,
MICHEL,MASSET,interets,SARL MASSETIMMO,,position_initiale,,,a1d5007a-23c2-4393-9a4a-31f0f998d5d7,2023-11-30,,100,,10000,,
Jean-Paul,MATTEI,interets,AVIRON BAYONNAIS SASP,,position_initiale,,,844901e0-2a5b-4616-9eaf-f5301e7bb2d7,2024-09-01,,1030,,1200,,
Jean-Paul,MATTEI,interets,SCA LEADER INVESTISSEMENTS,,position_initiale,,,844901e0-2a5b-4616-9eaf-f5301e7bb2d7,2024-09-01,,500,,3025,,
Jean-Paul,MATTEI,interets,SECTION PALOISE SASP,,position_initiale,,,844901e0-2a5b-4616-9eaf-f5301e7bb2d7,2024-09-01,,1268,,32000,,
Nicolas,Méary,interets,Docebo,,position_initiale,,,eb1f744a-5e95-4b65-be02-99b0aeb9b8bc,2022-04-23,,13613,,581333,,
Nicolas,Méary,interets,Pearltrees,,position_initiale,,,eb1f744a-5e95-4b65-be02-99b0aeb9b8bc,2022-04-23,,13600,,260000,,
Nicolas,Méary,interets,Air Liquide,,apparition,1bc02632-f552-434a-91a7-8e90200c5ab9,2023-10-13,06ad1366-f169-4b9f-805f-1bf129bb6c76,2024-12-17,,214,,33944,214,33944
Nicolas,Méary,interets,Airbus SE,,apparition,1bc02632-f552-434a-91a7-8e90200c5ab9,2023-10-13,06ad1366-f169-4b9f-805f-1bf129bb6c76,2024-12-17,,5,,800,5,800
Nicolas,Méary,interets,Alstom,,apparition,1bc02632-f552-434a-91a7-8e90200c5ab9,2023-10-13,06ad1366-f169-4b9f-805f-1bf129bb6c76,2024-12-17,,25,,560,25,560
Nicolas,Méary,interets,AXA,,apparition,1bc02632-f552-434a-91a7-8e90200c5ab9,2023-10-13,06ad1366-f169-4b9f-805f-1bf129bb6c76,2024-12-17,,40,,1335,40,1335
Nicolas,Méary,interets,BNP Paribas,,apparition,1bc02632-f552-434a-91a7-8e90200c5ab9,2023-10-13,06ad1366-f169-4b9f-805f-1bf129bb6c76,2024-12-17,,21,,1230,21,1230
Nicolas,Méary,interets,Cap gemini,,apparition,1bc02632-f552-434a-91a7-8e90200c5ab9,2023-10-13,06ad1366-f169-4b9f-805f-1bf129bb6c76,2024-12-17,,39,,6002,39,6002
Nicolas,Méary,interets,Danone,,apparition,1bc02632-f552-434a-91a7-8e90200c5ab9,2023-10-13,06ad1366-f169-4b9f-805f-1bf129bb6c76,2024-12-17,,270,,17539,270,17539
Nicolas,Méary,interets,Docebo,,hausse,1bc02632-f552-434a-91a7-8e90200c5ab9,2023-10-13,06ad1366-f169-4b9f-805f-1bf129bb6c76,2024-12-17,13613,44572,581333,2128844,30959,1547511
Nicolas,Méary,interets,Edenred,,apparition,1bc02632-f552-434a-91a7-8e90200c5ab9,2023-10-13,06ad1366-f169-4b9f-805f-1bf129bb6c76,2024-12-17,,21,,646,21,646
Nicolas,Méary,interets,EssilorLuxottica,,apparition,1bc02632-f552-434a-91a7-8e90200c5ab9,2023-10-13,06ad1366-f169-4b9f-805f-1bf129bb6c76,2024-12-17,,10,,2338,10,2338
Nicolas,Méary,interets,FDJ,,apparition,1bc02632-f552-434a-91a7-8e90200c5ab9,2023-10-13,06ad1366-f169-4b9f-805f-1bf129bb6c76,2024-12-17,,31,,1158,31,1158
Nicolas,Méary,interets,IBM,,apparition,1bc02632-f552-434a-91a7-8e90200c5ab9,2023-10-13,06ad1366-f169-4b9f-805f-1bf129bb6c76,2024-12-17,,75,,16393,75,16393
Nicolas,Méary,interets,L'Oréal,,apparition,1bc02632-f552-434a-91a7-8e90200c5ab9,2023-10-13,06ad1366-f169-4b9f-805f-1bf129bb6c76,2024-12-17,,263,,90116,263,90116
Nicolas,Méary,interets,LVMH,,apparition,1bc02632-f552-434a-91a7-8e90200c5ab9,2023-10-13,06ad1366-f169-4b9f-805f-1bf129bb6c76,2024-12-17,,2,,1270,2,1270
Nicolas,Méary,interets,nestlé nom,,apparition,1bc02632-f552-434a-91a7-8e90200c5ab9,2023-10-13,06ad1366-f169-4b9f-805f-1bf129bb6c76,2024-12-17,,600,,47700,600,47700
Nicolas,Méary,interets,novartis,,apparition,1bc02632-f552-434a-91a7-8e90200c5ab9,2023-10-13,06ad1366-f169-4b9f-805f-1bf129bb6c76,2024-12-17,,177,,16630,177,16630
Nicolas,Méary,interets,Pernod Ricard,,apparition,1bc02632-f552-434a-91a7-8e90200c5ab9,2023-10-13,06ad1366-f169-4b9f-805f-1bf129bb6c76,2024-12-17,,93,,10397,93,10397
Nicolas,Méary,interets,pfizer,,apparition,1bc02632-f552-434a-91a7-8e90200c5ab9,2023-10-13,06ad1366-f169-4b9f-805f-1bf129bb6c76,2024-12-17,,300,,7221,300,7221
Nicolas,Méary,interets,pluxee,,apparition,1bc02632-f552-434a-91a7-8e90200c5ab9,2023-10-13,06ad1366-f169-4b9f-805f-1bf129bb6c76,2024-12-17,,13,,246,13,246
Nicolas,Méary,interets,Prysmian,,apparition,1bc02632-f552-434a-91a7-8e90200c5ab9,2023-10-13,06ad1366-f169-4b9f-805f-1bf129bb6c76,2024-12-17,,32,,1976,32,1976
Nicolas,Méary,interets,Publicis,,apparition,1bc02632-f552-434a-91a7-8e90200c5ab9,2023-10-13,06ad1366-f169-4b9f-805f-1bf129bb6c76,2024-12-17,,18,,1900,18,1900
Nicolas,Méary,interets,Robertet,,apparition,1bc02632-f552-434a-91a7-8e90200c5ab9,2023-10-13,06ad1366-f169-4b9f-805f-1bf129bb6c76,2024-12-17,,66,,57090,66,57090
Nicolas,Méary,interets,Saint Gobain,,apparition,1bc02632-f552-434a-91a7-8e90200c5ab9,2023-10-13,06ad1366-f169-4b9f-805f-1bf129bb6c76,2024-12-17,,18,,1572,18,1572
Nicolas,Méary,interets,sandoz,,apparition,1bc02632-f552-434a-91a7-8e90200c5ab9,2023-10-13,06ad1366-f169-4b9f-805f-1bf129bb6c76,2024-12-17,,35,,1394,35,1394
Nicolas,Méary,interets,Sanofi,,apparition,1bc02632-f552-434a-91a7-8e90200c5ab9,2023-10-13,06ad1366-f169-4b9f-805f-1bf129bb6c76,2024-12-17,,18,,1588,18,1588
Nicolas,Méary,interets,Schneider Electric,,apparition,1bc02632-f552-434a-91a7-8e90200c5ab9,2023-10-13,06ad1366-f169-4b9f-805f-1bf129bb6c76,2024-12-17,,13,,3183,13,3183
Nicolas,Méary,interets,Sodexo,,apparition,1bc02632-f552-434a-91a7-8e90200c5ab9,2023-10-13,06ad1366-f169-4b9f-805f-1bf129bb6c76,2024-12-17,,13,,1040,13,1040
Nicolas,Méary,interets,spie,,apparition,1bc02632-f552-434a-91a7-8e90200c5ab9,2023-10-13,06ad1366-f169-4b9f-805f-1bf129bb6c76,2024-12-17,,56,,1673,56,1673
Nicolas,Méary,interets,Stellantis,,apparition,1bc02632-f552-434a-91a7-8e90200c5ab9,2023-10-13,06ad1366-f169-4b9f-805f-1bf129bb6c76,2024-12-17,,49,,625,49,625
Nicolas,Méary,interets,technip energies,,apparition,1bc02632-f552-434a-91a7-8e90200c5ab9,2023-10-13,06ad1366-f169-4b9f-805f-1bf129bb6c76,2024-12-17,,62,,1558,62,1558
Nicolas,Méary,interets,Teleperformancer,,apparition,1bc02632-f552-434a-91a7-8e90200c5ab9,2023-10-13,06ad1366-f169-4b9f-805f-1bf129bb6c76,2024-12-17,,5,,407,5,407
Nicolas,Méary,interets,Thales,,apparition,1bc02632-f552-434a-91a7-8e90200c5ab9,2023-10-13,06ad1366-f169-4b9f-805f-1bf129bb6c76,2024-12-17,,11,,1508,11,1508
Nicolas,Méary,interets,Total Energies,,apparition,1bc02632-f552-434a-91a7-8e90200c5ab9,2023-10-13,06ad1366-f169-4b9f-805f-1bf129bb6c76,2024-12-17,,29,,1501,29,1501
Nicolas,Méary,interets,ubisoft,,apparition,1bc02632-f552-434a-91a7-8e90200c5ab9,2023-10-13,06ad1366-f169-4b9f-805f-1bf129bb6c76,2024-12-17,,42,,511,42,511
Nicolas,Méary,interets,Universal Music,,apparition,1bc02632-f552-434a-91a7-8e90200c5ab9,2023-10-13,06ad1366-f169-4b9f-805f-1bf129bb6c76,2024-12-17,,51,,1244,51,1244
Nicolas,Méary,interets,Veolia,,apparition,1bc02632-f552-434a-91a7-8e90200c5ab9,2023-10-13,06ad1366-f169-4b9f-805f-1bf129bb6c76,2024-12-17,,47,,1284,47,1284
Emeline,MEHUKAJ,interets,EQUINOXE SPORT,,apparition,ec48a610-a53c-4471-9334-925cf9beb030,2021-09-29,5eff03bd-dc63-48c2-9e56-1018dbdb788f,2025-12-01,,20,,1000,20,1000
Graziella,MELCHIOR,interets,aeroports de Paris,,position_initiale,,,e14de8f9-043a-4d9b-bdea-5f6c57efba6f,2024-07-31,,6,,729,,
Graziella,MELCHIOR,interets,engie,,position_initiale,,,e14de8f9-043a-4d9b-bdea-5f6c57efba6f,2024-07-31,,52,,756,,
Graziella,MELCHIOR,interets,Euroapi,,position_initiale,,,e14de8f9-043a-4d9b-bdea-5f6c57efba6f,2024-07-31,,1,,3,,
Graziella,MELCHIOR,interets,Kering,,position_initiale,,,e14de8f9-043a-4d9b-bdea-5f6c57efba6f,2024-07-31,,10,,2845,,
Graziella,MELCHIOR,interets,L'Oreal,,position_initiale,,,e14de8f9-043a-4d9b-bdea-5f6c57efba6f,2024-07-31,,73,,29247,,
Graziella,MELCHIOR,interets,mirova actions euro d fcp,,position_initiale,,,e14de8f9-043a-4d9b-bdea-5f6c57efba6f,2024-07-31,,72,,5876,,
Graziella,MELCHIOR,interets,Puma,,position_initiale,,,e14de8f9-043a-4d9b-bdea-5f6c57efba6f,2024-07-31,,10,,459,,
Graziella,MELCHIOR,interets,Quadient,,position_initiale,,,e14de8f9-043a-4d9b-bdea-5f6c57efba6f,2024-07-31,,72,,1321,,
Graziella,MELCHIOR,interets,Sanofi,,position_initiale,,,e14de8f9-043a-4d9b-bdea-5f6c57efba6f,2024-07-31,,30,,2859,,
Graziella,MELCHIOR,interets,SLE Brest Leon,,position_initiale,,,e14de8f9-043a-4d9b-bdea-5f6c57efba6f,2024-07-31,,826,,16520,,
Graziella,MELCHIOR,interets,total energies SE,,position_initiale,,,e14de8f9-043a-4d9b-bdea-5f6c57efba6f,2024-07-31,,139,,8684,,
Graziella,MELCHIOR,interets,worldline,,position_initiale,,,e14de8f9-043a-4d9b-bdea-5f6c57efba6f,2024-07-31,,54,,567,,
Fabrice,MELLERAY,interets,Société Funecap Investissements IV,,position_initiale,,,73c108f9-2f35-40a5-a585-30d834ff6ec3,2023-10-28,,1,,3333,,
Frédéric,Mellier,interets,Société d'édition Les Nouvelles de Bordeaux et du Sud-Ouest,,position_initiale,,,8d8dbb59-af6f-4c01-b1f4-dd1740a6126e,2022-09-01,,334,,17416,,
André,Mellinger,interets,Caisse Régionale de Crédit Agricole NMP,,position_initiale,,,f7f2943d-217b-4c6f-9e8e-3d629a13c496,2021-08-31,,467,,710,,
AKLI,MELLOULI,interets,AM Conseil,,position_initiale,,,2f2520e6-e1d4-4989-836b-3ece05843b5f,2023-11-15,,2000,,10000,,
AKLI,MELLOULI,interets,AM Conseil,,disparition,2f2520e6-e1d4-4989-836b-3ece05843b5f,2023-11-15,de182f44-c6a4-481c-8287-b13341d604e9,2024-02-29,2000,,10000,,-2000,-10000
yael,menache,interets,Relax grill,,position_initiale,,,08f56198-b80c-4239-a50e-8f6793642b26,2024-07-19,,301,,100,,
yael,menache,interets,UTI,,position_initiale,,,08f56198-b80c-4239-a50e-8f6793642b26,2024-07-19,,98,,360,,
yael,menache,interets,UTZ,,position_initiale,,,08f56198-b80c-4239-a50e-8f6793642b26,2024-07-19,,2,,1200,,
yael,menache,interets,Relax grill,,disparition,08f56198-b80c-4239-a50e-8f6793642b26,2024-07-19,4451c91d-3169-426b-8681-fed7b803e3df,2025-04-30,301,,100,,-301,-100
yael,menache,interets,UTI,,disparition,08f56198-b80c-4239-a50e-8f6793642b26,2024-07-19,4451c91d-3169-426b-8681-fed7b803e3df,2025-04-30,98,,360,,-98,-360
Thomas,Ménagé,interets,SARL Ménagé,,position_initiale,,,b0a61e97-cc0b-4e40-a544-6e65563ddc10,2024-07-15,,300,,300,,
Felix,MERINE,interets,FELIX MERINE AGRICULTURE SAS,,position_initiale,,,07eac3d0-39a7-4748-8ac1-72866f0ddb01,2021-08-31,,75,,750,,
Felix,MERINE,interets,MERINE COM HYDRO SARL,,position_initiale,,,07eac3d0-39a7-4748-8ac1-72866f0ddb01,2021-08-31,,51,,5100,,
Felix,MERINE,interets,PATRIMAX SARL,,position_initiale,,,07eac3d0-39a7-4748-8ac1-72866f0ddb01,2021-08-31,,10,,10000,,
Felix,MERINE,interets,TRANSHYDRO SARL,,position_initiale,,,07eac3d0-39a7-4748-8ac1-72866f0ddb01,2021-08-31,,61,,10004,,
patrick,merle,interets,composite network,,position_initiale,,,ebade60f-99c4-4e10-8802-bcb4172331d0,2022-10-03,,50,,12500,,
Raymond,MESSAGER,interets,ALTERNATIVE NRJ,,position_initiale,,,acbb3d3e-9de0-499a-93b3-59ee38d048a3,2021-12-03,,9000,,163608,,
nicolas,metzdorf,interets,BDR,,position_initiale,,,42f53b32-0156-4b1a-a1ee-208089a3d02b,2024-08-08,,100,,800,,
nicolas,metzdorf,interets,CYN SARL,,position_initiale,,,42f53b32-0156-4b1a-a1ee-208089a3d02b,2024-08-08,,16,,200000,,
Maxence,Meunier,interets,SNC Meunier Quincey,,position_initiale,,,05dd551b-4caa-458e-89e8-e3bd5f40ee09,2025-07-16,,100,,1,,
Philippe,Meunier,interets,ATOS,,position_initiale,,,0e949bf4-106b-4827-9f1f-c417119ad388,2021-08-25,,100,,4204,,
Philippe,Meunier,interets,CP2M Conseil,,position_initiale,,,0e949bf4-106b-4827-9f1f-c417119ad388,2021-08-25,,1500,,1500,,
Philippe,Meunier,interets,Habitat et Humanisme,,apparition,0e949bf4-106b-4827-9f1f-c417119ad388,2021-08-25,d1cd8188-eff2-406d-8808-0d39b6e98f19,2021-12-01,,1,,30000,1,30000
Philippe,Meunier,interets,SCIC 3 COLONNES,,apparition,0e949bf4-106b-4827-9f1f-c417119ad388,2021-08-25,d1cd8188-eff2-406d-8808-0d39b6e98f19,2021-12-01,,600,,30000,600,30000
Philippe,Meunier,interets,ATOS,,baisse,47ac2355-bd71-40c9-bf95-3f3db5ffddce,2023-05-09,60435924-6685-45b5-8edf-714300f931e3,2024-10-04,100,100,4204,69,0,-4135
Philippe,Meunier,interets,crédit agricole,,apparition,47ac2355-bd71-40c9-bf95-3f3db5ffddce,2023-05-09,60435924-6685-45b5-8edf-714300f931e3,2024-10-04,,1,,20,1,20
Philippe,Meunier,interets,SCIC 3 COLONNES,,disparition,47ac2355-bd71-40c9-bf95-3f3db5ffddce,2023-05-09,60435924-6685-45b5-8edf-714300f931e3,2024-10-04,600,,30000,,-600,-30000
Pierre,Meurin,interets,EILIS,,position_initiale,,,bc3966c0-e496-4716-afcd-8a169c611e32,2024-09-08,,1,,1000,,
DAMIEN,MICHALLET,interets,CONNECTING PARTS FRANCE,,position_initiale,,,caa68bfb-d444-4787-945d-3ac999c4b5fb,2023-12-03,,40,,2000,,
DAMIEN,MICHALLET,interets,CONNECTING PARTS FRANCE,,hausse,caa68bfb-d444-4787-945d-3ac999c4b5fb,2023-12-03,2589cd0d-7ef3-4f55-82c2-8eb0014c8be7,2024-07-15,40,480,2000,2000,440,0
Véronique,MICHEL,interets,Lingone,,position_initiale,,,ba2f4682-0ba8-4683-afa2-04af2135d685,2022-07-12,,2,,500,,
ERIC,MICHOUX,interets,CORVAISIER,,position_initiale,,,de6a7d22-717d-471d-8275-342fe8a90fe3,2024-09-07,,4000,,0,,
ERIC,MICHOUX,interets,GALILE SAS,,position_initiale,,,de6a7d22-717d-471d-8275-342fe8a90fe3,2024-09-07,,4000,,11124000,,
ERIC,MICHOUX,interets,MANUSTRA,,position_initiale,,,de6a7d22-717d-471d-8275-342fe8a90fe3,2024-09-07,,760,,16520,,
ERIC,MICHOUX,interets,MANUSYSTEMS,,position_initiale,,,de6a7d22-717d-471d-8275-342fe8a90fe3,2024-09-07,,50,,36220,,
ERIC,MICHOUX,interets,PEINTA,,position_initiale,,,de6a7d22-717d-471d-8275-342fe8a90fe3,2024-09-07,,150,,152320,,
ERIC,MICHOUX,interets,PI SYSTEMS AUTOMATION,,position_initiale,,,de6a7d22-717d-471d-8275-342fe8a90fe3,2024-09-07,,250,,192040,,
ERIC,MICHOUX,interets,VDM TECHNOLOGIES,,position_initiale,,,de6a7d22-717d-471d-8275-342fe8a90fe3,2024-09-07,,5000,,1140200,,
Paul,Midy,interets,SAS COPERA N,,position_initiale,,,f2ad6ff0-88d7-402f-98a2-48bc0ae83ec4,2024-09-02,,27562,,0,,
Paul,Midy,interets,Jumia,,position_initiale,,,f2ad6ff0-88d7-402f-98a2-48bc0ae83ec4,2024-09-02,,10576,,47233,,
Paul,Midy,interets,SARL ARCHIPEL 2018,,position_initiale,,,f2ad6ff0-88d7-402f-98a2-48bc0ae83ec4,2024-09-02,,20,,0,,
Paul,Midy,interets,SARL DREAM TAHITI 2018,,position_initiale,,,f2ad6ff0-88d7-402f-98a2-48bc0ae83ec4,2024-09-02,,33,,0,,
Paul,Midy,interets,SARL DREAM TAHITI 2019,,position_initiale,,,f2ad6ff0-88d7-402f-98a2-48bc0ae83ec4,2024-09-02,,16,,0,,
Paul,Midy,interets,SARL STAR,,position_initiale,,,f2ad6ff0-88d7-402f-98a2-48bc0ae83ec4,2024-09-02,,18,,0,,
Paul,Midy,interets,SAS SINTIPA 7,,position_initiale,,,f2ad6ff0-88d7-402f-98a2-48bc0ae83ec4,2024-09-02,,11000,,0,,
Paul,Midy,interets,SNC ISLA 250,,position_initiale,,,f2ad6ff0-88d7-402f-98a2-48bc0ae83ec4,2024-09-02,,700,,0,,
Paul,Midy,interets,SNC ISLA 251,,position_initiale,,,f2ad6ff0-88d7-402f-98a2-48bc0ae83ec4,2024-09-02,,592,,0,,
Paul,Midy,interets,SNC ISLA 252,,position_initiale,,,f2ad6ff0-88d7-402f-98a2-48bc0ae83ec4,2024-09-02,,808,,0,,
Paul,Midy,interets,Jumia,,hausse,f2ad6ff0-88d7-402f-98a2-48bc0ae83ec4,2024-09-02,1a795c0d-3b3e-49c9-a854-eb446fac623a,2024-11-03,10576,10576,47233,118366,0,71133
Laure,MILLER,interets,Frenesius Médical Care,,position_initiale,,,c36bb345-25fb-4557-bbd6-e5219dc2fa7e,2024-09-05,,29,,1125,,
Laure,MILLER,interets,Korian SE,,position_initiale,,,c36bb345-25fb-4557-bbd6-e5219dc2fa7e,2024-09-05,,31,,214,,
Laure,MILLER,interets,Orpéa,,position_initiale,,,c36bb345-25fb-4557-bbd6-e5219dc2fa7e,2024-09-05,,20,,29,,
lara,MILLION,interets,SAS,,position_initiale,,,57cb7d4b-8d23-4d06-a48c-04e9cdd60aca,2021-08-15,,385,,452000,,
lara,MILLION,interets,SARL,,position_initiale,,,57cb7d4b-8d23-4d06-a48c-04e9cdd60aca,2021-08-15,,30,,65000,,
lara,MILLION,interets,SAS,,disparition,57cb7d4b-8d23-4d06-a48c-04e9cdd60aca,2021-08-15,89027a96-6702-48ff-bebe-8f732d4100c5,2022-01-23,385,,452000,,-385,-452000
lara,MILLION,interets,SARL,,disparition,57cb7d4b-8d23-4d06-a48c-04e9cdd60aca,2021-08-15,89027a96-6702-48ff-bebe-8f732d4100c5,2022-01-23,30,,65000,,-30,-65000
lara,MILLION,interets,SARL ECP,,apparition,d577e6d6-4a25-4912-a59b-a10d5fbdf972,2022-04-14,4b6dfbe3-8995-4bed-ae85-e5be50e6e768,2024-07-07,,49,,490,49,490
Christelle,Minard,interets,airbus,,position_initiale,,,5b7b08a2-af25-42ca-b253-78290665f9d3,2025-09-13,,15,,2658,,
Christelle,Minard,interets,credit agricole,,position_initiale,,,5b7b08a2-af25-42ca-b253-78290665f9d3,2025-09-13,,129,,2024,,
Christelle,Minard,interets,GeoBas,,position_initiale,,,5b7b08a2-af25-42ca-b253-78290665f9d3,2025-09-13,,20,,96527,,
Christelle,Minard,interets,Novabiom,,position_initiale,,,5b7b08a2-af25-42ca-b253-78290665f9d3,2025-09-13,,43507,,182729,,
Christelle,Minard,interets,SNC Vaucourt travaux agricoles,,position_initiale,,,5b7b08a2-af25-42ca-b253-78290665f9d3,2025-09-13,,219,,21900,,
Christelle,Minard,interets,l'Oréal,,apparition,5b7b08a2-af25-42ca-b253-78290665f9d3,2025-09-13,f410aa59-44b9-4900-8f5e-6c547d0bd2f2,2026-01-30,,3,,1168,3,1168
Christelle,Minard,interets,Thales,,apparition,5b7b08a2-af25-42ca-b253-78290665f9d3,2025-09-13,f410aa59-44b9-4900-8f5e-6c547d0bd2f2,2026-01-30,,3,,768,3,768
Christelle,Minard,interets,Veolia environement,,apparition,5b7b08a2-af25-42ca-b253-78290665f9d3,2025-09-13,f410aa59-44b9-4900-8f5e-6c547d0bd2f2,2026-01-30,,10,,318,10,318
Josephine,Missoffe,interets,AIR LIQUIDE,,position_initiale,,,95815af5-1d01-486c-96f0-a60d8be9460c,2024-12-19,,36,,5759,,
Josephine,Missoffe,interets,BNPP IND.AMNORD CL. H FCP DEC,,position_initiale,,,95815af5-1d01-486c-96f0-a60d8be9460c,2024-12-19,,0,,231,,
Josephine,Missoffe,interets,ESSILOR LUXOTTICA,,position_initiale,,,95815af5-1d01-486c-96f0-a60d8be9460c,2024-12-19,,34,,7864,,
Josephine,Missoffe,interets,HERMES INTERNATIONAL,,position_initiale,,,95815af5-1d01-486c-96f0-a60d8be9460c,2024-12-19,,2,,4514,,
Josephine,Missoffe,interets,KBC GROUPE SA,,position_initiale,,,95815af5-1d01-486c-96f0-a60d8be9460c,2024-12-19,,65,,4608,,
Josephine,Missoffe,interets,L'OREAL,,position_initiale,,,95815af5-1d01-486c-96f0-a60d8be9460c,2024-12-19,,19,,6488,,
Josephine,Missoffe,interets,LEGRAND,,position_initiale,,,95815af5-1d01-486c-96f0-a60d8be9460c,2024-12-19,,74,,7182,,
Josephine,Missoffe,interets,PERNOD-RICARD,,position_initiale,,,95815af5-1d01-486c-96f0-a60d8be9460c,2024-12-19,,30,,3358,,
Josephine,Missoffe,interets,SAINT GOBAIN,,position_initiale,,,95815af5-1d01-486c-96f0-a60d8be9460c,2024-12-19,,85,,7616,,
Josephine,Missoffe,interets,SCHNEIDER ELECTRIC SE,,position_initiale,,,95815af5-1d01-486c-96f0-a60d8be9460c,2024-12-19,,44,,10901,,
Josephine,Missoffe,interets,WENDEL PARTICIPATIONS SE,,position_initiale,,,95815af5-1d01-486c-96f0-a60d8be9460c,2024-12-19,,7744,,3832840,,
Josephine,Missoffe,interets,WENDEL PARTICIPATIONS SE,,baisse,95815af5-1d01-486c-96f0-a60d8be9460c,2024-12-19,5b03c6ea-7817-4802-aed2-b97932fc23e3,2025-02-21,7744,7744,3832840,2797028,0,-1035812
stephanie,Modde,interets,groupement forestier pour la sauvegrde des feuillus du Morvan,,apparition,6ca17ac9-665d-461e-a072-50bd87f70bce,2021-08-26,c999fdf7-4a5a-4959-a3ca-c79f39c883c3,2023-12-03,,2,,200,2,200
Patrick,MOLINOZ,interets,bnpp,,position_initiale,,,d950a828-d7ac-4afa-8f7c-0b99f557db8d,2021-12-27,,8,,4623,,
Patrick,MOLINOZ,interets,engie,,position_initiale,,,d950a828-d7ac-4afa-8f7c-0b99f557db8d,2021-12-27,,101,,1303,,
Patrick,MOLINOZ,interets,orange,,position_initiale,,,d950a828-d7ac-4afa-8f7c-0b99f557db8d,2021-12-27,,96,,902,,
Patrick,MOLINOZ,interets,Safran,,position_initiale,,,d950a828-d7ac-4afa-8f7c-0b99f557db8d,2021-12-27,,99,,10549,,
Patrick,MOLINOZ,interets,solocal group,,position_initiale,,,d950a828-d7ac-4afa-8f7c-0b99f557db8d,2021-12-27,,4,,4,,
Patrick,MOLINOZ,interets,bnpp,,hausse,d950a828-d7ac-4afa-8f7c-0b99f557db8d,2021-12-27,92fbb681-94a5-49f8-9a25-074805a3283e,2026-01-01,8,8,4623,5282,0,659
Patrick,MOLINOZ,interets,engie,,hausse,d950a828-d7ac-4afa-8f7c-0b99f557db8d,2021-12-27,92fbb681-94a5-49f8-9a25-074805a3283e,2026-01-01,101,101,1303,2263,0,960
Patrick,MOLINOZ,interets,orange,,hausse,d950a828-d7ac-4afa-8f7c-0b99f557db8d,2021-12-27,92fbb681-94a5-49f8-9a25-074805a3283e,2026-01-01,96,96,902,1363,0,461
Patrick,MOLINOZ,interets,Safran,,hausse,d950a828-d7ac-4afa-8f7c-0b99f557db8d,2021-12-27,92fbb681-94a5-49f8-9a25-074805a3283e,2026-01-01,99,99,10549,29442,0,18893
Patrick,MOLINOZ,interets,solocal group,,disparition,d950a828-d7ac-4afa-8f7c-0b99f557db8d,2021-12-27,92fbb681-94a5-49f8-9a25-074805a3283e,2026-01-01,4,,4,,-4,-4
christophe,Mongardien,interets,ACCOR,,position_initiale,,,3b4d126c-9254-4f82-9a41-d6022199fc3a,2026-01-15,,25,,1175,,
christophe,Mongardien,interets,AIR FRANCE KLM,,position_initiale,,,3b4d126c-9254-4f82-9a41-d6022199fc3a,2026-01-15,,10,,112,,
christophe,Mongardien,interets,BNP PARIBAS,,position_initiale,,,3b4d126c-9254-4f82-9a41-d6022199fc3a,2026-01-15,,2,,173,,
christophe,Mongardien,interets,Cisco - CSCO,,position_initiale,,,3b4d126c-9254-4f82-9a41-d6022199fc3a,2026-01-15,,366,,23519,,
christophe,Mongardien,interets,CREDIT AGRICOLE,,position_initiale,,,3b4d126c-9254-4f82-9a41-d6022199fc3a,2026-01-15,,29,,515,,
christophe,Mongardien,interets,ORANGE,,position_initiale,,,3b4d126c-9254-4f82-9a41-d6022199fc3a,2026-01-15,,10,,141,,
christophe,Mongardien,interets,OVH GROUPE,,position_initiale,,,3b4d126c-9254-4f82-9a41-d6022199fc3a,2026-01-15,,25,,202,,
christophe,Mongardien,interets,RENAULT,,position_initiale,,,3b4d126c-9254-4f82-9a41-d6022199fc3a,2026-01-15,,10,,334,,
christophe,Mongardien,interets,SOCIETE GENERALE,,position_initiale,,,3b4d126c-9254-4f82-9a41-d6022199fc3a,2026-01-15,,40,,2787,,
christophe,Mongardien,interets,TOTALENERGIES SE,,position_initiale,,,3b4d126c-9254-4f82-9a41-d6022199fc3a,2026-01-15,,10,,565,,
LAURENT,MONNET,interets,NKLM GROUP,,position_initiale,,,05a6a2a9-a207-48d8-94d8-9b816c0390b9,2025-11-24,,3999,,100000,,
LAURENT,MONNET,interets,SAS 69 5,,apparition,05a6a2a9-a207-48d8-94d8-9b816c0390b9,2025-11-24,7dc44006-6803-44d2-bcb0-a69e09930df2,2026-03-04,,50,,25628,50,25628
LAURENT,MONNET,interets,DEPIL & YOUNG,,apparition,05a6a2a9-a207-48d8-94d8-9b816c0390b9,2025-11-24,7dc44006-6803-44d2-bcb0-a69e09930df2,2026-03-04,,75,,8400,75,8400
LAURENT,MONNET,interets,NKLM GROUP,,hausse,05a6a2a9-a207-48d8-94d8-9b816c0390b9,2025-11-24,7dc44006-6803-44d2-bcb0-a69e09930df2,2026-03-04,3999,3999,100000,100371,0,371
Thibaut,MONNIER,interets,L2H MONNIER CONSEIL,,position_initiale,,,f07579f2-8d3c-44e4-9a7c-5e5f07b37bfb,2024-09-07,,1000,,201000,,
Christelle,MORANÇAIS,interets,Natexis,,position_initiale,,,b358017f-5d14-4dc6-812c-2fc3bb81b68d,2021-08-02,,146,,963,,
patrice,MORANCAIS,interets,Caisse Régionale de Crédit Agricole Centre France,,apparition,465b5273-ca9e-4fd6-8eb5-08fe1817a397,2021-08-22,633ed9a6-4d00-45e6-833e-67f756249a9e,2022-02-14,,20,,30,20,30
Louise,Morel,interets,ARC MANAGEMENT,,position_initiale,,,f17ea7b7-833d-4191-a235-1a4e1e6c4331,2024-07-17,,234808,,10357274,,
Louise,Morel,interets,Caisse d'épargne,,position_initiale,,,f17ea7b7-833d-4191-a235-1a4e1e6c4331,2024-07-17,,0,,300,,
Louise,Morel,interets,ARC MANAGEMENT,,hausse,0557c24f-62af-420d-9aa2-562593798d78,2024-09-15,3ab2d93c-ec3b-45e2-a1fa-1af92a7404fb,2025-03-26,234808,421694,10357274,19920825,186886,9563551
CHRISTIAN,MORIN,interets,DISTILLERIE DU VERCORS,,position_initiale,,,f53db226-a67c-4ab0-a352-cef10e84630b,2021-08-04,,32487,,220000,,
CHRISTIAN,MORIN,interets,ETISENSE,,position_initiale,,,f53db226-a67c-4ab0-a352-cef10e84630b,2021-08-04,,1276,,49993,,
CHRISTIAN,MORIN,interets,MORIN HOLDING,,position_initiale,,,f53db226-a67c-4ab0-a352-cef10e84630b,2021-08-04,,7520,,17398649,,
CHRISTIAN,MORIN,interets,MORIN IMO,,position_initiale,,,f53db226-a67c-4ab0-a352-cef10e84630b,2021-08-04,,1250,,425574,,
CHRISTIAN,MORIN,interets,TECH4TEAM,,position_initiale,,,f53db226-a67c-4ab0-a352-cef10e84630b,2021-08-04,,780,,96357,,
CHRISTIAN,MORIN,interets,MORIN HOLDING,,baisse,a9e34ebe-d7ca-4599-8fa7-c2f967296271,2022-07-26,c6c95ee8-159c-4e1d-95a2-6e2280cc7add,2026-04-15,7520,7520,17398649,3911340,0,-13487309
HERVE,MORIN,interets,SASU ROLLON,,position_initiale,,,fadc54b0-271b-4373-a42d-ef851daf0d98,2021-08-31,,100,,362000,,
HERVE,MORIN,interets,EARL ECURIE LA VALLE MARTIGNY,,apparition,d6319c8c-fca4-42e7-90c2-4d380eb1499c,2022-02-11,e6101d80-e100-45cb-a357-35b1d8d5ede0,2025-11-21,,100,,600000,100,600000
JEAN,MORIN,interets,Compte titres Caisse d'Epargne,,position_initiale,,,e38bee67-2863-4bf8-bfe3-c6d452ece6df,2021-08-30,,1,,40066,,
JEAN,MORIN,interets,SCPI AEW CILOGE HAB6,,position_initiale,,,e38bee67-2863-4bf8-bfe3-c6d452ece6df,2021-08-30,,1,,50000,,
JEAN,MORIN,interets,EURL la Gauguinerie,,apparition,e38bee67-2863-4bf8-bfe3-c6d452ece6df,2021-08-30,bdaae3fc-8a09-4d68-9469-c1eaa5e4eaa5,2022-02-17,,80,,0,80,0
Frédéric,MOTTE,interets,Sas financière de l'achigan,,position_initiale,,,18d16b57-98af-41da-a4c0-68e2590d1b17,2022-08-29,,0,,0,,
CHRISTIAN,MOUNIER,interets,sarl maki,,position_initiale,,,2d022f25-9182-4590-ad11-8a12e6f0e0f7,2021-08-02,,24,,12000,,
Naima,Moutchou,patrimoine,SCM SAINT O,,position_initiale,,,d042bdf0-9e69-4520-b67e-5f1ebae99ab2,2025-11-24,,,,29700,,
Naima,Moutchou,patrimoine,SCM SAINT O,,baisse,d042bdf0-9e69-4520-b67e-5f1ebae99ab2,2025-11-24,5784dc94-12d6-4aa5-a44e-12dd229c18ae,2026-03-05,,,29700,0,,-29700
jean paul,Mulot,interets,Verdin&R,,position_initiale,,,9591876e-3793-41b4-860e-30cf22f648e9,2022-02-01,,8,,350000,,
Fabien,Mulyk,interets,Banque Populaire des Alpes,,position_initiale,,,b7b0f50a-f7aa-4176-8fa3-ba8a9dfa4898,2021-09-09,,5,,50,,
Arnaud,Murgia,interets,Agence 4102,,position_initiale,,,916c9c89-7982-4047-9682-34e51ab5e51b,2021-11-30,,100,,400,,
Renaud,Muselier,interets,Bel Ombre Gestion Ltd,,position_initiale,,,9558e3ba-e79f-48dd-b078-c42831e5b7cf,2021-07-23,,410,,0,,
Renaud,Muselier,interets,Belle Rivière Gestion Ltd,,position_initiale,,,9558e3ba-e79f-48dd-b078-c42831e5b7cf,2021-07-23,,250,,0,,
Renaud,Muselier,interets,CLINIQUE SAINT MARTIN,,position_initiale,,,9558e3ba-e79f-48dd-b078-c42831e5b7cf,2021-07-23,,10,,660,,
Renaud,Muselier,interets,FRM HOLDING,,position_initiale,,,9558e3ba-e79f-48dd-b078-c42831e5b7cf,2021-07-23,,678810,,2918892,,
Renaud,Muselier,interets,Liberty Ski Ventures Llc,,position_initiale,,,9558e3ba-e79f-48dd-b078-c42831e5b7cf,2021-07-23,,0,,0,,
Renaud,Muselier,interets,Ma Maison à la Mer Cie Ltée,,position_initiale,,,9558e3ba-e79f-48dd-b078-c42831e5b7cf,2021-07-23,,5818876,,1905000,,
Renaud,Muselier,interets,SARL AMBULANCES ST MARTIN,,position_initiale,,,9558e3ba-e79f-48dd-b078-c42831e5b7cf,2021-07-23,,480,,260000,,
Renaud,Muselier,interets,SC PABA,,position_initiale,,,9558e3ba-e79f-48dd-b078-c42831e5b7cf,2021-07-23,,850,,46000,,
Renaud,Muselier,interets,SC PAFA,,position_initiale,,,9558e3ba-e79f-48dd-b078-c42831e5b7cf,2021-07-23,,850,,48000,,
Renaud,Muselier,interets,SOREP,,position_initiale,,,9558e3ba-e79f-48dd-b078-c42831e5b7cf,2021-07-23,,18,,740520,,
Renaud,Muselier,interets,SARL AMBULANCES ST MARTIN,,hausse,9558e3ba-e79f-48dd-b078-c42831e5b7cf,2021-07-23,f9347f2a-bc73-40e4-b606-d556722bb9db,2022-12-22,480,480,260000,388500,0,128500
Renaud,Muselier,interets,SOREP,,hausse,9558e3ba-e79f-48dd-b078-c42831e5b7cf,2021-07-23,f9347f2a-bc73-40e4-b606-d556722bb9db,2022-12-22,18,18,740520,752000,0,11480
Renaud,Muselier,interets,Belle Rivière Gestion Ltd,,disparition,f9347f2a-bc73-40e4-b606-d556722bb9db,2022-12-22,8da4065e-22c2-4a04-a4aa-5a08574e9e5c,2025-09-19,250,,0,,-250,0
Renaud,Muselier,interets,CLINIQUE SAINT MARTIN,,hausse,f9347f2a-bc73-40e4-b606-d556722bb9db,2022-12-22,8da4065e-22c2-4a04-a4aa-5a08574e9e5c,2025-09-19,10,15,660,2985,5,2325
Renaud,Muselier,interets,FRM HOLDING,,hausse,f9347f2a-bc73-40e4-b606-d556722bb9db,2022-12-22,8da4065e-22c2-4a04-a4aa-5a08574e9e5c,2025-09-19,678810,678810,2918892,4206000,0,1287108
Renaud,Muselier,interets,Ma Maison à la Mer Cie Ltée,,hausse,f9347f2a-bc73-40e4-b606-d556722bb9db,2022-12-22,8da4065e-22c2-4a04-a4aa-5a08574e9e5c,2025-09-19,5818876,5818876,1905000,2200000,0,295000
Renaud,Muselier,interets,SARL AMBULANCES ST MARTIN,,hausse,f9347f2a-bc73-40e4-b606-d556722bb9db,2022-12-22,8da4065e-22c2-4a04-a4aa-5a08574e9e5c,2025-09-19,480,480,388500,444217,0,55717
Renaud,Muselier,interets,SC PABA,,hausse,f9347f2a-bc73-40e4-b606-d556722bb9db,2022-12-22,8da4065e-22c2-4a04-a4aa-5a08574e9e5c,2025-09-19,850,850,46000,54000,0,8000
Renaud,Muselier,interets,SC PAFA,,hausse,f9347f2a-bc73-40e4-b606-d556722bb9db,2022-12-22,8da4065e-22c2-4a04-a4aa-5a08574e9e5c,2025-09-19,850,850,48000,64000,0,16000
Renaud,Muselier,interets,SOREP,,hausse,f9347f2a-bc73-40e4-b606-d556722bb9db,2022-12-22,8da4065e-22c2-4a04-a4aa-5a08574e9e5c,2025-09-19,18,18,752000,769500,0,17500
karine,nabenesa,interets,DERICHEBOURG SA,,position_initiale,,,9ff2ae77-8370-4ecd-a57d-22ad19c4fcb2,2021-09-01,,500,,5000,,
karine,nabenesa,interets,GENFIT,,position_initiale,,,9ff2ae77-8370-4ecd-a57d-22ad19c4fcb2,2021-09-01,,220,,807,,
karine,nabenesa,interets,SOCIETE GENERALE,,position_initiale,,,9ff2ae77-8370-4ecd-a57d-22ad19c4fcb2,2021-09-01,,100,,2665,,
karine,nabenesa,interets,TOTAL ENERGIE SE,,position_initiale,,,9ff2ae77-8370-4ecd-a57d-22ad19c4fcb2,2021-09-01,,100,,3754,,
karine,nabenesa,interets,DERICHEBOURG SA,,disparition,17767406-5ec1-4f7f-8434-a1170d3c4478,2022-01-17,6bfe14ec-9bc2-455f-9b1e-edcb45212147,2025-02-26,500,,5000,,-500,-5000
karine,nabenesa,interets,SOCIETE GENERALE,,disparition,17767406-5ec1-4f7f-8434-a1170d3c4478,2022-01-17,6bfe14ec-9bc2-455f-9b1e-edcb45212147,2025-02-26,100,,2665,,-100,-2665
karine,nabenesa,interets,TOTAL ENERGIE SE,,disparition,17767406-5ec1-4f7f-8434-a1170d3c4478,2022-01-17,6bfe14ec-9bc2-455f-9b1e-edcb45212147,2025-02-26,100,,3754,,-100,-3754
christophe,naegelen,interets,NAEGELEN SAS,,position_initiale,,,46512d66-f758-4f95-9ee7-d1a7355da6ea,2024-08-26,,74440,,1800000,,
christophe,naegelen,interets,Spiler SAS,,position_initiale,,,46512d66-f758-4f95-9ee7-d1a7355da6ea,2024-08-26,,1,,30,,
christophe,naegelen,interets,NAEGELEN SAS,,hausse,46512d66-f758-4f95-9ee7-d1a7355da6ea,2024-08-26,07a515ef-dbb5-473c-b1e2-b70e9ee9e7da,2025-03-02,74440,74440,1800000,5750000,0,3950000
christophe,naegelen,interets,Spiler SAS,,disparition,46512d66-f758-4f95-9ee7-d1a7355da6ea,2024-08-26,07a515ef-dbb5-473c-b1e2-b70e9ee9e7da,2025-03-02,1,,30,,-1,-30
christophe,naegelen,interets,Spiller SAS,,apparition,46512d66-f758-4f95-9ee7-d1a7355da6ea,2024-08-26,07a515ef-dbb5-473c-b1e2-b70e9ee9e7da,2025-03-02,,1,,13,1,13
Serge,Nahant,interets,SAFER Grand Est,,position_initiale,,,51fd4ee2-590a-44b4-bf56-bbb1958a17ce,2021-08-04,,0,,0,,
Serge,Nahant,interets,VIVESCIA Industries,,apparition,51fd4ee2-590a-44b4-bf56-bbb1958a17ce,2021-08-04,a6b1e96b-a4fd-422e-a455-daa26d18a91a,2022-10-24,,90,,1980,90,1980
alexandre,nanchi,interets,BNP Paribas,,position_initiale,,,93b27c64-bf9f-4ed1-88ad-6cf2d4090efb,2021-11-13,,24,,1331,,
alexandre,nanchi,interets,Saint-Gobain,,position_initiale,,,93b27c64-bf9f-4ed1-88ad-6cf2d4090efb,2021-11-13,,28,,1631,,
alexandre,nanchi,interets,BNP Paribas,,hausse,93b27c64-bf9f-4ed1-88ad-6cf2d4090efb,2021-11-13,a2734506-37b3-480e-b8cc-a296978b8720,2024-10-22,24,24,1331,1429,0,98
alexandre,nanchi,interets,Saint-Gobain,,hausse,93b27c64-bf9f-4ed1-88ad-6cf2d4090efb,2021-11-13,a2734506-37b3-480e-b8cc-a296978b8720,2024-10-22,28,28,1631,2033,0,402
Corinne,Narassiguin,interets,Outremers 360°,,position_initiale,,,953c37bf-8cca-4aff-b8e9-37b6a2c93435,2023-12-03,,605,,6050,,
Othman,Nasrou,interets,ONLK SAS,,apparition,4305d1bd-4781-4362-8879-22adf8b5715a,2025-06-20,5c8669d4-6560-48c4-9908-2129780016bd,2025-10-16,,5000,,5000,5000,5000
Constance,Nebbula,interets,SASU JARVIS,,apparition,20f044e8-3430-42cb-a111-cb56f7d2c1b9,2021-11-25,f02a9c16-a4d7-47ff-9a78-4ba263115b60,2023-05-22,,1000,,1000,1000,1000
Anne-Marie,Nédélec,interets,Air Liquide,,position_initiale,,,637e78e3-ff1c-45d8-b00c-f6f1ca53aebe,2023-11-11,,157,,25094,,
Anne-Marie,Nédélec,interets,ENGIE,,position_initiale,,,637e78e3-ff1c-45d8-b00c-f6f1ca53aebe,2023-11-11,,34,,494,,
Anne-Marie,Nédélec,interets,FIP APL 2018 PART A FIP,,apparition,49b5eea2-84e4-49f4-998d-051141a077f4,2024-02-09,281e55f7-f56c-4c8a-b20e-9f4c09bd8c2b,2024-05-17,,10,,842,10,842
Aleksandar,NIKOLIC,interets,SCI,,position_initiale,,,00221bbf-875f-4e2d-8772-5fcb483e2a3f,2024-08-26,,100,,2500,,
Aleksandar,NIKOLIC,interets,SCI,,hausse,00221bbf-875f-4e2d-8772-5fcb483e2a3f,2024-08-26,8cc53c55-3790-48fa-b933-e8bb403c25cc,2024-11-11,100,100,2500,5162,0,2662
Gaëlle,NIQUE,interets,SCP NIQUE SEGALEN PICHON,,position_initiale,,,a2685adf-771b-4525-ab4d-0d2bf2a4b396,2022-03-01,,70,,150000,,
Bérengère,NOGUIER,interets,crédit agricole,,position_initiale,,,24519e18-22c1-4bbe-8713-c838471ece62,2021-08-31,,1,,50,,
Bérengère,NOGUIER,interets,ENERCOOP,,position_initiale,,,24519e18-22c1-4bbe-8713-c838471ece62,2021-08-31,,1,,100,,
jean-louis,nouhaud,interets,caisse d epargne,,apparition,e45e542d-3895-4800-98a8-26a80301906a,2022-07-08,ec0dcad5-8a56-4c9e-b554-8e6eb3332b36,2023-05-17,,504,,10080,504,10080
Cédric,NOUVELOT,interets,2ARH,,position_initiale,,,2bb7d5df-98f5-4e42-ad28-0cbf2445c9e8,2021-11-28,,1200,,52477,,
Cédric,NOUVELOT,interets,AAA CANADA,,position_initiale,,,2bb7d5df-98f5-4e42-ad28-0cbf2445c9e8,2021-11-28,,10000,,2594769,,
Cédric,NOUVELOT,interets,AAA DORNIER,,position_initiale,,,2bb7d5df-98f5-4e42-ad28-0cbf2445c9e8,2021-11-28,,20000,,30962,,
Cédric,NOUVELOT,interets,AAA MIDDLE EAST,,position_initiale,,,2bb7d5df-98f5-4e42-ad28-0cbf2445c9e8,2021-11-28,,20,,120725,,
Cédric,NOUVELOT,interets,AAA Singapore,,position_initiale,,,2bb7d5df-98f5-4e42-ad28-0cbf2445c9e8,2021-11-28,,17000,,0,,
Cédric,NOUVELOT,interets,AERO PRODUCTION PISTE INTERIM,,position_initiale,,,2bb7d5df-98f5-4e42-ad28-0cbf2445c9e8,2021-11-28,,80,,631666,,
Cédric,NOUVELOT,interets,Assistance aeronautique et aerospatiale,,position_initiale,,,2bb7d5df-98f5-4e42-ad28-0cbf2445c9e8,2021-11-28,,30,,1377154,,
Cédric,NOUVELOT,interets,CGNC Invest,,position_initiale,,,2bb7d5df-98f5-4e42-ad28-0cbf2445c9e8,2021-11-28,,500,,30268,,
Cédric,NOUVELOT,interets,GFA NCVM Foncier,,position_initiale,,,2bb7d5df-98f5-4e42-ad28-0cbf2445c9e8,2021-11-28,,12598,,105980,,
Cédric,NOUVELOT,interets,NCGC Invest Nord,,position_initiale,,,2bb7d5df-98f5-4e42-ad28-0cbf2445c9e8,2021-11-28,,500,,9964,,
LAURENT,NUNEZ,patrimoine,PEA (LCL CREDIT LYONNAIS),,position_initiale,,,e4e3a7c0-bed2-4549-81f5-35eaa9ce17e9,2025-11-23,,,,1469,,
LAURENT,NUNEZ,patrimoine,PEA (LCL CREDIT LYONNAIS),,hausse,e4e3a7c0-bed2-4549-81f5-35eaa9ce17e9,2025-11-23,323781a6-bd3b-4134-bf7e-30a963bfa27b,2026-02-09,,,1469,14420,,12951
Karl,OLIVE,interets,KO PRODUCTION,,position_initiale,,,f42049cd-b76d-44bc-8ee7-b501f5f09cca,2024-09-02,,765,,7650,,
Philippe,olivier,interets,Champrosay tradition SARL,,position_initiale,,,84ad58a4-8683-4be6-b1bd-9a8d1933ad0e,2024-09-02,,200,,25000,,
Philippe,olivier,interets,Kherillo SARL,,position_initiale,,,84ad58a4-8683-4be6-b1bd-9a8d1933ad0e,2024-09-02,,200,,472000,,
Philippe,olivier,interets,Champrosay tradition SARL,,disparition,84ad58a4-8683-4be6-b1bd-9a8d1933ad0e,2024-09-02,ffc788a8-630d-4ba9-8dc6-de26eae5d49e,2024-12-13,200,,25000,,-200,-25000
Philippe,olivier,interets,Kherillo SARL,,baisse,84ad58a4-8683-4be6-b1bd-9a8d1933ad0e,2024-09-02,ffc788a8-630d-4ba9-8dc6-de26eae5d49e,2024-12-13,200,200,472000,357669,0,-114331
Normane,Omarjee,interets,SELARL KER AVOCATS,,position_initiale,,,43f34ebb-3d62-4c04-a742-055a467ae665,2021-08-30,,50,,327110,,
Christine,ORAIN GROVALET,interets,COOP des masques ST AGATHON,,position_initiale,,,0f103e50-654d-4431-a396-29064be36f43,2022-04-14,,6,,300,,
Hubert,Ott,interets,Crédit Mutuel,,position_initiale,,,ec2ff9ba-4648-4f28-88cf-bb72ee656c2a,2024-07-25,,27917,,29011,,
Ben Issa,OUSSENI,interets,Adam transit,,position_initiale,,,6791206d-ee3d-44e1-9eea-46c5dab3adc0,2021-08-31,,50,,15000,,
julie,ozenne,interets,CORRIDOR LAB SAS d'Architecture,,position_initiale,,,0fab425f-2561-405c-922c-6d62bd25528a,2024-09-08,,190,,1900,,
Laurent,PANIFOUS,interets,AM.PEA AS.EM.SCREEN.UC.EUR C/D,,position_initiale,,,51bd773b-e99d-4c07-932b-3d8cd603673a,2025-11-07,,94,,2846,,
Laurent,PANIFOUS,interets,AM.PEA EAU MS.WAT.UC.ETF CAP,,position_initiale,,,51bd773b-e99d-4c07-932b-3d8cd603673a,2025-11-07,,170,,5156,,
Laurent,PANIFOUS,interets,AM.RUSSELL 2000 UCIT.ETF EUR C,,position_initiale,,,51bd773b-e99d-4c07-932b-3d8cd603673a,2025-11-07,,12,,3756,,
Laurent,PANIFOUS,interets,AMUN.PEA INDE UC.ETF ACC FCP,,position_initiale,,,51bd773b-e99d-4c07-932b-3d8cd603673a,2025-11-07,,82,,2066,,
Laurent,PANIFOUS,interets,AMUN.PEA NASDAQ-100 UC.ETF ACC,,position_initiale,,,51bd773b-e99d-4c07-932b-3d8cd603673a,2025-11-07,,27,,2355,,
Laurent,PANIFOUS,interets,AMUNDI SERENITE PEA P-C FCP,,position_initiale,,,51bd773b-e99d-4c07-932b-3d8cd603673a,2025-11-07,,150,,15924,,
Laurent,PANIFOUS,interets,ARCELORMITTAL,,position_initiale,,,51bd773b-e99d-4c07-932b-3d8cd603673a,2025-11-07,,108,,3669,,
Laurent,PANIFOUS,interets,ASML HOLDING (ASML),,position_initiale,,,51bd773b-e99d-4c07-932b-3d8cd603673a,2025-11-07,,4,,3555,,
Laurent,PANIFOUS,interets,BENETEAU,,position_initiale,,,51bd773b-e99d-4c07-932b-3d8cd603673a,2025-11-07,,357,,1686,,
Laurent,PANIFOUS,interets,CELLNEX TELECOM,,position_initiale,,,51bd773b-e99d-4c07-932b-3d8cd603673a,2025-11-07,,55,,2372,,
Laurent,PANIFOUS,interets,CPR CROISS.DYNAMIQUE P,,position_initiale,,,51bd773b-e99d-4c07-932b-3d8cd603673a,2025-11-07,,33,,4721,,
Laurent,PANIFOUS,interets,DANONE,,position_initiale,,,51bd773b-e99d-4c07-932b-3d8cd603673a,2025-11-07,,36,,2796,,
Laurent,PANIFOUS,interets,ENGIE,,position_initiale,,,51bd773b-e99d-4c07-932b-3d8cd603673a,2025-11-07,,232,,4934,,
Laurent,PANIFOUS,interets,JCDECAUX SE (DEC),,position_initiale,,,51bd773b-e99d-4c07-932b-3d8cd603673a,2025-11-07,,230,,3443,,
Laurent,PANIFOUS,interets,MICHELIN,,position_initiale,,,51bd773b-e99d-4c07-932b-3d8cd603673a,2025-11-07,,103,,2907,,
Laurent,PANIFOUS,interets,ORANGE,,position_initiale,,,51bd773b-e99d-4c07-932b-3d8cd603673a,2025-11-07,,303,,4231,,
Laurent,PANIFOUS,interets,REMY COINTREAU,,position_initiale,,,51bd773b-e99d-4c07-932b-3d8cd603673a,2025-11-07,,40,,2296,,
Laurent,PANIFOUS,interets,SG ACTIONS US C FCP 3DEC,,position_initiale,,,51bd773b-e99d-4c07-932b-3d8cd603673a,2025-11-07,,10,,5160,,
Laurent,PANIFOUS,interets,SOLVAY SA,,position_initiale,,,51bd773b-e99d-4c07-932b-3d8cd603673a,2025-11-07,,79,,2098,,
Laurent,PANIFOUS,interets,SOPRA STERIA GROUP,,position_initiale,,,51bd773b-e99d-4c07-932b-3d8cd603673a,2025-11-07,,19,,2359,,
Laurent,PANIFOUS,interets,STMICROELECTRONICS,,position_initiale,,,51bd773b-e99d-4c07-932b-3d8cd603673a,2025-11-07,,110,,2266,,
Laurent,PANIFOUS,interets,THALES,,position_initiale,,,51bd773b-e99d-4c07-932b-3d8cd603673a,2025-11-07,,22,,5247,,
Laurent,PANIFOUS,interets,TRIGANO,,position_initiale,,,51bd773b-e99d-4c07-932b-3d8cd603673a,2025-11-07,,24,,3556,,
Laurent,PANIFOUS,interets,VEOLIA ENVIRONNEMENT,,position_initiale,,,51bd773b-e99d-4c07-932b-3d8cd603673a,2025-11-07,,117,,3366,,
Laurent,PANIFOUS,patrimoine,Compte titre (CREDIT AGRICOLE),,position_initiale,,,07ba839d-dfed-4db1-9f46-72f129fe42ec,2025-11-07,,,,48,,
Laurent,PANIFOUS,patrimoine,PEA (CREDIT AGRICOLE),,position_initiale,,,07ba839d-dfed-4db1-9f46-72f129fe42ec,2025-11-07,,,,94457,,
Agnès,PANNIER-RUNACHER,interets,ELIS,,position_initiale,,,47f2ca02-d614-4693-a250-0583af53dcf9,2026-01-02,,615,,15055,,
SOPHIE,PANONACLE,interets,Sarl Panonacle Immobilier,,position_initiale,,,632ab778-3883-47c7-ad0f-6bfb181aa6a2,2024-07-24,,500,,26357,,
SOPHIE,PANONACLE,interets,CMSO,,apparition,632ab778-3883-47c7-ad0f-6bfb181aa6a2,2024-07-24,3ce96721-307c-48b2-afbb-a7f6174534da,2024-10-02,,28511,,28511,28511,28511
SOPHIE,PANONACLE,interets,Novapierre Allemagne 2,,apparition,632ab778-3883-47c7-ad0f-6bfb181aa6a2,2024-07-24,3ce96721-307c-48b2-afbb-a7f6174534da,2024-10-02,,80,,20800,80,20800
SOPHIE,PANONACLE,interets,Sarl Panonacle Immobilier,,hausse,632ab778-3883-47c7-ad0f-6bfb181aa6a2,2024-07-24,3ce96721-307c-48b2-afbb-a7f6174534da,2024-10-02,500,500,26357,155837,0,129480
Gerard,PAOLI,interets,Accor,,apparition,2ac67644-111a-4a05-829c-4fe8de1d10c2,2022-01-18,86bf841f-6bda-4cb1-ab71-78206af1824d,2022-01-25,,20,,601,20,601
Gerard,PAOLI,interets,air liquide,,apparition,2ac67644-111a-4a05-829c-4fe8de1d10c2,2022-01-18,86bf841f-6bda-4cb1-ab71-78206af1824d,2022-01-25,,14,,2101,14,2101
Gerard,PAOLI,interets,Airbus,,apparition,2ac67644-111a-4a05-829c-4fe8de1d10c2,2022-01-18,86bf841f-6bda-4cb1-ab71-78206af1824d,2022-01-25,,24,,2670,24,2670
Gerard,PAOLI,interets,AXA,,apparition,2ac67644-111a-4a05-829c-4fe8de1d10c2,2022-01-18,86bf841f-6bda-4cb1-ab71-78206af1824d,2022-01-25,,74,,1611,74,1611
Gerard,PAOLI,interets,BNP Paribas,,apparition,2ac67644-111a-4a05-829c-4fe8de1d10c2,2022-01-18,86bf841f-6bda-4cb1-ab71-78206af1824d,2022-01-25,,57,,2897,57,2897
Gerard,PAOLI,interets,Capgemini,,apparition,2ac67644-111a-4a05-829c-4fe8de1d10c2,2022-01-18,86bf841f-6bda-4cb1-ab71-78206af1824d,2022-01-25,,15,,2531,15,2531
Gerard,PAOLI,interets,Danone,,apparition,2ac67644-111a-4a05-829c-4fe8de1d10c2,2022-01-18,86bf841f-6bda-4cb1-ab71-78206af1824d,2022-01-25,,22,,1314,22,1314
Gerard,PAOLI,interets,Dassault Systemes,,apparition,2ac67644-111a-4a05-829c-4fe8de1d10c2,2022-01-18,86bf841f-6bda-4cb1-ab71-78206af1824d,2022-01-25,,20,,872,20,872
Gerard,PAOLI,interets,Engie,,apparition,2ac67644-111a-4a05-829c-4fe8de1d10c2,2022-01-18,86bf841f-6bda-4cb1-ab71-78206af1824d,2022-01-25,,33,,383,33,383
Gerard,PAOLI,interets,Essilor Luxottica,,apparition,2ac67644-111a-4a05-829c-4fe8de1d10c2,2022-01-18,86bf841f-6bda-4cb1-ab71-78206af1824d,2022-01-25,,7,,1101,7,1101
Gerard,PAOLI,interets,Iliad,,apparition,2ac67644-111a-4a05-829c-4fe8de1d10c2,2022-01-18,86bf841f-6bda-4cb1-ab71-78206af1824d,2022-01-25,,4,,486,4,486
Gerard,PAOLI,interets,L'Oréal,,apparition,2ac67644-111a-4a05-829c-4fe8de1d10c2,2022-01-18,86bf841f-6bda-4cb1-ab71-78206af1824d,2022-01-25,,8,,3004,8,3004
Gerard,PAOLI,interets,LVMH,,apparition,2ac67644-111a-4a05-829c-4fe8de1d10c2,2022-01-18,86bf841f-6bda-4cb1-ab71-78206af1824d,2022-01-25,,13,,8719,13,8719
Gerard,PAOLI,interets,Michelin,,apparition,2ac67644-111a-4a05-829c-4fe8de1d10c2,2022-01-18,86bf841f-6bda-4cb1-ab71-78206af1824d,2022-01-25,,12,,1647,12,1647
Gerard,PAOLI,interets,Orange,,apparition,2ac67644-111a-4a05-829c-4fe8de1d10c2,2022-01-18,86bf841f-6bda-4cb1-ab71-78206af1824d,2022-01-25,,122,,1174,122,1174
Gerard,PAOLI,interets,Orpéa,,apparition,2ac67644-111a-4a05-829c-4fe8de1d10c2,2022-01-18,86bf841f-6bda-4cb1-ab71-78206af1824d,2022-01-25,,6,,647,6,647
Gerard,PAOLI,interets,Publicis Group SA,,apparition,2ac67644-111a-4a05-829c-4fe8de1d10c2,2022-01-18,86bf841f-6bda-4cb1-ab71-78206af1824d,2022-01-25,,11,,593,11,593
Gerard,PAOLI,interets,Renault,,apparition,2ac67644-111a-4a05-829c-4fe8de1d10c2,2022-01-18,86bf841f-6bda-4cb1-ab71-78206af1824d,2022-01-25,,9,,292,9,292
Gerard,PAOLI,interets,Saint Gobain,,apparition,2ac67644-111a-4a05-829c-4fe8de1d10c2,2022-01-18,86bf841f-6bda-4cb1-ab71-78206af1824d,2022-01-25,,21,,1232,21,1232
Gerard,PAOLI,interets,Sanofi,,apparition,2ac67644-111a-4a05-829c-4fe8de1d10c2,2022-01-18,86bf841f-6bda-4cb1-ab71-78206af1824d,2022-01-25,,45,,3993,45,3993
Gerard,PAOLI,interets,Schneider electric SE,,apparition,2ac67644-111a-4a05-829c-4fe8de1d10c2,2022-01-18,86bf841f-6bda-4cb1-ab71-78206af1824d,2022-01-25,,18,,2492,18,2492
Gerard,PAOLI,interets,Societe Générale,,apparition,2ac67644-111a-4a05-829c-4fe8de1d10c2,2022-01-18,86bf841f-6bda-4cb1-ab71-78206af1824d,2022-01-25,,33,,810,33,810
Gerard,PAOLI,interets,STMicroelectronics,,apparition,2ac67644-111a-4a05-829c-4fe8de1d10c2,2022-01-18,86bf841f-6bda-4cb1-ab71-78206af1824d,2022-01-25,,23,,746,23,746
Gerard,PAOLI,interets,téléperformance,,apparition,2ac67644-111a-4a05-829c-4fe8de1d10c2,2022-01-18,86bf841f-6bda-4cb1-ab71-78206af1824d,2022-01-25,,7,,2486,7,2486
Gerard,PAOLI,interets,Thales,,apparition,2ac67644-111a-4a05-829c-4fe8de1d10c2,2022-01-18,86bf841f-6bda-4cb1-ab71-78206af1824d,2022-01-25,,11,,975,11,975
Gerard,PAOLI,interets,Total énergies SE,,apparition,2ac67644-111a-4a05-829c-4fe8de1d10c2,2022-01-18,86bf841f-6bda-4cb1-ab71-78206af1824d,2022-01-25,,84,,3124,84,3124
Gerard,PAOLI,interets,Vinci,,apparition,2ac67644-111a-4a05-829c-4fe8de1d10c2,2022-01-18,86bf841f-6bda-4cb1-ab71-78206af1824d,2022-01-25,,22,,2011,22,2011
Gerard,PAOLI,interets,Vivendi,,apparition,2ac67644-111a-4a05-829c-4fe8de1d10c2,2022-01-18,86bf841f-6bda-4cb1-ab71-78206af1824d,2022-01-25,,49,,1384,49,1384
Jean,Papadopulo,interets,clinique vétérinaire ARMONIA SA,,position_initiale,,,2dc287a5-c3c5-443f-be8b-b7138505a069,2021-08-25,,75000,,75000,,
Serge,Papin,interets,BEFOIL,,position_initiale,,,2b94dced-7b24-47c5-b53e-f659f55e6f1c,2025-12-05,,1409,,0,,
Serge,Papin,interets,EXPERTS COUNCIL,,position_initiale,,,2b94dced-7b24-47c5-b53e-f659f55e6f1c,2025-12-05,,75,,1489,,
Serge,Papin,interets,FINAPA (PP),,position_initiale,,,2b94dced-7b24-47c5-b53e-f659f55e6f1c,2025-12-05,,152474,,6719662,,
Serge,Papin,interets,FINAPA (US),,position_initiale,,,2b94dced-7b24-47c5-b53e-f659f55e6f1c,2025-12-05,,26660,,469972,,
Serge,Papin,interets,LES EDITIONS DU PORTRAIT,,position_initiale,,,2b94dced-7b24-47c5-b53e-f659f55e6f1c,2025-12-05,,2000,,15110,,
Serge,Papin,interets,CREDIT AGRICOLE,,apparition,2b94dced-7b24-47c5-b53e-f659f55e6f1c,2025-12-05,d2ebcec3-8350-4f96-8d9f-b6d2cd46b988,2026-02-17,,384,,584,384,584
Serge,Papin,interets,FCPI TRUFFLE innocroissance,,apparition,2b94dced-7b24-47c5-b53e-f659f55e6f1c,2025-12-05,d2ebcec3-8350-4f96-8d9f-b6d2cd46b988,2026-02-17,,180,,5083,180,5083
Serge,Papin,patrimoine,BEFOIL,,position_initiale,,,bd19a0d5-eb22-4649-bb6b-e8d77ff89118,2025-12-05,,,,0,,
Serge,Papin,patrimoine,Compte titre (CREDIT AGRICOLE ATLANTIQUE),,position_initiale,,,bd19a0d5-eb22-4649-bb6b-e8d77ff89118,2025-12-05,,,,584,,
Serge,Papin,patrimoine,Compte titre (SOCIETE GENERALE),,position_initiale,,,bd19a0d5-eb22-4649-bb6b-e8d77ff89118,2025-12-05,,,,5083,,
Serge,Papin,patrimoine,EXPERTS COUNCIL,,position_initiale,,,bd19a0d5-eb22-4649-bb6b-e8d77ff89118,2025-12-05,,,,1489,,
Serge,Papin,patrimoine,FINAPA,,position_initiale,,,bd19a0d5-eb22-4649-bb6b-e8d77ff89118,2025-12-05,,,,7189634,,
Serge,Papin,patrimoine,LES EDITIONS DU PORTRAIT,,position_initiale,,,bd19a0d5-eb22-4649-bb6b-e8d77ff89118,2025-12-05,,,,15110,,
LIONEL,PARA,interets,LP INVESTISSEMENT,,position_initiale,,,4c265e4a-bf4b-4ebe-86b3-decaa0c8ee7b,2021-10-26,,35059,,17211457,,
Charlotte,LECOCQ,interets,air liquide,,position_initiale,,,dad1c38a-9977-4d30-b9bf-de295ce7c75b,2026-04-02,,31,,5286,,
Charlotte,LECOCQ,interets,open !,,position_initiale,,,dad1c38a-9977-4d30-b9bf-de295ce7c75b,2026-04-02,,14,,20104,,
Sabine,Patoux,interets,FNAC DARTY,,position_initiale,,,04e1dcc0-aa64-4396-adf4-8c2d8a15f521,2021-09-17,,55,,3033,,
Sabine,Patoux,interets,NEXITY,,position_initiale,,,04e1dcc0-aa64-4396-adf4-8c2d8a15f521,2021-09-17,,80,,3514,,
Sabine,Patoux,interets,OMNImeubles SARL,,position_initiale,,,04e1dcc0-aa64-4396-adf4-8c2d8a15f521,2021-09-17,,6667,,6667,,
Sabine,Patoux,interets,RENAULT,,position_initiale,,,04e1dcc0-aa64-4396-adf4-8c2d8a15f521,2021-09-17,,85,,2474,,
Sabine,Patoux,interets,SG ACT EURO SEL 3D,,position_initiale,,,04e1dcc0-aa64-4396-adf4-8c2d8a15f521,2021-09-17,,89,,5655,,
Nicolas,PATRIARCHE,interets,ANICEA,,position_initiale,,,90f8a4b2-1aa3-4880-bf85-3a90972865e2,2022-12-19,,76,,760,,
Jérémie,Patrier-Leitus,interets,DEINOVE,,position_initiale,,,0ba18818-6f0a-450c-817d-0a91270879d3,2024-09-10,,380,,10,,
Jérémie,Patrier-Leitus,interets,Real Immo,,position_initiale,,,0ba18818-6f0a-450c-817d-0a91270879d3,2024-09-10,,45,,360000,,
Eric,PAUGET,interets,Sarl Le Piccolo,,position_initiale,,,26e22201-e028-43dc-b0db-8d4189fa42f4,2024-08-30,,1800,,194994,,
Eric,PAUGET,interets,Sarl le Pylone,,position_initiale,,,26e22201-e028-43dc-b0db-8d4189fa42f4,2024-08-30,,67,,400029,,
Jean-Gérard,Paumier,interets,Orange,,apparition,664b6598-ac20-4a5a-866c-a7a2b130d23d,2023-11-23,488cd850-ac40-4753-803e-aa0ba22c9c16,2024-02-02,,2451,,26451,2451,26451
Valerie,Pecresse,interets,General Electric,,position_initiale,,,ef7d89c1-71bb-4c1a-b2d1-adfa3868aea7,2021-08-29,,13985,,1262374,,
Valerie,Pecresse,interets,General Electric,,disparition,ef7d89c1-71bb-4c1a-b2d1-adfa3868aea7,2021-08-29,c9211eff-9c18-490e-9c68-8327047f1022,2022-01-31,13985,,1262374,,-13985,-1262374
Valerie,Pecresse,interets,SARL Saint Damien,,apparition,ef7d89c1-71bb-4c1a-b2d1-adfa3868aea7,2021-08-29,c9211eff-9c18-490e-9c68-8327047f1022,2022-01-31,,360,,133765,360,133765
Valerie,Pecresse,interets,SARL Saint Damien,,hausse,c9211eff-9c18-490e-9c68-8327047f1022,2022-01-31,f3560552-ed55-4707-ab09-5aff7e5680d9,2022-05-16,360,360,133765,154915,0,21150
Valerie,Pecresse,interets,GE Healthcare,,apparition,f3560552-ed55-4707-ab09-5aff7e5680d9,2022-05-16,f8e84801-cf6e-41e7-8cbb-52a4452ad210,2023-03-10,,4036,,294110,4036,294110
Valerie,Pecresse,interets,General Electric,,apparition,f3560552-ed55-4707-ab09-5aff7e5680d9,2022-05-16,f8e84801-cf6e-41e7-8cbb-52a4452ad210,2023-03-10,,15146,,1310373,15146,1310373
Valerie,Pecresse,interets,JPCR Conseil SAS,,apparition,f3560552-ed55-4707-ab09-5aff7e5680d9,2022-05-16,f8e84801-cf6e-41e7-8cbb-52a4452ad210,2023-03-10,,100,,1000,100,1000
Valerie,Pecresse,interets,SARL Saint Damien,,hausse,f3560552-ed55-4707-ab09-5aff7e5680d9,2022-05-16,f8e84801-cf6e-41e7-8cbb-52a4452ad210,2023-03-10,360,720,154915,290117,360,135202
Valerie,Pecresse,interets,GE Healthcare,,baisse,f8e84801-cf6e-41e7-8cbb-52a4452ad210,2023-03-10,e13c4b5d-66a1-488d-8521-2754649db7c5,2023-10-17,4036,4036,294110,256784,0,-37326
Valerie,Pecresse,interets,General Electric,,hausse,f8e84801-cf6e-41e7-8cbb-52a4452ad210,2023-03-10,e13c4b5d-66a1-488d-8521-2754649db7c5,2023-10-17,15146,33522,1310373,3464903,18376,2154530
Valerie,Pecresse,interets,JPCR Conseil SAS,,hausse,f8e84801-cf6e-41e7-8cbb-52a4452ad210,2023-03-10,e13c4b5d-66a1-488d-8521-2754649db7c5,2023-10-17,100,100,1000,125600,0,124600
Valerie,Pecresse,interets,Rio Tinto PLC,,apparition,f8e84801-cf6e-41e7-8cbb-52a4452ad210,2023-03-10,e13c4b5d-66a1-488d-8521-2754649db7c5,2023-10-17,,5000,,297282,5000,297282
Valerie,Pecresse,interets,SARL Saint Damien,,baisse,f8e84801-cf6e-41e7-8cbb-52a4452ad210,2023-03-10,e13c4b5d-66a1-488d-8521-2754649db7c5,2023-10-17,720,720,290117,282491,0,-7626
Valerie,Pecresse,interets,GE Aerospace,,apparition,e13c4b5d-66a1-488d-8521-2754649db7c5,2023-10-17,1f935025-e50a-4a66-a825-2775fcf3ebd1,2025-01-15,,33514,,5754019,33514,5754019
Valerie,Pecresse,interets,GE Healthcare,,hausse,e13c4b5d-66a1-488d-8521-2754649db7c5,2023-10-17,1f935025-e50a-4a66-a825-2775fcf3ebd1,2025-01-15,4036,4036,256784,342091,0,85307
Valerie,Pecresse,interets,General Electric,,disparition,e13c4b5d-66a1-488d-8521-2754649db7c5,2023-10-17,1f935025-e50a-4a66-a825-2775fcf3ebd1,2025-01-15,33522,,3464903,,-33522,-3464903
Valerie,Pecresse,interets,JPCR Conseil SAS,,baisse,e13c4b5d-66a1-488d-8521-2754649db7c5,2023-10-17,1f935025-e50a-4a66-a825-2775fcf3ebd1,2025-01-15,100,100,125600,98530,0,-27070
Valerie,Pecresse,interets,Rio Tinto PLC,,hausse,e13c4b5d-66a1-488d-8521-2754649db7c5,2023-10-17,1f935025-e50a-4a66-a825-2775fcf3ebd1,2025-01-15,5000,5043,297282,295793,43,-1489
Valerie,Pecresse,interets,SARL Saint Damien,,disparition,e13c4b5d-66a1-488d-8521-2754649db7c5,2023-10-17,1f935025-e50a-4a66-a825-2775fcf3ebd1,2025-01-15,720,,282491,,-720,-282491
Valerie,Pecresse,interets,GE Healthcare,,disparition,1f935025-e50a-4a66-a825-2775fcf3ebd1,2025-01-15,44c27b7d-dda6-425c-b636-06ddfe0f228e,2025-09-20,4036,,342091,,-4036,-342091
Sybil Brigitte,PECRIAUX,interets,Earl haras de la bareliere,,position_initiale,,,98c33a1f-4cdb-4cf6-8bbe-4190673a9d46,2024-03-22,,50,,185000,,
Dominique,PEDUZZI,interets,Bien Immo Pro pp,,position_initiale,,,26e69145-7793-4760-bc32-5ca5d3ce2f8e,2021-09-20,,2,,82,,
Dominique,PEDUZZI,interets,Bien Immo Pro uf,,position_initiale,,,26e69145-7793-4760-bc32-5ca5d3ce2f8e,2021-09-20,,260,,5327,,
Dominique,PEDUZZI,interets,FREDOM np,,position_initiale,,,26e69145-7793-4760-bc32-5ca5d3ce2f8e,2021-09-20,,735,,622574,,
Dominique,PEDUZZI,interets,FREDOM pp,,position_initiale,,,26e69145-7793-4760-bc32-5ca5d3ce2f8e,2021-09-20,,598,,633162,,
Dominique,PEDUZZI,interets,Groupe LIVIO np,,position_initiale,,,26e69145-7793-4760-bc32-5ca5d3ce2f8e,2021-09-20,,851,,1165260,,
Dominique,PEDUZZI,interets,Groupe LIVIO pp,,position_initiale,,,26e69145-7793-4760-bc32-5ca5d3ce2f8e,2021-09-20,,693,,1185076,,
Catherine,Pégard,interets,BNP Paribas Actions A,,apparition,2e69a01d-40f2-4218-a9e3-6b50d0e41095,2026-04-27,8ff5cdab-ee36-4904-80fe-9680911b749d,2026-07-03,,33,,2673,33,2673
Catherine,Pégard,interets,Saint Gobain,,apparition,2e69a01d-40f2-4218-a9e3-6b50d0e41095,2026-04-27,8ff5cdab-ee36-4904-80fe-9680911b749d,2026-07-03,,187,,13101,187,13101
Catherine,Pégard,interets,SCPI Pierre Avenir 2,,apparition,2e69a01d-40f2-4218-a9e3-6b50d0e41095,2026-04-27,8ff5cdab-ee36-4904-80fe-9680911b749d,2026-07-03,,50,,31484,50,31484
Catherine,Pégard,patrimoine,Compte titre (BNP Paribas),,position_initiale,,,30a4d227-58b7-4272-bb02-7b184261a28f,2026-07-03,,,,51131,,
Catherine,Pégard,patrimoine,PEA (BNP Paribas),,position_initiale,,,30a4d227-58b7-4272-bb02-7b184261a28f,2026-07-03,,,,230580,,
Catherine,Pégard,patrimoine,SCPI Pierre Avenir 2,,position_initiale,,,30a4d227-58b7-4272-bb02-7b184261a28f,2026-07-03,,,,31484,,
Germinal,Peiro,interets,SARL La Source,,apparition,037943d2-d357-4c06-806c-a7824513a6c5,2021-08-22,26e84b9d-6e01-45bf-a68a-b2209906af24,2025-11-01,,450,,4500,450,4500
Charles,Pelanne,interets,SAS MONT-DUROU,,apparition,ba814f9b-e77f-4442-b15d-c6b3916f26fd,2021-08-31,cc7462f6-45c8-4681-8155-6a3f2d5c0c18,2022-12-27,,1355,,74500,1355,74500
Véronique,PELISSIER,interets,BNP PARIBAS,,position_initiale,,,d5844eb7-87af-4eaf-bc97-6dd4e31241d1,2021-08-05,,104,,5496,,
Véronique,PELISSIER,interets,ENGIE,,position_initiale,,,d5844eb7-87af-4eaf-bc97-6dd4e31241d1,2021-08-05,,76,,876,,
Véronique,PELISSIER,interets,SCHNEIDER ELECTRIC,,position_initiale,,,d5844eb7-87af-4eaf-bc97-6dd4e31241d1,2021-08-05,,234,,31047,,
Véronique,PELISSIER,interets,SELARL CABINET PELISSIER,,apparition,d5844eb7-87af-4eaf-bc97-6dd4e31241d1,2021-08-05,2aa6599c-879e-4cac-9e8b-72e5618a3874,2022-10-26,,3450,,34500,3450,34500
Thomas,Pellerin-Carlin,interets,ENERCOOP,,position_initiale,,,c49b69d3-3593-497e-80ea-a4839b239433,2024-07-31,,1,,100,,
Fortuné,PELLICANO,interets,AIR LIQUIDE,,position_initiale,,,57e7b1d7-bf38-40ea-8965-4640074c8100,2022-02-02,,34,,5020,,
Fortuné,PELLICANO,interets,AIRBUS,,position_initiale,,,57e7b1d7-bf38-40ea-8965-4640074c8100,2022-02-02,,64,,6940,,
Fortuné,PELLICANO,interets,ALSTOM,,position_initiale,,,57e7b1d7-bf38-40ea-8965-4640074c8100,2022-02-02,,39,,1661,,
Fortuné,PELLICANO,interets,ARCELOR MITTAL,,position_initiale,,,57e7b1d7-bf38-40ea-8965-4640074c8100,2022-02-02,,111,,2869,,
Fortuné,PELLICANO,interets,ASML HOLDING,,position_initiale,,,57e7b1d7-bf38-40ea-8965-4640074c8100,2022-02-02,,3,,1738,,
Fortuné,PELLICANO,interets,AXA,,position_initiale,,,57e7b1d7-bf38-40ea-8965-4640074c8100,2022-02-02,,236,,5046,,
Fortuné,PELLICANO,interets,BNP PARIBAS,,position_initiale,,,57e7b1d7-bf38-40ea-8965-4640074c8100,2022-02-02,,96,,5075,,
Fortuné,PELLICANO,interets,BOUYGUES,,position_initiale,,,57e7b1d7-bf38-40ea-8965-4640074c8100,2022-02-02,,46,,1434,,
Fortuné,PELLICANO,interets,CAP GEMINI,,position_initiale,,,57e7b1d7-bf38-40ea-8965-4640074c8100,2022-02-02,,20,,3240,,
Fortuné,PELLICANO,interets,CREDIT AGRICOLE,,position_initiale,,,57e7b1d7-bf38-40ea-8965-4640074c8100,2022-02-02,,261,,3083,,
Fortuné,PELLICANO,interets,DANONE,,position_initiale,,,57e7b1d7-bf38-40ea-8965-4640074c8100,2022-02-02,,29,,1721,,
Fortuné,PELLICANO,interets,DASSAULT SYSTEME,,position_initiale,,,57e7b1d7-bf38-40ea-8965-4640074c8100,2022-02-02,,10,,2045,,
Fortuné,PELLICANO,interets,ESSILOR LUXOTTICA,,position_initiale,,,57e7b1d7-bf38-40ea-8965-4640074c8100,2022-02-02,,18,,2801,,
Fortuné,PELLICANO,interets,HERMES INTERNATIONAL,,position_initiale,,,57e7b1d7-bf38-40ea-8965-4640074c8100,2022-02-02,,4,,4914,,
Fortuné,PELLICANO,interets,Sasu IROISE CONSULTING,,position_initiale,,,57e7b1d7-bf38-40ea-8965-4640074c8100,2022-02-02,,7624,,7624,,
Fortuné,PELLICANO,interets,KERING,,position_initiale,,,57e7b1d7-bf38-40ea-8965-4640074c8100,2022-02-02,,3,,2211,,
Fortuné,PELLICANO,interets,L'OREAL,,position_initiale,,,57e7b1d7-bf38-40ea-8965-4640074c8100,2022-02-02,,19,,7140,,
Fortuné,PELLICANO,interets,LINDE,,position_initiale,,,57e7b1d7-bf38-40ea-8965-4640074c8100,2022-02-02,,6,,1460,,
Fortuné,PELLICANO,interets,LVMH,,position_initiale,,,57e7b1d7-bf38-40ea-8965-4640074c8100,2022-02-02,,21,,13887,,
Fortuné,PELLICANO,interets,MICHELIN,,position_initiale,,,57e7b1d7-bf38-40ea-8965-4640074c8100,2022-02-02,,17,,2286,,
Fortuné,PELLICANO,interets,ORANGE,,position_initiale,,,57e7b1d7-bf38-40ea-8965-4640074c8100,2022-02-02,,158,,1517,,
Fortuné,PELLICANO,interets,RENAULT,,position_initiale,,,57e7b1d7-bf38-40ea-8965-4640074c8100,2022-02-02,,45,,1533,,
Fortuné,PELLICANO,interets,SAFRAN,,position_initiale,,,57e7b1d7-bf38-40ea-8965-4640074c8100,2022-02-02,,16,,1870,,
Fortuné,PELLICANO,interets,SAINT GOBAIN,,position_initiale,,,57e7b1d7-bf38-40ea-8965-4640074c8100,2022-02-02,,42,,2332,,
Fortuné,PELLICANO,interets,SANOFI,,position_initiale,,,57e7b1d7-bf38-40ea-8965-4640074c8100,2022-02-02,,92,,8129,,
Fortuné,PELLICANO,interets,SCHNEDER ELECTRIC,,position_initiale,,,57e7b1d7-bf38-40ea-8965-4640074c8100,2022-02-02,,41,,5439,,
Fortuné,PELLICANO,interets,SG VALOR ALPHA ACTIONS FRANCE,,position_initiale,,,57e7b1d7-bf38-40ea-8965-4640074c8100,2022-02-02,,26,,3998,,
Fortuné,PELLICANO,interets,SOCIETE GENERALE,,position_initiale,,,57e7b1d7-bf38-40ea-8965-4640074c8100,2022-02-02,,99,,2461,,
Fortuné,PELLICANO,interets,STELLANTIS,,position_initiale,,,57e7b1d7-bf38-40ea-8965-4640074c8100,2022-02-02,,317,,5243,,
Fortuné,PELLICANO,interets,STMICROELECTRONICS,,position_initiale,,,57e7b1d7-bf38-40ea-8965-4640074c8100,2022-02-02,,62,,1897,,
Fortuné,PELLICANO,interets,THALES,,position_initiale,,,57e7b1d7-bf38-40ea-8965-4640074c8100,2022-02-02,,12,,1032,,
Fortuné,PELLICANO,interets,TOTALENERGIES SE,,position_initiale,,,57e7b1d7-bf38-40ea-8965-4640074c8100,2022-02-02,,255,,9729,,
Fortuné,PELLICANO,interets,VEOLIA ENVIRONNEMENT,,position_initiale,,,57e7b1d7-bf38-40ea-8965-4640074c8100,2022-02-02,,85,,2164,,
Fortuné,PELLICANO,interets,VINCI,,position_initiale,,,57e7b1d7-bf38-40ea-8965-4640074c8100,2022-02-02,,44,,3959,,
Joëlle,Peltier Cornuau,interets,Palova,,position_initiale,,,4b78e9af-2d0f-4ddd-9961-943749344c99,2023-04-08,,970,,970,,
Joëlle,Peltier Cornuau,interets,Qéopse,,position_initiale,,,4b78e9af-2d0f-4ddd-9961-943749344c99,2023-04-08,,1600,,1600,,
BERNARD,PERAZIO,interets,FROMANT SARL,,position_initiale,,,17084a32-40bc-480b-8588-d3a5bf940666,2021-09-01,,127,,980449,,
BERNARD,PERAZIO,interets,PERAZIO SARL,,position_initiale,,,17084a32-40bc-480b-8588-d3a5bf940666,2021-09-01,,625,,625123,,
Thierry,PEREZ,interets,Incentive Agency,,position_initiale,,,3ca0dce1-b4de-4460-996c-45320579a0b4,2024-09-04,,434,,30100,,
Thierry,PEREZ,interets,Incentive Agency,,hausse,3ca0dce1-b4de-4460-996c-45320579a0b4,2024-09-04,7f49cc27-a960-4374-bf4c-8e52529f37ce,2025-01-14,434,434,30100,32550,0,2450
Angélique,PERINI,interets,CREDIT AGRICOLE NORMANDIE,,apparition,ebbc6b73-4071-4321-919d-a3213fa81979,2022-07-28,27dddeaa-5c42-4770-b993-bd7b5534a267,2022-08-04,,2287,,3499,2287,3499
Angélique,PERINI,interets,FDJ,,apparition,ebbc6b73-4071-4321-919d-a3213fa81979,2022-07-28,27dddeaa-5c42-4770-b993-bd7b5534a267,2022-08-04,,112,,5040,112,5040
Ludovic,PERNEY,interets,Carrefour,,position_initiale,,,42a8497f-8fef-40c3-a097-dd8aa20e1ba3,2021-09-14,,25,,378,,
Ludovic,PERNEY,interets,Carrefour,,hausse,42a8497f-8fef-40c3-a097-dd8aa20e1ba3,2021-09-14,8b696621-dfa4-43f8-8afd-02d07650618c,2022-07-28,25,25,378,420,0,42
soizic,PRIOUX,interets,MARET,,position_initiale,,,8bb1a02e-1e20-4f6b-96f4-16d5d60912a8,2021-08-20,,38,,380,,
Jean-Philippe,PERRET,interets,AIR LIQUIDE,,position_initiale,,,e6579610-3243-4327-a614-1214042dbc83,2021-09-21,,10,,1456,,
Jean-Philippe,PERRET,interets,AT&T,,position_initiale,,,e6579610-3243-4327-a614-1214042dbc83,2021-09-21,,40,,951,,
Jean-Philippe,PERRET,interets,BOEING,,position_initiale,,,e6579610-3243-4327-a614-1214042dbc83,2021-09-21,,10,,1960,,
Jean-Philippe,PERRET,interets,CARBIOS,,position_initiale,,,e6579610-3243-4327-a614-1214042dbc83,2021-09-21,,30,,1225,,
Jean-Philippe,PERRET,interets,DBT,,position_initiale,,,e6579610-3243-4327-a614-1214042dbc83,2021-09-21,,20000,,1080,,
Jean-Philippe,PERRET,interets,EDF,,position_initiale,,,e6579610-3243-4327-a614-1214042dbc83,2021-09-21,,82,,873,,
Jean-Philippe,PERRET,interets,Fermentalg,,position_initiale,,,e6579610-3243-4327-a614-1214042dbc83,2021-09-21,,1371,,3921,,
Jean-Philippe,PERRET,interets,NOXXON PHARMA,,position_initiale,,,e6579610-3243-4327-a614-1214042dbc83,2021-09-21,,760,,248,,
Jean-Philippe,PERRET,interets,ORANGE,,position_initiale,,,e6579610-3243-4327-a614-1214042dbc83,2021-09-21,,180,,1710,,
Jean-Philippe,PERRET,interets,SWORD GROUP,,position_initiale,,,e6579610-3243-4327-a614-1214042dbc83,2021-09-21,,40,,1760,,
Jean-Philippe,PERRET,interets,TOTAL,,position_initiale,,,e6579610-3243-4327-a614-1214042dbc83,2021-09-21,,100,,3769,,
Jean-Philippe,PERRET,interets,axoltis pharma,,apparition,e6579610-3243-4327-a614-1214042dbc83,2021-09-21,230e1b0b-1c29-4d21-821d-3d5933970084,2024-05-06,,607,,20000,607,20000
Jean-Philippe,PERRET,interets,CARBIOS,,disparition,e6579610-3243-4327-a614-1214042dbc83,2021-09-21,230e1b0b-1c29-4d21-821d-3d5933970084,2024-05-06,30,,1225,,-30,-1225
Jean-Philippe,PERRET,interets,SAS QUALI INVESTISSEMENTS,,apparition,e6579610-3243-4327-a614-1214042dbc83,2021-09-21,230e1b0b-1c29-4d21-821d-3d5933970084,2024-05-06,,52,,172000,52,172000
Jean-Philippe,PERRET,interets,SWORD GROUP,,disparition,e6579610-3243-4327-a614-1214042dbc83,2021-09-21,230e1b0b-1c29-4d21-821d-3d5933970084,2024-05-06,40,,1760,,-40,-1760
nicolas,perrin,interets,PHENIX,,position_initiale,,,e656369a-527c-4531-a034-84a09382e32c,2021-09-16,,112000,,300000,,
nicolas,perrin,interets,Crédit coopératif,,apparition,e656369a-527c-4531-a034-84a09382e32c,2021-09-16,b18c07ba-f4d8-4aac-934b-f3170ed7729d,2022-09-20,,3288,,50142,3288,50142
nicolas,perrin,interets,SEP HUETTE,,apparition,e656369a-527c-4531-a034-84a09382e32c,2021-09-16,b18c07ba-f4d8-4aac-934b-f3170ed7729d,2022-09-20,,1,,50000,1,50000
nicolas,perrin,interets,SEP Le Mezo,,apparition,e656369a-527c-4531-a034-84a09382e32c,2021-09-16,b18c07ba-f4d8-4aac-934b-f3170ed7729d,2022-09-20,,1,,100000,1,100000
nicolas,perrin,interets,Crédit coopératif,,baisse,b18c07ba-f4d8-4aac-934b-f3170ed7729d,2022-09-20,e3e214ba-8b11-4a45-86c6-e402c4c02962,2024-08-26,3288,3288,50142,20000,0,-30142
nicolas,perrin,interets,SEP Le Mezo,,disparition,0695011a-6bfa-4cdb-99c5-20c1b9a3684f,2024-11-24,551b2085-0616-4a3e-8b97-b8a23640e897,2025-07-13,1,,100000,,-1,-100000
nicolas,perrin,interets,Siba Ostrea,,apparition,0695011a-6bfa-4cdb-99c5-20c1b9a3684f,2024-11-24,551b2085-0616-4a3e-8b97-b8a23640e897,2025-07-13,,10,,5000,10,5000
Thomas,Perrocheau,interets,AirLiquide,,position_initiale,,,5c8fc5f9-f9df-416a-82d3-c6d68a678980,2022-02-17,,2,,299,,
Thomas,Perrocheau,interets,CDA,,position_initiale,,,5c8fc5f9-f9df-416a-82d3-c6d68a678980,2022-02-17,,200,,3032,,
Thomas,Perrocheau,interets,Euromédis,,position_initiale,,,5c8fc5f9-f9df-416a-82d3-c6d68a678980,2022-02-17,,40,,319,,
Thomas,Perrocheau,interets,FDJ,,position_initiale,,,5c8fc5f9-f9df-416a-82d3-c6d68a678980,2022-02-17,,70,,2618,,
Thomas,Perrocheau,interets,Novacyt,,position_initiale,,,5c8fc5f9-f9df-416a-82d3-c6d68a678980,2022-02-17,,130,,312,,
Thomas,Perrocheau,interets,Ubisoft,,position_initiale,,,5c8fc5f9-f9df-416a-82d3-c6d68a678980,2022-02-17,,27,,1229,,
Bernadette,PERROT DUBREUIL,interets,EARL de GRAMMONT,,apparition,861ae277-6144-4322-871b-0cb069440c04,2023-05-30,a3fc78e7-2473-4a26-a8ff-1067948246d3,2025-10-20,,1,,150,1,150
Bernard,PERRUT,interets,AMBITION REGIONS 2,,apparition,f7e2bb6b-3acd-4ea3-bdda-aacaabd138c0,2022-10-15,331dc4db-88c7-4b4c-ac8d-46bfac692a05,2023-10-16,,56,,15120,56,15120
Bernard,PERRUT,interets,AMUNDI,,apparition,f7e2bb6b-3acd-4ea3-bdda-aacaabd138c0,2022-10-15,331dc4db-88c7-4b4c-ac8d-46bfac692a05,2023-10-16,,533,,23994,533,23994
Bernard,PERRUT,interets,BDL CONVICTIONS,,apparition,f7e2bb6b-3acd-4ea3-bdda-aacaabd138c0,2022-10-15,331dc4db-88c7-4b4c-ac8d-46bfac692a05,2023-10-16,,9,,12024,9,12024
Bernard,PERRUT,interets,BEST BUSINESS,,apparition,f7e2bb6b-3acd-4ea3-bdda-aacaabd138c0,2022-10-15,331dc4db-88c7-4b4c-ac8d-46bfac692a05,2023-10-16,,59,,14571,59,14571
Bernard,PERRUT,interets,COMGEST,,apparition,f7e2bb6b-3acd-4ea3-bdda-aacaabd138c0,2022-10-15,331dc4db-88c7-4b4c-ac8d-46bfac692a05,2023-10-16,,12,,3033,12,3033
Bernard,PERRUT,interets,CONNECT INNOV,,apparition,f7e2bb6b-3acd-4ea3-bdda-aacaabd138c0,2022-10-15,331dc4db-88c7-4b4c-ac8d-46bfac692a05,2023-10-16,,140,,13638,140,13638
Bernard,PERRUT,interets,CONNECT INNOV 2016,,apparition,f7e2bb6b-3acd-4ea3-bdda-aacaabd138c0,2022-10-15,331dc4db-88c7-4b4c-ac8d-46bfac692a05,2023-10-16,,18,,14684,18,14684
Bernard,PERRUT,interets,DNCA,,apparition,f7e2bb6b-3acd-4ea3-bdda-aacaabd138c0,2022-10-15,331dc4db-88c7-4b4c-ac8d-46bfac692a05,2023-10-16,,43,,6526,43,6526
Bernard,PERRUT,interets,ELEVA,,apparition,f7e2bb6b-3acd-4ea3-bdda-aacaabd138c0,2022-10-15,331dc4db-88c7-4b4c-ac8d-46bfac692a05,2023-10-16,,96,,14669,96,14669
Bernard,PERRUT,interets,EURAZEO,,apparition,f7e2bb6b-3acd-4ea3-bdda-aacaabd138c0,2022-10-15,331dc4db-88c7-4b4c-ac8d-46bfac692a05,2023-10-16,,159,,21231,159,21231
Bernard,PERRUT,interets,HSBC EURO STOXX,,apparition,f7e2bb6b-3acd-4ea3-bdda-aacaabd138c0,2022-10-15,331dc4db-88c7-4b4c-ac8d-46bfac692a05,2023-10-16,,63,,2773,63,2773
Bernard,PERRUT,interets,HSBC GIF,,apparition,f7e2bb6b-3acd-4ea3-bdda-aacaabd138c0,2022-10-15,331dc4db-88c7-4b4c-ac8d-46bfac692a05,2023-10-16,,428,,3742,428,3742
Bernard,PERRUT,interets,HSBC SELECT,,apparition,f7e2bb6b-3acd-4ea3-bdda-aacaabd138c0,2022-10-15,331dc4db-88c7-4b4c-ac8d-46bfac692a05,2023-10-16,,137,,12659,137,12659
Bernard,PERRUT,interets,HSBC SRI EUROLAND,,apparition,f7e2bb6b-3acd-4ea3-bdda-aacaabd138c0,2022-10-15,331dc4db-88c7-4b4c-ac8d-46bfac692a05,2023-10-16,,517,,29995,517,29995
Bernard,PERRUT,interets,INVESCO,,apparition,f7e2bb6b-3acd-4ea3-bdda-aacaabd138c0,2022-10-15,331dc4db-88c7-4b4c-ac8d-46bfac692a05,2023-10-16,,117,,11284,117,11284
Bernard,PERRUT,interets,MIROVA,,apparition,f7e2bb6b-3acd-4ea3-bdda-aacaabd138c0,2022-10-15,331dc4db-88c7-4b4c-ac8d-46bfac692a05,2023-10-16,,98,,13477,98,13477
Bernard,PERRUT,interets,NOVAPIERRE,,apparition,f7e2bb6b-3acd-4ea3-bdda-aacaabd138c0,2022-10-15,331dc4db-88c7-4b4c-ac8d-46bfac692a05,2023-10-16,,20,,29968,20,29968
Bernard,PERRUT,interets,ODDO,,apparition,f7e2bb6b-3acd-4ea3-bdda-aacaabd138c0,2022-10-15,331dc4db-88c7-4b4c-ac8d-46bfac692a05,2023-10-16,,43,,7235,43,7235
Bernard,PERRUT,interets,SIPAREX XANG.INNOV 2021,,apparition,f7e2bb6b-3acd-4ea3-bdda-aacaabd138c0,2022-10-15,331dc4db-88c7-4b4c-ac8d-46bfac692a05,2023-10-16,,24,,10993,24,10993
Bernard,PERRUT,interets,VARENNE VALEUR,,apparition,f7e2bb6b-3acd-4ea3-bdda-aacaabd138c0,2022-10-15,331dc4db-88c7-4b4c-ac8d-46bfac692a05,2023-10-16,,50,,19017,50,19017
Bernard,PERRUT,interets,VEGA ALPHA,,apparition,f7e2bb6b-3acd-4ea3-bdda-aacaabd138c0,2022-10-15,331dc4db-88c7-4b4c-ac8d-46bfac692a05,2023-10-16,,246,,22946,246,22946
Bernard,PERRUT,interets,VEGA EURO,,apparition,f7e2bb6b-3acd-4ea3-bdda-aacaabd138c0,2022-10-15,331dc4db-88c7-4b4c-ac8d-46bfac692a05,2023-10-16,,144,,18717,144,18717
Bernard,PERRUT,interets,VEGA EUROPE,,apparition,f7e2bb6b-3acd-4ea3-bdda-aacaabd138c0,2022-10-15,331dc4db-88c7-4b4c-ac8d-46bfac692a05,2023-10-16,,246,,34757,246,34757
Bernard,PERRUT,interets,VEGA FRANCE,,apparition,f7e2bb6b-3acd-4ea3-bdda-aacaabd138c0,2022-10-15,331dc4db-88c7-4b4c-ac8d-46bfac692a05,2023-10-16,,187,,26785,187,26785
Bernard,PERRUT,interets,VEGA TRANSFORMATION,,apparition,f7e2bb6b-3acd-4ea3-bdda-aacaabd138c0,2022-10-15,331dc4db-88c7-4b4c-ac8d-46bfac692a05,2023-10-16,,46,,5795,46,5795
Bernard,PERRUT,interets,VIE NUMER.SANTE 2020,,apparition,f7e2bb6b-3acd-4ea3-bdda-aacaabd138c0,2022-10-15,331dc4db-88c7-4b4c-ac8d-46bfac692a05,2023-10-16,,120,,11546,120,11546
Franck,PERRY,interets,AIR FRANCE,,position_initiale,,,b10c7082-774e-4189-883b-1e069029276a,2021-07-29,,300,,1529,,
Franck,PERRY,interets,CGG VERITAS/CGG RGPT,,position_initiale,,,b10c7082-774e-4189-883b-1e069029276a,2021-07-29,,37,,38,,
Franck,PERRY,interets,SARL BACCHINI PERRY,,position_initiale,,,b10c7082-774e-4189-883b-1e069029276a,2021-07-29,,85,,164879,,
Franck,PERRY,interets,SOCIETE GENERALE,,position_initiale,,,b10c7082-774e-4189-883b-1e069029276a,2021-07-29,,610,,13612,,
florence,PETIPEZ,interets,FP3,,apparition,e100027f-c9b6-441e-817c-845820004808,2021-07-20,ec783944-c245-4827-a75b-7454e8480026,2021-12-28,,2,,0,2,0
Frédéric,PETIT,interets,Air Liquide,,position_initiale,,,3c7aede4-66f4-4413-b255-ed7883d5723f,2024-07-25,,38,,6292,,
Frédéric,PETIT,interets,AIRBUS,,position_initiale,,,3c7aede4-66f4-4413-b255-ed7883d5723f,2024-07-25,,21,,2742,,
Frédéric,PETIT,interets,Allianz,,position_initiale,,,3c7aede4-66f4-4413-b255-ed7883d5723f,2024-07-25,,1089,,9365,,
Frédéric,PETIT,interets,AXA,,position_initiale,,,3c7aede4-66f4-4413-b255-ed7883d5723f,2024-07-25,,106,,3403,,
Frédéric,PETIT,interets,Biomérieux,,position_initiale,,,3c7aede4-66f4-4413-b255-ed7883d5723f,2024-07-25,,26,,2481,,
Marie Agnès,Petit,interets,Caisse d'epargne Auvergne Limousin,,apparition,fe65f14e-5ebb-407f-a3de-61d71c93a8bc,2021-07-29,1bfca5b0-eeeb-4ae0-b760-053873be30c8,2022-02-08,,1,,20,1,20
MICHEL,PETIT,interets,CARETA LIMITED,,apparition,2e2da764-4bcc-40b2-9603-5994ee3ea7a2,2022-06-02,6ee63a7c-92c6-4c13-b805-ec70fbaa1bda,2023-02-11,,100,,450000,100,450000
MICHEL,PETIT,interets,SARL HOPE ESTATE DEVELOPMENT,,apparition,2e2da764-4bcc-40b2-9603-5994ee3ea7a2,2022-06-02,6ee63a7c-92c6-4c13-b805-ec70fbaa1bda,2023-02-11,,50,,230000,50,230000
MICHEL,PETIT,interets,SARL IMMOBILIRE DU NORD,,apparition,2e2da764-4bcc-40b2-9603-5994ee3ea7a2,2022-06-02,6ee63a7c-92c6-4c13-b805-ec70fbaa1bda,2023-02-11,,50,,0,50,0
MICHEL,PETIT,interets,SARL VIP LOOK,,apparition,2e2da764-4bcc-40b2-9603-5994ee3ea7a2,2022-06-02,6ee63a7c-92c6-4c13-b805-ec70fbaa1bda,2023-02-11,,99,,0,99,0
Franck,PEYRET,interets,Aucune,,position_initiale,,,a1cfb37e-322d-40e6-8778-8bd7d2dfedc4,2021-08-02,,0,,0,,
Eric,Phélippeau,interets,ALIECOM DEVELOPPEMENT,,position_initiale,,,9345f61b-5a24-4c6c-b088-adfe3e15335d,2021-08-02,,300000,,200000,,
Eric,Phélippeau,interets,EPCH Consulting,,position_initiale,,,9345f61b-5a24-4c6c-b088-adfe3e15335d,2021-08-02,,100,,50000,,
Eric,Phélippeau,interets,EPCH Consulting,,hausse,9345f61b-5a24-4c6c-b088-adfe3e15335d,2021-08-02,a449070c-de78-4530-89f6-5ff63971eb27,2021-12-19,100,100,50000,109000,0,59000
Eric,Phélippeau,interets,FORESTALVIS 03,,apparition,9345f61b-5a24-4c6c-b088-adfe3e15335d,2021-08-02,a449070c-de78-4530-89f6-5ff63971eb27,2021-12-19,,1,,5700,1,5700
Eric,Phélippeau,interets,MAJ OPTIC,,apparition,9345f61b-5a24-4c6c-b088-adfe3e15335d,2021-08-02,a449070c-de78-4530-89f6-5ff63971eb27,2021-12-19,,135,,15000,135,15000
Eric,Phélippeau,interets,EQUINOXE,,apparition,a449070c-de78-4530-89f6-5ff63971eb27,2021-12-19,7f7dc3aa-2f3b-4c27-a08d-96fac758420d,2025-12-02,,20,,1000,20,1000
Eric,Phélippeau,interets,MAJ OPTIC,,baisse,a449070c-de78-4530-89f6-5ff63971eb27,2021-12-19,7f7dc3aa-2f3b-4c27-a08d-96fac758420d,2025-12-02,135,135,15000,5000,0,-10000
Véronique,Philippe,interets,SISA MAIDIC VAL DE MEUSE,,apparition,71effc4a-9a0b-40e6-a4cf-0598b09bb5ab,2021-08-17,85ae5530-bd62-44c2-b3e4-6e99483ba1d5,2022-05-12,,20,,3183,20,3183
Pascale,Piera,interets,geocitis,,position_initiale,,,f776062b-f15f-4a99-a035-b3013fd5c527,2024-09-04,,5,,50,,
Pascale,Piera,interets,geocitis,,hausse,f776062b-f15f-4a99-a035-b3013fd5c527,2024-09-04,1e7dbbce-8f21-4de3-9955-d6ceb18a2022,2024-12-19,5,5,50,436,0,386
René,Pilato,interets,Crédit Agricole,,position_initiale,,,365a74fb-0afc-4ed1-ba7e-eeb4a44c1496,2024-07-26,,144,,219,,
PIERRE,PIMPIE,interets,agnico,,position_initiale,,,fca29ba0-08ce-41da-8ff2-22e5387c54c5,2024-07-25,,70,,4811,,
PIERRE,PIMPIE,interets,air liquide,,position_initiale,,,fca29ba0-08ce-41da-8ff2-22e5387c54c5,2024-07-25,,5,,824,,
PIERRE,PIMPIE,interets,aker,,position_initiale,,,fca29ba0-08ce-41da-8ff2-22e5387c54c5,2024-07-25,,300,,6720,,
PIERRE,PIMPIE,interets,anglo american,,position_initiale,,,fca29ba0-08ce-41da-8ff2-22e5387c54c5,2024-07-25,,250,,7138,,
PIERRE,PIMPIE,interets,anglo gold,,position_initiale,,,fca29ba0-08ce-41da-8ff2-22e5387c54c5,2024-07-25,,180,,4841,,
PIERRE,PIMPIE,interets,arcelormittal,,position_initiale,,,fca29ba0-08ce-41da-8ff2-22e5387c54c5,2024-07-25,,49,,1054,,
PIERRE,PIMPIE,interets,asml,,position_initiale,,,fca29ba0-08ce-41da-8ff2-22e5387c54c5,2024-07-25,,2,,1978,,
PIERRE,PIMPIE,interets,barrick gold,,position_initiale,,,fca29ba0-08ce-41da-8ff2-22e5387c54c5,2024-07-25,,905,,15136,,
PIERRE,PIMPIE,interets,BHP,,position_initiale,,,fca29ba0-08ce-41da-8ff2-22e5387c54c5,2024-07-25,,62,,3311,,
PIERRE,PIMPIE,interets,BP ADR,,position_initiale,,,fca29ba0-08ce-41da-8ff2-22e5387c54c5,2024-07-25,,60,,1937,,
PIERRE,PIMPIE,interets,chevron,,position_initiale,,,fca29ba0-08ce-41da-8ff2-22e5387c54c5,2024-07-25,,5,,711,,
PIERRE,PIMPIE,interets,dassault systèmes,,position_initiale,,,fca29ba0-08ce-41da-8ff2-22e5387c54c5,2024-07-25,,15,,512,,
PIERRE,PIMPIE,interets,engie,,position_initiale,,,fca29ba0-08ce-41da-8ff2-22e5387c54c5,2024-07-25,,80,,1114,,
PIERRE,PIMPIE,interets,ENI,,position_initiale,,,fca29ba0-08ce-41da-8ff2-22e5387c54c5,2024-07-25,,150,,2161,,
PIERRE,PIMPIE,interets,equinor,,position_initiale,,,fca29ba0-08ce-41da-8ff2-22e5387c54c5,2024-07-25,,620,,15256,,
PIERRE,PIMPIE,interets,EXXON,,position_initiale,,,fca29ba0-08ce-41da-8ff2-22e5387c54c5,2024-07-25,,7,,730,,
PIERRE,PIMPIE,interets,freeport,,position_initiale,,,fca29ba0-08ce-41da-8ff2-22e5387c54c5,2024-07-25,,20,,944,,
PIERRE,PIMPIE,interets,glencore,,position_initiale,,,fca29ba0-08ce-41da-8ff2-22e5387c54c5,2024-07-25,,580,,3099,,
PIERRE,PIMPIE,interets,gold fields,,position_initiale,,,fca29ba0-08ce-41da-8ff2-22e5387c54c5,2024-07-25,,430,,6429,,
PIERRE,PIMPIE,interets,hafni,,position_initiale,,,fca29ba0-08ce-41da-8ff2-22e5387c54c5,2024-07-25,,280,,1986,,
PIERRE,PIMPIE,interets,harmony gold,,position_initiale,,,fca29ba0-08ce-41da-8ff2-22e5387c54c5,2024-07-25,,700,,6422,,
PIERRE,PIMPIE,interets,imerys,,position_initiale,,,fca29ba0-08ce-41da-8ff2-22e5387c54c5,2024-07-25,,13,,430,,
PIERRE,PIMPIE,interets,lockheed martin,,position_initiale,,,fca29ba0-08ce-41da-8ff2-22e5387c54c5,2024-07-25,,3,,1272,,
PIERRE,PIMPIE,interets,newmont,,position_initiale,,,fca29ba0-08ce-41da-8ff2-22e5387c54c5,2024-07-25,,470,,20444,,
PIERRE,PIMPIE,interets,nhy,,position_initiale,,,fca29ba0-08ce-41da-8ff2-22e5387c54c5,2024-07-25,,900,,5170,,
PIERRE,PIMPIE,interets,northrop,,position_initiale,,,fca29ba0-08ce-41da-8ff2-22e5387c54c5,2024-07-25,,4,,1587,,
PIERRE,PIMPIE,interets,novartis,,position_initiale,,,fca29ba0-08ce-41da-8ff2-22e5387c54c5,2024-07-25,,10,,1018,,
PIERRE,PIMPIE,interets,occidental petroleum,,position_initiale,,,fca29ba0-08ce-41da-8ff2-22e5387c54c5,2024-07-25,,15,,849,,
PIERRE,PIMPIE,interets,opmobility,,position_initiale,,,fca29ba0-08ce-41da-8ff2-22e5387c54c5,2024-07-25,,70,,664,,
PIERRE,PIMPIE,interets,rio tinto,,position_initiale,,,fca29ba0-08ce-41da-8ff2-22e5387c54c5,2024-07-25,,65,,4055,,
PIERRE,PIMPIE,interets,RTX,,position_initiale,,,fca29ba0-08ce-41da-8ff2-22e5387c54c5,2024-07-25,,30,,2811,,
PIERRE,PIMPIE,interets,rubis,,position_initiale,,,fca29ba0-08ce-41da-8ff2-22e5387c54c5,2024-07-25,,110,,3093,,
PIERRE,PIMPIE,interets,shell,,position_initiale,,,fca29ba0-08ce-41da-8ff2-22e5387c54c5,2024-07-25,,25,,841,,
PIERRE,PIMPIE,interets,taïwan semi conduct,,position_initiale,,,fca29ba0-08ce-41da-8ff2-22e5387c54c5,2024-07-25,,10,,1699,,
PIERRE,PIMPIE,interets,thalès,,position_initiale,,,fca29ba0-08ce-41da-8ff2-22e5387c54c5,2024-07-25,,5,,768,,
PIERRE,PIMPIE,interets,ubisoft,,position_initiale,,,fca29ba0-08ce-41da-8ff2-22e5387c54c5,2024-07-25,,55,,1228,,
PIERRE,PIMPIE,interets,valeo,,position_initiale,,,fca29ba0-08ce-41da-8ff2-22e5387c54c5,2024-07-25,,28,,283,,
PIERRE,PIMPIE,interets,vallourec,,position_initiale,,,fca29ba0-08ce-41da-8ff2-22e5387c54c5,2024-07-25,,160,,2371,,
PIERRE,PIMPIE,interets,viridien,,position_initiale,,,fca29ba0-08ce-41da-8ff2-22e5387c54c5,2024-07-25,,600,,305,,
PIERRE,PIMPIE,interets,wawi,,position_initiale,,,fca29ba0-08ce-41da-8ff2-22e5387c54c5,2024-07-25,,220,,1880,,
florence,Pineau,interets,SARL Les corderies,,position_initiale,,,9bec22ff-fc1b-4a10-9275-5812103f510c,2022-02-18,,1,,500,,
Sophie,PIQUEMAL,interets,CO-ACTIONS SCIC SARL,,position_initiale,,,a82629aa-c886-454d-8b60-22e11c86492f,2021-08-24,,61,,3050,,
Sophie,PIQUEMAL,interets,CO-ACTIONS SCIC SARL,,baisse,a82629aa-c886-454d-8b60-22e11c86492f,2021-08-24,c1a77f3a-8b18-46a1-b508-e6c514f80636,2022-08-24,61,0,3050,0,-61,-3050
Christine,PIRES BEAUNE,interets,CARBIOS,,position_initiale,,,42c7dec7-d9e3-4b59-bc14-08d62863ab85,2024-07-11,,10,,208,,
Christine,PIRES BEAUNE,interets,MICHELIN,,position_initiale,,,42c7dec7-d9e3-4b59-bc14-08d62863ab85,2024-07-11,,4,,138,,
Béatrice,PIRON,interets,SCPI,,apparition,ae325072-23df-4c9d-816a-5bc3e5109e75,2024-07-23,2aa42814-8a39-4bd4-af49-e0c43e58d994,2025-01-16,,315,,82467,315,82467
Gilles,PITON,interets,PEA CRCA,,apparition,f321251d-42f0-4017-b9ef-5cb012a33a1c,2021-12-04,26b1b783-a5c0-4bd9-8118-a9017f17ca9f,2022-11-26,,2661,,73567,2661,73567
Pascal,PLANTE,interets,SARL RELAIS DES PITONS,,position_initiale,,,c4878a6d-8a08-4024-b4a7-de5f5829ea6a,2022-07-26,,5,,1117,,
Pascal,PLANTE,interets,STRATEGIS CONSULTANTS,,position_initiale,,,c4878a6d-8a08-4024-b4a7-de5f5829ea6a,2022-07-26,,318,,506635,,
Marie,Pochon,interets,Ici Marseille,,position_initiale,,,eeafef3d-6797-4ca1-a450-c5370bea3ee5,2024-07-30,,3,,300,,
Marie,Pochon,interets,Label Emmaüs,,position_initiale,,,eeafef3d-6797-4ca1-a450-c5370bea3ee5,2024-07-30,,6,,600,,
Julien,POLAT,interets,FDJ,,position_initiale,,,0fb1ed96-cf7b-4a36-aac6-dc4e322e6cbf,2021-08-04,,128,,5678,,
Julien,POLAT,interets,LVMH,,position_initiale,,,0fb1ed96-cf7b-4a36-aac6-dc4e322e6cbf,2021-08-04,,3,,2088,,
Frédéric,PONCET,interets,Concept Services sarl,,position_initiale,,,5ae03be0-7732-4d1c-8145-e296a2551734,2021-11-06,,552,,84118,,
Frédéric,PONCET,interets,Concept Services sarl,,hausse,5ae03be0-7732-4d1c-8145-e296a2551734,2021-11-06,3259038d-430c-4be7-9561-7021e4077bcf,2025-10-29,552,552,84118,131838,0,47720
Henri,PONS,interets,SARL MAV,,position_initiale,,,ecb67d83-d797-422c-bb7e-b7e751d3fdb0,2023-01-25,,45,,3200,,
Monique,POPLINEAU,interets,SOITEC,,position_initiale,,,5881c6fe-f49d-41ab-a48c-4132cfec6b82,2026-03-04,,32,,5577,,
Monique,POPLINEAU,interets,TOTAL,,position_initiale,,,5881c6fe-f49d-41ab-a48c-4132cfec6b82,2026-03-04,,39,,1551,,
Monique,POPLINEAU,interets,VINCI,,position_initiale,,,5881c6fe-f49d-41ab-a48c-4132cfec6b82,2026-03-04,,11,,960,,
Emmanuel,PORCQ,interets,SELARL Office Notarial des Sables d'Auge,,position_initiale,,,3c3473ab-ad3f-4785-9739-0985c96ca4e7,2021-10-03,,690,,69000,,
Emmanuel,PORCQ,interets,SARL CHABEROG PARIS-CABOURG,,apparition,3c3473ab-ad3f-4785-9739-0985c96ca4e7,2021-10-03,94241aa1-9552-47a7-ab57-0bc55eead481,2023-10-08,,75,,0,75,0
dominique,potier,interets,Cigale,,position_initiale,,,4293e216-ef4b-45e3-b03c-834d69d162e2,2024-07-25,,1,,4500,,
dominique,potier,interets,SCIC Centrales Villageoises du Pays du Saintois,,position_initiale,,,4293e216-ef4b-45e3-b03c-834d69d162e2,2024-07-25,,1,,50,,
dominique,potier,interets,SCIC Turbul'lance,,position_initiale,,,4293e216-ef4b-45e3-b03c-834d69d162e2,2024-07-25,,2,,500,,
josy,POUEYTO,interets,STEP,,position_initiale,,,745b6b25-b52a-4af1-83dc-0bced77d9a3f,2024-09-03,,85,,680,,
jean-paul,pourquier,interets,GAEC,,position_initiale,,,224c32a8-4b26-495a-bde5-cb185d131da1,2024-10-10,,52,,116000,,
Aurélien,Pradié,interets,SASU MAISON PRADIÉ,,position_initiale,,,f9130d84-ccd0-407f-9582-356a5ba0149c,2024-09-09,,0,,250000,,
Aurélien,Pradié,interets,SASU MAISON PRADIÉ,,baisse,f9130d84-ccd0-407f-9582-356a5ba0149c,2024-09-09,91ecf622-f3d2-45af-bbd8-df8943350778,2025-04-01,0,0,250000,500,0,-249500
Sophie,PRIMAS,interets,SODEXO + PLUXEE,,position_initiale,,,8f104294-29f4-436a-a6c6-f065134c838b,2025-10-25,,699,,21278,,
François-Xavier,PRIOLLAUD,interets,LES EDITIONS FRANCE ROQUE,,position_initiale,,,dc8facec-a32b-4fdf-80df-68081ee48d94,2021-09-07,,90,,1568,,
François-Xavier,PRIOLLAUD,interets,PEA Fructifonds Profil 6,,position_initiale,,,dc8facec-a32b-4fdf-80df-68081ee48d94,2021-09-07,,5,,1692,,
François-Xavier,PRIOLLAUD,interets,VEOLIA ENVIRONNEMENT,,position_initiale,,,dc8facec-a32b-4fdf-80df-68081ee48d94,2021-09-07,,12,,240,,
Sonia,PUNUA,interets,Sonia Jardinage,,apparition,fbc0bebe-6c56-4e59-9062-b44e5ffedd06,2023-07-21,33ce55a2-433d-4a09-a2fb-5fba581a7eae,2023-11-28,,1,,1676,1,1676
marine,pustorino,interets,Equerre concept,,position_initiale,,,44fc9d44-aed2-418d-b440-37b4eeb5c4c8,2021-07-24,,48,,74400,,
marine,pustorino,interets,SUD BAT,,position_initiale,,,44fc9d44-aed2-418d-b440-37b4eeb5c4c8,2021-07-24,,48,,0,,
marine,pustorino,interets,SUD BAT,,hausse,44fc9d44-aed2-418d-b440-37b4eeb5c4c8,2021-07-24,2e7fcd04-3be2-4b94-9efd-9abdc8ebddec,2022-04-27,48,48,0,33600,0,33600
marine,pustorino,interets,SUD BAT,,hausse,c1008743-9f5c-440c-ad9d-ec8db0c03ec6,2023-01-22,8a1a7bf9-ad65-41b4-88d8-788a6b077884,2024-02-09,48,48,33600,62400,0,28800
Marc-Antoine,Quenette,interets,AGEAS,,position_initiale,,,0848c952-ed67-4039-ba9f-32debd739e91,2021-09-01,,11,,347,,
Marc-Antoine,Quenette,interets,Air Liquide,,position_initiale,,,0848c952-ed67-4039-ba9f-32debd739e91,2021-09-01,,574,,87000,,
Marc-Antoine,Quenette,interets,AIR LIQUIDE PRIME,,position_initiale,,,0848c952-ed67-4039-ba9f-32debd739e91,2021-09-01,,260,,11427,,
Marc-Antoine,Quenette,interets,AXA,,position_initiale,,,0848c952-ed67-4039-ba9f-32debd739e91,2021-09-01,,166,,3090,,
Marc-Antoine,Quenette,interets,BASTIDE LE CONFORT,,position_initiale,,,0848c952-ed67-4039-ba9f-32debd739e91,2021-09-01,,113,,3921,,
Marc-Antoine,Quenette,interets,HSBC HOLDINGS,,position_initiale,,,0848c952-ed67-4039-ba9f-32debd739e91,2021-09-01,,1301,,5518,,
Marc-Antoine,Quenette,interets,Orange,,position_initiale,,,0848c952-ed67-4039-ba9f-32debd739e91,2021-09-01,,666,,7090,,
Marc-Antoine,Quenette,interets,Plastic Omnium,,position_initiale,,,0848c952-ed67-4039-ba9f-32debd739e91,2021-09-01,,150,,3951,,
Marc-Antoine,Quenette,interets,Rally,,position_initiale,,,0848c952-ed67-4039-ba9f-32debd739e91,2021-09-01,,332,,2333,,
Marc-Antoine,Quenette,interets,Rubis,,position_initiale,,,0848c952-ed67-4039-ba9f-32debd739e91,2021-09-01,,343,,14673,,
Marc-Antoine,Quenette,interets,TotalEnergie,,position_initiale,,,0848c952-ed67-4039-ba9f-32debd739e91,2021-09-01,,347,,12683,,
Marc-Antoine,Quenette,interets,TRANSOCEAN,,position_initiale,,,0848c952-ed67-4039-ba9f-32debd739e91,2021-09-01,,19,,31,,
Marc-Antoine,Quenette,interets,Unibail Rodamco,,position_initiale,,,0848c952-ed67-4039-ba9f-32debd739e91,2021-09-01,,70,,5110,,
Michaël,Quernez,interets,COMPTE DEDIE PARTS SOCIALES,,position_initiale,,,302b0716-609c-43b8-8a4d-6d322d8e900e,2021-09-01,,86,,86,,
Benoît,QUERO,interets,SARL IALLA,,position_initiale,,,94c00b04-4849-4f8a-b2e0-5c6379c42402,2021-08-31,,279500,,192000,,
Nicole,QUILLIEN,interets,CRAM,,apparition,100480d3-b46d-4160-8783-f018d9663073,2021-07-20,eb097315-c5c5-4fcc-9fd7-776ca106a4a0,2022-11-14,,0,,0,0,0
Nicole,QUILLIEN,interets,CRAM,,hausse,eb097315-c5c5-4fcc-9fd7-776ca106a4a0,2022-11-14,f4cd77f4-df52-4969-a338-ef6c31d41b8f,2022-12-09,0,253,0,387,253,387
Agnes,RAFAITIN-MARIN,interets,COLAS SA,,position_initiale,,,a47344d7-8ed3-4c47-8123-9fbce2ef0dbd,2021-08-19,,33,,5642,,
Agnes,RAFAITIN-MARIN,interets,VINCI SA,,position_initiale,,,a47344d7-8ed3-4c47-8123-9fbce2ef0dbd,2021-08-19,,12,,5021,,
Christophe,Ramond,interets,AIRBUS,,apparition,efbe3284-cae7-4036-b1c1-9667e9733831,2021-08-26,19b78f85-1641-4015-b708-93e258cfa4dc,2021-12-24,,7,,781,7,781
Christophe,Ramond,interets,CREDIT AGRICOLE,,apparition,efbe3284-cae7-4036-b1c1-9667e9733831,2021-08-26,19b78f85-1641-4015-b708-93e258cfa4dc,2021-12-24,,1,,45,1,45
Christophe,Ramond,interets,LA FRANCAISE DES JEUX,,apparition,efbe3284-cae7-4036-b1c1-9667e9733831,2021-08-26,19b78f85-1641-4015-b708-93e258cfa4dc,2021-12-24,,16,,619,16,619
Christophe,Ramond,interets,LBPAM ISR AC FOC EUR R SI 5DEC,,apparition,efbe3284-cae7-4036-b1c1-9667e9733831,2021-08-26,19b78f85-1641-4015-b708-93e258cfa4dc,2021-12-24,,2,,292,2,292
Christophe,Ramond,interets,LBPAM ISR ACT DIVERS R SI 5DEC,,apparition,efbe3284-cae7-4036-b1c1-9667e9733831,2021-08-26,19b78f85-1641-4015-b708-93e258cfa4dc,2021-12-24,,5,,355,5,355
Christophe,Ramond,interets,LBPAM ISR ACT FOC FR R SI 5DEC,,apparition,efbe3284-cae7-4036-b1c1-9667e9733831,2021-08-26,19b78f85-1641-4015-b708-93e258cfa4dc,2021-12-24,,5,,358,5,358
Christophe,Ramond,interets,LBPAM RESPONS ACT EURO R SI 5D,,apparition,efbe3284-cae7-4036-b1c1-9667e9733831,2021-08-26,19b78f85-1641-4015-b708-93e258cfa4dc,2021-12-24,,7,,391,7,391
Richard,RAMOS,interets,SYNAPSE FINANCES,,position_initiale,,,ab78132d-e972-4242-9bb5-47665fae870a,2024-07-16,,100,,790,,
Alexandre,Rassaert,interets,Poste Habitat Normandie,,position_initiale,,,95bb0f1c-aaff-45cc-96cd-3c0cf9526e34,2023-02-14,,100,,20,,
Thomas,RAVIER,interets,banque populaire,,position_initiale,,,b8b9a4bd-332d-4520-9c16-eacada1c00b3,2021-07-26,,0,,736,,
Nicolas,RAY,interets,BANQUE POPULAIRE AURA,,position_initiale,,,dc24be25-7c58-4fd0-9016-069da7780005,2024-07-31,,443,,7088,,
Nicolas,RAY,interets,BNP PARIBAS,,position_initiale,,,dc24be25-7c58-4fd0-9016-069da7780005,2024-07-31,,45,,2823,,
Nicolas,RAY,interets,CARREFOUR,,position_initiale,,,dc24be25-7c58-4fd0-9016-069da7780005,2024-07-31,,113,,1598,,
Nicolas,RAY,interets,FDJ,,position_initiale,,,dc24be25-7c58-4fd0-9016-069da7780005,2024-07-31,,119,,3953,,
Nicolas,RAY,interets,FORVIA,,position_initiale,,,dc24be25-7c58-4fd0-9016-069da7780005,2024-07-31,,3,,33,,
Nicolas,RAY,interets,SAINT GOBAIN,,position_initiale,,,dc24be25-7c58-4fd0-9016-069da7780005,2024-07-31,,40,,2213,,
Nicolas,RAY,interets,SANOFI,,position_initiale,,,dc24be25-7c58-4fd0-9016-069da7780005,2024-07-31,,15,,1386,,
Nicolas,RAY,interets,STELLANTIS,,position_initiale,,,dc24be25-7c58-4fd0-9016-069da7780005,2024-07-31,,209,,3900,,
Nicolas,RAY,interets,TOTAL ENERGIES,,position_initiale,,,dc24be25-7c58-4fd0-9016-069da7780005,2024-07-31,,78,,4935,,
Nicolas,RAY,interets,UNIBAIL RODAMCO,,position_initiale,,,dc24be25-7c58-4fd0-9016-069da7780005,2024-07-31,,40,,3065,,
Marie,RECALDE,interets,CAREGAME,,position_initiale,,,d4f377b6-9837-4e99-aef3-b5e162a174ab,2024-08-23,,35,,5600,,
Jérémy,REDLER,interets,Manhood2,,position_initiale,,,4342b851-60ab-476f-8efb-2116b81db7e0,2021-09-01,,20000,,20000,,
MEREANA,REID ARBELOT,interets,SCPI Epagne Pierre,,position_initiale,,,b81f317b-981f-4cc5-8399-06cbcaf134f3,2024-08-28,,184,,30258,,
MEREANA,REID ARBELOT,interets,SCPI Epargne Foncière,,position_initiale,,,b81f317b-981f-4cc5-8399-06cbcaf134f3,2024-08-28,,21,,17367,,
MEREANA,REID ARBELOT,interets,SCPI Primovie,,position_initiale,,,b81f317b-981f-4cc5-8399-06cbcaf134f3,2024-08-28,,165,,30480,,
MEREANA,REID ARBELOT,interets,HAMK,,apparition,b81f317b-981f-4cc5-8399-06cbcaf134f3,2024-08-28,0c90c76a-8540-4e2f-8ff2-ab6307a0f3b8,2025-04-15,,50,,96370,50,96370
MEREANA,REID ARBELOT,interets,HAMK 2,,apparition,b81f317b-981f-4cc5-8399-06cbcaf134f3,2024-08-28,0c90c76a-8540-4e2f-8ff2-ab6307a0f3b8,2025-04-15,,50,,79629,50,79629
MEREANA,REID ARBELOT,interets,HAMK 3,,apparition,b81f317b-981f-4cc5-8399-06cbcaf134f3,2024-08-28,0c90c76a-8540-4e2f-8ff2-ab6307a0f3b8,2025-04-15,,50,,57241,50,57241
MEREANA,REID ARBELOT,interets,SCP NUKU,,apparition,b81f317b-981f-4cc5-8399-06cbcaf134f3,2024-08-28,0c90c76a-8540-4e2f-8ff2-ab6307a0f3b8,2025-04-15,,50,,6413,50,6413
JEAN FRANCOIS,RENARD,interets,A2MS,,position_initiale,,,c6ba1a89-5478-40ff-b82f-541416fcaaec,2022-11-03,,300,,3000,,
evelyne,Renaud Garabedian,interets,Alcona,,position_initiale,,,ea0ffa1b-bc9b-433f-8f0d-9ca67680c491,2023-12-01,,38,,1,,
evelyne,Renaud Garabedian,interets,Azur,,position_initiale,,,ea0ffa1b-bc9b-433f-8f0d-9ca67680c491,2023-12-01,,20,,93557,,
evelyne,Renaud Garabedian,interets,BANS INVEST,,position_initiale,,,ea0ffa1b-bc9b-433f-8f0d-9ca67680c491,2023-12-01,,20,,1416,,
evelyne,Renaud Garabedian,interets,BGR,,position_initiale,,,ea0ffa1b-bc9b-433f-8f0d-9ca67680c491,2023-12-01,,150,,255739,,
evelyne,Renaud Garabedian,interets,Chemin de Fer,,position_initiale,,,ea0ffa1b-bc9b-433f-8f0d-9ca67680c491,2023-12-01,,650,,529583,,
evelyne,Renaud Garabedian,interets,Cible Financière,,position_initiale,,,ea0ffa1b-bc9b-433f-8f0d-9ca67680c491,2023-12-01,,12852,,9727250,,
evelyne,Renaud Garabedian,interets,Cofinin,,position_initiale,,,ea0ffa1b-bc9b-433f-8f0d-9ca67680c491,2023-12-01,,7920,,12232827,,
evelyne,Renaud Garabedian,interets,COFINVEST,,position_initiale,,,ea0ffa1b-bc9b-433f-8f0d-9ca67680c491,2023-12-01,,5,,327,,
evelyne,Renaud Garabedian,interets,Copera,,position_initiale,,,ea0ffa1b-bc9b-433f-8f0d-9ca67680c491,2023-12-01,,1,,8219,,
evelyne,Renaud Garabedian,interets,ER,,position_initiale,,,ea0ffa1b-bc9b-433f-8f0d-9ca67680c491,2023-12-01,,3615,,1,,
evelyne,Renaud Garabedian,interets,ERG,,position_initiale,,,ea0ffa1b-bc9b-433f-8f0d-9ca67680c491,2023-12-01,,100,,1000,,
evelyne,Renaud Garabedian,interets,Evasion,,position_initiale,,,ea0ffa1b-bc9b-433f-8f0d-9ca67680c491,2023-12-01,,22,,0,,
evelyne,Renaud Garabedian,interets,Foncière Mozart,,position_initiale,,,ea0ffa1b-bc9b-433f-8f0d-9ca67680c491,2023-12-01,,400,,197179,,
evelyne,Renaud Garabedian,interets,H.T.N.,,position_initiale,,,ea0ffa1b-bc9b-433f-8f0d-9ca67680c491,2023-12-01,,10,,0,,
evelyne,Renaud Garabedian,interets,M64,,position_initiale,,,ea0ffa1b-bc9b-433f-8f0d-9ca67680c491,2023-12-01,,600,,0,,
evelyne,Renaud Garabedian,interets,Placide Europe,,position_initiale,,,ea0ffa1b-bc9b-433f-8f0d-9ca67680c491,2023-12-01,,15,,17556,,
evelyne,Renaud Garabedian,interets,Sainte Véronique,,position_initiale,,,ea0ffa1b-bc9b-433f-8f0d-9ca67680c491,2023-12-01,,125,,0,,
evelyne,Renaud Garabedian,interets,SGL,,position_initiale,,,ea0ffa1b-bc9b-433f-8f0d-9ca67680c491,2023-12-01,,350,,11239544,,
evelyne,Renaud Garabedian,interets,SOCIETE DE L'UNIVERS,,position_initiale,,,ea0ffa1b-bc9b-433f-8f0d-9ca67680c491,2023-12-01,,200,,0,,
evelyne,Renaud Garabedian,interets,Traktir,,position_initiale,,,ea0ffa1b-bc9b-433f-8f0d-9ca67680c491,2023-12-01,,10,,1785000,,
evelyne,Renaud Garabedian,interets,Vivarinco,,position_initiale,,,ea0ffa1b-bc9b-433f-8f0d-9ca67680c491,2023-12-01,,52,,1,,
Hervé,REYNAUD,interets,Crédit agricole + engie (PEA),,apparition,b70868e1-272e-422b-9c29-273371e11ad4,2024-02-12,75203347-4e49-4bfb-a84e-05dae4ef5b10,2026-01-04,,100,,645,100,645
ALAIN,RICHARDSON,interets,CABINET D'EXPERTISE COMPTABLE RICHARDSON : CECOR,,position_initiale,,,5060bd1a-f76f-46ec-82d9-a72e3f6274e1,2025-09-17,,3000,,400000,,
ALAIN,RICHARDSON,interets,CABINET D'EXPERTISE COMPTABLE RICHARDSON : CECOR,,hausse,5060bd1a-f76f-46ec-82d9-a72e3f6274e1,2025-09-17,a4ab88a8-c384-4e02-9228-7082f6e85f56,2026-04-21,3000,3000,400000,500000,0,100000
ALAIN,RICHARDSON,interets,SARL BUSINESS EQUIPMENT & SUPPLIES - SALES & RENTALS,,apparition,5060bd1a-f76f-46ec-82d9-a72e3f6274e1,2025-09-17,a4ab88a8-c384-4e02-9228-7082f6e85f56,2026-04-21,,40,,2000,40,2000
Olivier,Richefou,interets,GIPR Domaine de Pont Royal,,position_initiale,,,813a54f9-3946-4e94-a730-4ffd26254477,2021-07-09,,1,,9000,,
Olivier,Richefou,interets,ZORTIS,,position_initiale,,,813a54f9-3946-4e94-a730-4ffd26254477,2021-07-09,,5500,,400000,,
Olivier,Richefou,interets,GIPR Domaine de Pont Royal,,hausse,813a54f9-3946-4e94-a730-4ffd26254477,2021-07-09,89db6233-e53d-4f1f-b2d0-8f11f32b44a8,2022-01-03,1,2,9000,18000,1,9000
Olivier,Richefou,interets,ZORTIS,,disparition,89db6233-e53d-4f1f-b2d0-8f11f32b44a8,2022-01-03,7ca7ccb6-9089-43c7-bab7-a1c75c85d3c8,2024-03-26,5500,,400000,,-5500,-400000
Patrick,Ricou,interets,BNP PARIBAS,,position_initiale,,,7ec63dec-0e8b-4db3-b864-1249a99fc137,2021-06-30,,15,,816,,
Patrick,Ricou,interets,CARREFOUR,,position_initiale,,,7ec63dec-0e8b-4db3-b864-1249a99fc137,2021-06-30,,43,,729,,
Patrick,Ricou,interets,DISTRIBUIDOR INTL ALIMENTATION,,position_initiale,,,7ec63dec-0e8b-4db3-b864-1249a99fc137,2021-06-30,,43,,3,,
Patrick,Ricou,interets,EDF,,position_initiale,,,7ec63dec-0e8b-4db3-b864-1249a99fc137,2021-06-30,,25,,292,,
Patrick,Ricou,interets,SLEHAUTES ALPES,,position_initiale,,,7ec63dec-0e8b-4db3-b864-1249a99fc137,2021-06-30,,23,,460,,
LAURENT,RIGAUD,interets,BRF,,position_initiale,,,f2333935-679d-40ea-93bb-683b8d28aac1,2021-09-12,,500,,1927833,,
MARIE-NOELLE,RIGOLLOT,interets,ENGIE,,apparition,3ff3d91f-72ba-45df-a66a-25be640cd270,2021-09-01,f45e5e5f-60d2-4277-be28-941232ccc1db,2022-08-25,,44,,572,44,572
MARIE-NOELLE,RIGOLLOT,interets,THERMADOR,,apparition,3ff3d91f-72ba-45df-a66a-25be640cd270,2021-09-01,f45e5e5f-60d2-4277-be28-941232ccc1db,2022-08-25,,250,,25400,250,25400
Davy,Rimane,interets,Le DRIM'S,,position_initiale,,,efeab96e-9852-4acd-ba96-2a8a8574698e,2024-09-03,,1000,,1000,,
Davy,Rimane,interets,MALO BROCHETTES,,position_initiale,,,efeab96e-9852-4acd-ba96-2a8a8574698e,2024-09-03,,300,,300,,
GUILLAUME,RIOU-BOURDON,interets,EARL RIOU,,position_initiale,,,9e1d9370-3f71-4453-8a47-66241b009c00,2021-09-14,,41,,4100,,
Stephanie,Rist,patrimoine,Compte titre (bnp),,position_initiale,,,fd40ef60-c8f2-4f0f-a7a0-b5ce57a71072,2025-11-01,,,,4203,,
Stephanie,Rist,patrimoine,PEA (bnp),,position_initiale,,,fd40ef60-c8f2-4f0f-a7a0-b5ce57a71072,2025-11-01,,,,173633,,
Tamara,RIVEL,interets,SCP DELDEBAT-RIVEL Architecte,,position_initiale,,,f21343f2-d099-4e4d-926d-e671d5d28ea5,2021-11-24,,10,,0,,
Joseph,Rivière,interets,BNPI,,position_initiale,,,534e4b55-097a-43bd-914b-e212ad2c5c82,2024-08-19,,1,,10000,,
Joseph,Rivière,interets,BNPI,,disparition,534e4b55-097a-43bd-914b-e212ad2c5c82,2024-08-19,87011dc1-5030-42ec-b562-4e4682ce9e31,2025-01-10,1,,10000,,-1,-10000
Laurence,Robert-Dehault,interets,Air liquide,,position_initiale,,,4d7232b0-5690-4ef4-a9c9-acbc447cd0aa,2024-07-10,,52,,8361,,
Laurence,Robert-Dehault,interets,Airbus,,position_initiale,,,4d7232b0-5690-4ef4-a9c9-acbc447cd0aa,2024-07-10,,37,,4878,,
Laurence,Robert-Dehault,interets,Alstom regroupt,,position_initiale,,,4d7232b0-5690-4ef4-a9c9-acbc447cd0aa,2024-07-10,,202,,3220,,
Laurence,Robert-Dehault,interets,Arkema,,position_initiale,,,4d7232b0-5690-4ef4-a9c9-acbc447cd0aa,2024-07-10,,20,,1632,,
Laurence,Robert-Dehault,interets,Biomerieux,,position_initiale,,,4d7232b0-5690-4ef4-a9c9-acbc447cd0aa,2024-07-10,,30,,2739,,
Laurence,Robert-Dehault,interets,Christian Dior,,position_initiale,,,4d7232b0-5690-4ef4-a9c9-acbc447cd0aa,2024-07-10,,8,,5204,,
Laurence,Robert-Dehault,interets,Cm-am DYNAMIQUE EUROPE,,position_initiale,,,4d7232b0-5690-4ef4-a9c9-acbc447cd0aa,2024-07-10,,1,,56,,
Laurence,Robert-Dehault,interets,Engie,,position_initiale,,,4d7232b0-5690-4ef4-a9c9-acbc447cd0aa,2024-07-10,,150,,2115,,
Laurence,Robert-Dehault,interets,Euroapi,,position_initiale,,,4d7232b0-5690-4ef4-a9c9-acbc447cd0aa,2024-07-10,,1,,2,,
Laurence,Robert-Dehault,interets,Partouche groupe regroupe,,position_initiale,,,4d7232b0-5690-4ef4-a9c9-acbc447cd0aa,2024-07-10,,200,,3790,,
Laurence,Robert-Dehault,interets,PIERRE ET VACANCES,,position_initiale,,,4d7232b0-5690-4ef4-a9c9-acbc447cd0aa,2024-07-10,,200,,269,,
Laurence,Robert-Dehault,interets,SANOFI,,position_initiale,,,4d7232b0-5690-4ef4-a9c9-acbc447cd0aa,2024-07-10,,40,,3681,,
Laurence,Robert-Dehault,interets,Schneider electric,,position_initiale,,,4d7232b0-5690-4ef4-a9c9-acbc447cd0aa,2024-07-10,,20,,4502,,
Laurence,Robert-Dehault,interets,Universal music group,,position_initiale,,,4d7232b0-5690-4ef4-a9c9-acbc447cd0aa,2024-07-10,,202,,5619,,
Laurence,Robert-Dehault,interets,Vivendi,,position_initiale,,,4d7232b0-5690-4ef4-a9c9-acbc447cd0aa,2024-07-10,,745,,7450,,
Pierre-Jean,ROCHETTE,interets,CARS ROCHETTE,,position_initiale,,,c2ad624c-931c-4ae5-9199-78304bbe0c91,2023-11-27,,159000,,159000,,
Pierre-Jean,ROCHETTE,interets,SARL FINANCIERE ROCHETTE,,position_initiale,,,c2ad624c-931c-4ae5-9199-78304bbe0c91,2023-11-27,,20015,,200160,,
Pierre-Jean,ROCHETTE,interets,UNITED,,position_initiale,,,c2ad624c-931c-4ae5-9199-78304bbe0c91,2023-11-27,,2000,,2000,,
Ludovic,ROHART,interets,Aucune,,position_initiale,,,577da8ca-21a1-4eca-bfd6-082b38b5b7c0,2022-01-20,,0,,0,,
Anne-Sophie,ROMAGNY,interets,SARL Attitude Evénement,,position_initiale,,,8e8d9e2b-24f3-4185-ac3f-351daf49e5d5,2023-12-03,,300,,80000,,
Anne-Sophie,ROMAGNY,interets,SARL Attitude Evénement,,disparition,8e8d9e2b-24f3-4185-ac3f-351daf49e5d5,2023-12-03,c2f3f980-c7bd-40bd-a0d3-90c1af1d6665,2024-02-16,300,,80000,,-300,-80000
Anne-Sophie,ROMAGNY,interets,SARL (société à associé unique) ATTITUDE EVENEMENT,,apparition,8e8d9e2b-24f3-4185-ac3f-351daf49e5d5,2023-12-03,c2f3f980-c7bd-40bd-a0d3-90c1af1d6665,2024-02-16,,300,,80000,300,80000
Augustine,ROMANO,interets,0,,position_initiale,,,59cb5436-59e9-4f62-99e5-531e313f6737,2022-10-22,,0,,0,,
Anne-Sophie,Ronceret,interets,Bureau Veritas,,position_initiale,,,eef76ebc-aa8e-49ec-91bc-269c13e33c01,2025-09-05,,96,,2817,,
Anne-Sophie,Ronceret,interets,Exail Technologies,,position_initiale,,,eef76ebc-aa8e-49ec-91bc-269c13e33c01,2025-09-05,,54,,937,,
Anne-Sophie,Ronceret,interets,Prodways group,,position_initiale,,,eef76ebc-aa8e-49ec-91bc-269c13e33c01,2025-09-05,,9,,54,,
xavier,ROSEREN,interets,CYPRIEN SPORTS SAS,,position_initiale,,,5fc43c97-74f6-43cd-9039-57aaa43806c0,2024-08-01,,500,,250000,,
xavier,ROSEREN,interets,CYPRIEN SPORTS SAS,,hausse,5fc43c97-74f6-43cd-9039-57aaa43806c0,2024-08-01,f7cb9699-299a-46f0-a95d-2bb144c08db4,2024-10-14,500,500,250000,259675,0,9675
Sabrina,ROUBACHE,interets,sasu la pomme bar,,position_initiale,,,647d1138-e26f-443c-a0f8-164aef036c42,2026-04-15,,100,,0,,
Sabrina,ROUBACHE,interets,STRATEGY FOR IMPACT,,position_initiale,,,647d1138-e26f-443c-a0f8-164aef036c42,2026-04-15,,1000,,48367,,
Sabrina,ROUBACHE,interets,sasu la pomme bar,,disparition,647d1138-e26f-443c-a0f8-164aef036c42,2026-04-15,8aa9138f-850c-4f31-acfc-b90ffea04be8,2026-06-01,100,,0,,-100,0
Sabrina,ROUBACHE,patrimoine,STRATEGY FOR IMPACT,,position_initiale,,,a3f9180d-82df-470e-a281-d6fe8543dd15,2026-03-24,,,,48367,,
ALAIN PIERRE MARIE,ROUSSET,interets,Arkema,,position_initiale,,,8379c1e3-4e0d-44a9-bdf0-256263d54a9a,2021-08-26,,83,,7565,,
ALAIN PIERRE MARIE,ROUSSET,interets,Safran,,position_initiale,,,8379c1e3-4e0d-44a9-bdf0-256263d54a9a,2021-08-26,,133,,15421,,
ALAIN PIERRE MARIE,ROUSSET,interets,Sanofi,,position_initiale,,,8379c1e3-4e0d-44a9-bdf0-256263d54a9a,2021-08-26,,1200,,88974,,
ALAIN PIERRE MARIE,ROUSSET,interets,Société générale,,position_initiale,,,8379c1e3-4e0d-44a9-bdf0-256263d54a9a,2021-08-26,,13,,221,,
ALAIN PIERRE MARIE,ROUSSET,interets,Total,,position_initiale,,,8379c1e3-4e0d-44a9-bdf0-256263d54a9a,2021-08-26,,4376,,153407,,
Emmanuelle,Rousset,interets,club Cigale coup de main,,position_initiale,,,1f8930e4-5bf9-4da5-a30d-f4032c7db49d,2021-09-08,,0,,900,,
Emmanuelle,Rousset,interets,Enercoop,,position_initiale,,,1f8930e4-5bf9-4da5-a30d-f4032c7db49d,2021-09-08,,1,,100,,
Emmanuelle,Rousset,interets,Crédit coopératif,,apparition,1f8930e4-5bf9-4da5-a30d-f4032c7db49d,2021-09-08,d2a12f2c-ed50-4592-9446-661d75a7ccd3,2024-02-02,,99,,9912,99,9912
Jean-François,ROUSSET,interets,NANOBIOTIX,,position_initiale,,,431a8175-1dcf-4633-9737-ead5546e3807,2024-09-04,,4200,,15351,,
Jean-François,ROUSSET,interets,SAFRAN,,position_initiale,,,431a8175-1dcf-4633-9737-ead5546e3807,2024-09-04,,30,,2820,,
Jean-François,ROUSSET,interets,VERGNET,,position_initiale,,,431a8175-1dcf-4633-9737-ead5546e3807,2024-09-04,,22700,,472,,
Jean-François,ROUSSET,interets,SANOFI,,apparition,431a8175-1dcf-4633-9737-ead5546e3807,2024-09-04,f223da9b-00f9-4f3b-90e1-7b84cb297415,2025-03-23,,248,,23248,248,23248
Jean-François,ROUSSET,interets,NANOBIOTIX,,disparition,c8bd68ca-bfc4-413c-8190-81452518ed87,2025-12-09,b006a143-adc2-4e76-bb85-4b71fd2c881e,2026-02-05,4200,,15351,,-4200,-15351
Jean-François,ROUSSET,interets,SAFRAN,,disparition,c8bd68ca-bfc4-413c-8190-81452518ed87,2025-12-09,b006a143-adc2-4e76-bb85-4b71fd2c881e,2026-02-05,30,,2820,,-30,-2820
Jean-François,ROUSSET,interets,SANOFI,,disparition,c8bd68ca-bfc4-413c-8190-81452518ed87,2025-12-09,b006a143-adc2-4e76-bb85-4b71fd2c881e,2026-02-05,248,,23248,,-248,-23248
Jean-François,ROUSSET,interets,VERGNET,,disparition,c8bd68ca-bfc4-413c-8190-81452518ed87,2025-12-09,b006a143-adc2-4e76-bb85-4b71fd2c881e,2026-02-05,22700,,472,,-22700,-472
Gillian,ROUX,interets,SAS GARDEN PARTY SET,,position_initiale,,,1c4c5684-165a-402b-aecb-c9d3f8bb8281,2021-07-18,,300,,3000,,
anne,rudisuhli,interets,Loan Holding,,apparition,dac13ac1-d6de-412b-ae75-068cbb9291fb,2021-08-20,46f79697-ca0a-4bd8-89c9-9397e58356e7,2024-01-11,,7644,,76440,7644,76440
jean Luc,Ruelle,interets,ACA France,,position_initiale,,,34ca0d17-543d-4c9c-a871-8bdb306a419d,2023-11-11,,20000,,350000,,
jean Luc,Ruelle,interets,Belle Isle investissements,,position_initiale,,,34ca0d17-543d-4c9c-a871-8bdb306a419d,2023-11-11,,50,,515000,,
jean Luc,Ruelle,interets,ACA France,,hausse,34ca0d17-543d-4c9c-a871-8bdb306a419d,2023-11-11,16094b25-67c6-4528-b8d6-4e85f9b76440,2024-07-14,20000,20000,350000,899999,0,549999
jean Luc,Ruelle,interets,Africa Sales Up,,apparition,34ca0d17-543d-4c9c-a871-8bdb306a419d,2023-11-11,16094b25-67c6-4528-b8d6-4e85f9b76440,2024-07-14,,1000,,150000,1000,150000
jean Luc,Ruelle,interets,SAS Assistance et Conseil au Financement,,apparition,34ca0d17-543d-4c9c-a871-8bdb306a419d,2023-11-11,16094b25-67c6-4528-b8d6-4e85f9b76440,2024-07-14,,1000,,-1,1000,-1
jean Luc,Ruelle,interets,Belle Isle investissements,,hausse,34ca0d17-543d-4c9c-a871-8bdb306a419d,2023-11-11,16094b25-67c6-4528-b8d6-4e85f9b76440,2024-07-14,50,50,515000,520000,0,5000
jean Luc,Ruelle,interets,SA CAIA,,apparition,34ca0d17-543d-4c9c-a871-8bdb306a419d,2023-11-11,16094b25-67c6-4528-b8d6-4e85f9b76440,2024-07-14,,1000,,-305000,1000,-305000
jean Luc,Ruelle,interets,JURIFISCIMMO,,apparition,34ca0d17-543d-4c9c-a871-8bdb306a419d,2023-11-11,16094b25-67c6-4528-b8d6-4e85f9b76440,2024-07-14,,1000,,900000,1000,900000
jean Luc,Ruelle,interets,SARL AROME,,apparition,34ca0d17-543d-4c9c-a871-8bdb306a419d,2023-11-11,16094b25-67c6-4528-b8d6-4e85f9b76440,2024-07-14,,1500,,10000,1500,10000
jean Luc,Ruelle,interets,SARL cabinet jean Luc Ruelle,,apparition,34ca0d17-543d-4c9c-a871-8bdb306a419d,2023-11-11,16094b25-67c6-4528-b8d6-4e85f9b76440,2024-07-14,,1000,,2100000,1000,2100000
jean Luc,Ruelle,interets,SARL SBP,,apparition,34ca0d17-543d-4c9c-a871-8bdb306a419d,2023-11-11,16094b25-67c6-4528-b8d6-4e85f9b76440,2024-07-14,,1000,,20600,1000,20600
jean Luc,Ruelle,interets,SARL SCOGES,,apparition,34ca0d17-543d-4c9c-a871-8bdb306a419d,2023-11-11,16094b25-67c6-4528-b8d6-4e85f9b76440,2024-07-14,,1000,,609000,1000,609000
jean Luc,Ruelle,interets,SARL SIP,,apparition,34ca0d17-543d-4c9c-a871-8bdb306a419d,2023-11-11,16094b25-67c6-4528-b8d6-4e85f9b76440,2024-07-14,,10000,,7300000,10000,7300000
jean Luc,Ruelle,interets,SA SERVTECH CI,,apparition,34ca0d17-543d-4c9c-a871-8bdb306a419d,2023-11-11,16094b25-67c6-4528-b8d6-4e85f9b76440,2024-07-14,,1000,,1944,1000,1944
jean Luc,Ruelle,interets,SODACI,,apparition,34ca0d17-543d-4c9c-a871-8bdb306a419d,2023-11-11,16094b25-67c6-4528-b8d6-4e85f9b76440,2024-07-14,,20000,,914699,20000,914699
jean Luc,Ruelle,interets,SA SOFIDEC,,apparition,34ca0d17-543d-4c9c-a871-8bdb306a419d,2023-11-11,16094b25-67c6-4528-b8d6-4e85f9b76440,2024-07-14,,2000,,762000,2000,762000
jean Luc,Ruelle,interets,WAW MUSIC,,apparition,34ca0d17-543d-4c9c-a871-8bdb306a419d,2023-11-11,16094b25-67c6-4528-b8d6-4e85f9b76440,2024-07-14,,10000,,99999,10000,99999
François,Ruffin,interets,SARL Les Quatre Cents Clous,,position_initiale,,,33f88fd5-2c54-4b7a-bd9f-50a8753e77de,2024-09-09,,135,,370691,,
ALEXANDRE,SABATOU,interets,AIR LIQUIDE,,position_initiale,,,c1ae7ca4-a5d8-420c-9065-97f798be05a3,2024-07-30,,109,,18200,,
ALEXANDRE,SABATOU,interets,S.A.S FC CHAMBLY OISE,,position_initiale,,,c1ae7ca4-a5d8-420c-9065-97f798be05a3,2024-07-30,,1,,1000,,
Arash,SAEIDI,interets,SARL SUDS & SODA,,position_initiale,,,dc1d5dc5-df36-48c1-bd48-ed538e6f900a,2024-09-15,,1250,,1171948,,
Arnaud,Saint-Martin,interets,Editions du Croquant,,position_initiale,,,c55e8aec-62f5-4bff-ae38-bfeebad61548,2024-07-25,,9,,180,,
florent,saint martin,interets,EUROPOLITIS SARL UNIPERSONNELLE,,position_initiale,,,b1b559f3-c8e9-4c64-9bf2-b332d850112e,2021-08-18,,10000,,10000,,
Zadkiel,Saint-Orice,interets,New Age,,position_initiale,,,876da7c7-dc73-4393-b374-216bcec7812c,2021-08-23,,450,,699,,
Séverine,SAINT-PE,interets,TOTAL ENERGIES,,position_initiale,,,cb6cd106-6b8b-408e-b638-525de6c14c80,2023-04-03,,21,,801,,
Paul,SALVADOR,interets,SARL Grésigne bien-être,,apparition,4d9ff2bc-a368-4058-b888-93f67aa7b566,2021-08-31,f1401c69-6097-485b-ada5-1362d415cec6,2022-11-29,,1,,1000,1,1000
Paul,SALVADOR,interets,SARL Gresigne résidences,,apparition,4d9ff2bc-a368-4058-b888-93f67aa7b566,2021-08-31,f1401c69-6097-485b-ada5-1362d415cec6,2022-11-29,,80,,800,80,800
Jérôme,SAMALENS,interets,SARL SAMALENS MARC,,position_initiale,,,8e785cef-76d6-492e-ac44-1d7b561cc3f4,2022-11-05,,250,,0,,
Nicole,SANQUER,interets,SARL Hiriani,,position_initiale,,,9ab4dc9f-35b0-4cfd-8483-216def85b2a4,2023-07-20,,40,,335,,
Nicole,SANQUER,interets,SARL Hiriani,,hausse,0e6f4a82-be1d-4f0a-9434-a879209c72ef,2024-08-29,f3d2500b-9e85-44c1-a4e1-54c92f321044,2025-01-08,40,40,335,12186,0,11851
Mounir,SATOURI,interets,Rm-Conseils&développement,,position_initiale,,,379d891f-32ec-43ed-a978-e1d9697d5296,2024-09-14,,90,,0,,
Mounir,SATOURI,interets,Rm-Conseils&développement,,hausse,379d891f-32ec-43ed-a978-e1d9697d5296,2024-09-14,a568a506-1025-44cf-86e4-c7d1f63583e4,2025-01-15,90,90,0,13866,0,13866
Anne,Sattonnet,interets,SAS THE GOOD GOODS,,position_initiale,,,57ea687b-8d62-41a9-b119-c895ad37802a,2021-10-28,,20,,2000,,
Anne,Sattonnet,interets,WAGA Energy,,apparition,57ea687b-8d62-41a9-b119-c895ad37802a,2021-10-28,4a083a19-6848-47d1-9d62-4b0761da3ab2,2025-01-23,,135,,2100,135,2100
Hugues,SAURY,interets,AMUNDI STRAT ACT EURO C FCP 3D,,position_initiale,,,4c658afe-bdf4-4876-be9b-e85e1bd30d5d,2023-11-29,,10,,2234,,
Hugues,SAURY,interets,PS OLIVET,,position_initiale,,,4c658afe-bdf4-4876-be9b-e85e1bd30d5d,2023-11-29,,143,,214,,
Hugues,SAURY,interets,AMUNDI STRAT ACT EURO C FCP 3D,,disparition,4c658afe-bdf4-4876-be9b-e85e1bd30d5d,2023-11-29,ab522318-7f85-44dd-9a4e-a7789bd8d6de,2023-12-22,10,,2234,,-10,-2234
Raphael,Schellenberger,interets,Crédit Mutuel,,position_initiale,,,54776631-4051-4c06-9530-4641fe1439ca,2024-09-05,,1,,15,,
Pascale,SCHMIDIGER,interets,Airbus,,position_initiale,,,224a061b-c806-4efd-9eff-ddacbb7b4a8a,2021-08-29,,97,,12657,,
Nathalie,SCHMITT,interets,CAP VERT ENERGIE 0S1.3,,position_initiale,,,c5fefb2c-3c37-4c4d-9704-a3f187360d21,2021-09-16,,10,,100000,,
Nathalie,SCHMITT,interets,SCPI PIERRE INVESTISSEMENT 8,,position_initiale,,,c5fefb2c-3c37-4c4d-9704-a3f187360d21,2021-09-16,,40,,29016,,
Brigitte,Schneider,interets,BNP Paribas,,position_initiale,,,273613e8-c0c5-4e59-ac95-5d49304f6fac,2022-09-14,,38,,1900,,
Brigitte,Schneider,interets,Société générale,,position_initiale,,,273613e8-c0c5-4e59-ac95-5d49304f6fac,2022-09-14,,400,,9720,,
Philippe,SCHRECK,interets,SCP SCHRECK,,position_initiale,,,2875f817-dff3-4eab-b2cd-706fda74f4c2,2024-08-12,,2051,,60000,,
Philippe,SCHRECK,interets,SAS SNIPER,,position_initiale,,,2875f817-dff3-4eab-b2cd-706fda74f4c2,2024-08-12,,50,,500,,
Philippe,SCHRECK,interets,FONCABRETTE,,apparition,2875f817-dff3-4eab-b2cd-706fda74f4c2,2024-08-12,b4c04f7b-3ca7-4033-9221-160bccb2b7ed,2025-05-14,,200,,200,200,200
SABRINA,SEBAIHI,interets,GS RESEAUX,,position_initiale,,,4cccac84-1587-436a-9a1c-340d71ff693a,2024-09-04,,45,,45,,
MARC,SEBEYRAN,interets,AEGON,,position_initiale,,,305aa4f3-c4f1-4dbc-9e17-ba1319e6d88d,2021-08-05,,691,,2518,,
MARC,SEBEYRAN,interets,AIR LIQUIDE,,position_initiale,,,305aa4f3-c4f1-4dbc-9e17-ba1319e6d88d,2021-08-05,,291,,35948,,
MARC,SEBEYRAN,interets,Alcon,,position_initiale,,,305aa4f3-c4f1-4dbc-9e17-ba1319e6d88d,2021-08-05,,12,,753,,
MARC,SEBEYRAN,interets,BNP,,position_initiale,,,305aa4f3-c4f1-4dbc-9e17-ba1319e6d88d,2021-08-05,,83,,4316,,
MARC,SEBEYRAN,interets,DANONE,,position_initiale,,,305aa4f3-c4f1-4dbc-9e17-ba1319e6d88d,2021-08-05,,76,,4771,,
MARC,SEBEYRAN,interets,DEUTSCHE TELEKOM,,position_initiale,,,305aa4f3-c4f1-4dbc-9e17-ba1319e6d88d,2021-08-05,,275,,4810,,
MARC,SEBEYRAN,interets,INDITEX,,position_initiale,,,305aa4f3-c4f1-4dbc-9e17-ba1319e6d88d,2021-08-05,,133,,3839,,
MARC,SEBEYRAN,interets,LVMH,,position_initiale,,,305aa4f3-c4f1-4dbc-9e17-ba1319e6d88d,2021-08-05,,50,,34735,,
MARC,SEBEYRAN,interets,MERCK,,position_initiale,,,305aa4f3-c4f1-4dbc-9e17-ba1319e6d88d,2021-08-05,,161,,10302,,
MARC,SEBEYRAN,interets,NESTLE,,position_initiale,,,305aa4f3-c4f1-4dbc-9e17-ba1319e6d88d,2021-08-05,,3630,,385689,,
MARC,SEBEYRAN,interets,NOVARTIS,,position_initiale,,,305aa4f3-c4f1-4dbc-9e17-ba1319e6d88d,2021-08-05,,60,,4664,,
MARC,SEBEYRAN,interets,OREAL,,position_initiale,,,305aa4f3-c4f1-4dbc-9e17-ba1319e6d88d,2021-08-05,,134,,41517,,
MARC,SEBEYRAN,interets,SANOFI,,position_initiale,,,305aa4f3-c4f1-4dbc-9e17-ba1319e6d88d,2021-08-05,,42,,3549,,
MARC,SEBEYRAN,interets,SCHNEIDER ELECTRIC,,position_initiale,,,305aa4f3-c4f1-4dbc-9e17-ba1319e6d88d,2021-08-05,,83,,12260,,
MARC,SEBEYRAN,interets,SHELL,,position_initiale,,,305aa4f3-c4f1-4dbc-9e17-ba1319e6d88d,2021-08-05,,1563,,25842,,
MARC,SEBEYRAN,interets,SOCIETE GENERALE,,position_initiale,,,305aa4f3-c4f1-4dbc-9e17-ba1319e6d88d,2021-08-05,,89,,2421,,
MARC,SEBEYRAN,interets,TOTAL,,position_initiale,,,305aa4f3-c4f1-4dbc-9e17-ba1319e6d88d,2021-08-05,,236,,8871,,
MARC,SEBEYRAN,interets,VIVENDI,,position_initiale,,,305aa4f3-c4f1-4dbc-9e17-ba1319e6d88d,2021-08-05,,111,,3203,,
MARC,SEBEYRAN,interets,AEGON,,hausse,12b80a69-5b6f-476b-b820-4720874218eb,2022-02-05,fcabbb66-d9f2-42ea-8c83-f698c8a05ebe,2023-03-08,691,691,2518,3386,0,868
MARC,SEBEYRAN,interets,AIR LIQUIDE,,hausse,12b80a69-5b6f-476b-b820-4720874218eb,2022-02-05,fcabbb66-d9f2-42ea-8c83-f698c8a05ebe,2023-03-08,291,291,35948,48264,0,12316
MARC,SEBEYRAN,interets,Alcon,,hausse,12b80a69-5b6f-476b-b820-4720874218eb,2022-02-05,fcabbb66-d9f2-42ea-8c83-f698c8a05ebe,2023-03-08,12,12,753,773,0,20
MARC,SEBEYRAN,interets,BNP,,hausse,12b80a69-5b6f-476b-b820-4720874218eb,2022-02-05,fcabbb66-d9f2-42ea-8c83-f698c8a05ebe,2023-03-08,83,83,4316,5333,0,1017
MARC,SEBEYRAN,interets,DANONE,,baisse,12b80a69-5b6f-476b-b820-4720874218eb,2022-02-05,fcabbb66-d9f2-42ea-8c83-f698c8a05ebe,2023-03-08,76,76,4771,4090,0,-681
MARC,SEBEYRAN,interets,DEUTSCHE TELEKOM,,hausse,12b80a69-5b6f-476b-b820-4720874218eb,2022-02-05,fcabbb66-d9f2-42ea-8c83-f698c8a05ebe,2023-03-08,275,275,4810,5867,0,1057
MARC,SEBEYRAN,interets,Hermes international,,apparition,12b80a69-5b6f-476b-b820-4720874218eb,2022-02-05,fcabbb66-d9f2-42ea-8c83-f698c8a05ebe,2023-03-08,,2,,3471,2,3471
MARC,SEBEYRAN,interets,INDITEX,,hausse,12b80a69-5b6f-476b-b820-4720874218eb,2022-02-05,fcabbb66-d9f2-42ea-8c83-f698c8a05ebe,2023-03-08,133,133,3839,3904,0,65
MARC,SEBEYRAN,interets,LVMH,,hausse,12b80a69-5b6f-476b-b820-4720874218eb,2022-02-05,fcabbb66-d9f2-42ea-8c83-f698c8a05ebe,2023-03-08,50,53,34735,43200,3,8465
MARC,SEBEYRAN,interets,MERCK,,hausse,12b80a69-5b6f-476b-b820-4720874218eb,2022-02-05,fcabbb66-d9f2-42ea-8c83-f698c8a05ebe,2023-03-08,161,161,10302,16164,0,5862
MARC,SEBEYRAN,interets,NESTLE,,hausse,12b80a69-5b6f-476b-b820-4720874218eb,2022-02-05,fcabbb66-d9f2-42ea-8c83-f698c8a05ebe,2023-03-08,3630,3630,385689,392089,0,6400
MARC,SEBEYRAN,interets,NOVARTIS,,hausse,12b80a69-5b6f-476b-b820-4720874218eb,2022-02-05,fcabbb66-d9f2-42ea-8c83-f698c8a05ebe,2023-03-08,60,60,4664,4781,0,117
MARC,SEBEYRAN,interets,Orange,,apparition,12b80a69-5b6f-476b-b820-4720874218eb,2022-02-05,fcabbb66-d9f2-42ea-8c83-f698c8a05ebe,2023-03-08,,526,,5652,526,5652
MARC,SEBEYRAN,interets,OREAL,,hausse,12b80a69-5b6f-476b-b820-4720874218eb,2022-02-05,fcabbb66-d9f2-42ea-8c83-f698c8a05ebe,2023-03-08,134,134,41517,50839,0,9322
MARC,SEBEYRAN,interets,SANOFI,,hausse,12b80a69-5b6f-476b-b820-4720874218eb,2022-02-05,fcabbb66-d9f2-42ea-8c83-f698c8a05ebe,2023-03-08,42,42,3549,3745,0,196
MARC,SEBEYRAN,interets,SCHNEIDER ELECTRIC,,hausse,12b80a69-5b6f-476b-b820-4720874218eb,2022-02-05,fcabbb66-d9f2-42ea-8c83-f698c8a05ebe,2023-03-08,83,83,12260,12855,0,595
MARC,SEBEYRAN,interets,SHELL,,hausse,12b80a69-5b6f-476b-b820-4720874218eb,2022-02-05,fcabbb66-d9f2-42ea-8c83-f698c8a05ebe,2023-03-08,1563,1563,25842,45553,0,19711
MARC,SEBEYRAN,interets,SOCIETE GENERALE,,baisse,12b80a69-5b6f-476b-b820-4720874218eb,2022-02-05,fcabbb66-d9f2-42ea-8c83-f698c8a05ebe,2023-03-08,89,89,2421,2396,0,-25
MARC,SEBEYRAN,interets,Stellantis,,apparition,12b80a69-5b6f-476b-b820-4720874218eb,2022-02-05,fcabbb66-d9f2-42ea-8c83-f698c8a05ebe,2023-03-08,,100,,1766,100,1766
MARC,SEBEYRAN,interets,Thales,,apparition,12b80a69-5b6f-476b-b820-4720874218eb,2022-02-05,fcabbb66-d9f2-42ea-8c83-f698c8a05ebe,2023-03-08,,20,,2556,20,2556
MARC,SEBEYRAN,interets,TOTAL,,hausse,12b80a69-5b6f-476b-b820-4720874218eb,2022-02-05,fcabbb66-d9f2-42ea-8c83-f698c8a05ebe,2023-03-08,236,236,8871,13925,0,5054
MARC,SEBEYRAN,interets,VIVENDI,,baisse,12b80a69-5b6f-476b-b820-4720874218eb,2022-02-05,fcabbb66-d9f2-42ea-8c83-f698c8a05ebe,2023-03-08,111,111,3203,1094,0,-2109
Frederique,SEELS,interets,Global Impact Conseil,,position_initiale,,,b20f8aba-eb2f-4287-b194-32827e29aa44,2021-08-27,,50,,5000,,
WILFRIED,SEJEAU,interets,holding LERI,,position_initiale,,,cd89116e-022d-4542-b53f-27f1364c9194,2021-08-26,,128,,96000,,
Yann,Semler-Collery,interets,CGG,,position_initiale,,,6dbc362a-7e97-4861-a571-5e36d802abc5,2021-07-29,,35000,,21000,,
Yann,Semler-Collery,interets,CO Casino SBF,,position_initiale,,,6dbc362a-7e97-4861-a571-5e36d802abc5,2021-07-29,,200,,4800,,
Yann,Semler-Collery,interets,HGSH Nasdaq,,position_initiale,,,6dbc362a-7e97-4861-a571-5e36d802abc5,2021-07-29,,1000,,2000,,
Yann,Semler-Collery,interets,STUDIO Y,,apparition,6dbc362a-7e97-4861-a571-5e36d802abc5,2021-07-29,8aa16f48-d4c4-43d4-ae2e-7f72328d148f,2021-11-30,,1000,,1000,1000,1000
Jean Pierre,SERRUS,interets,CONNECT INVEST,,position_initiale,,,7e674ea5-eb4b-4ca9-9984-85b24d4481bc,2021-08-24,,2500,,15000,,
Jean Pierre,SERRUS,interets,OPTIMETRIE SAS,,position_initiale,,,7e674ea5-eb4b-4ca9-9984-85b24d4481bc,2021-08-24,,867714,,1728400,,
Jean Pierre,SERRUS,interets,PERNOD RICARD,,position_initiale,,,7e674ea5-eb4b-4ca9-9984-85b24d4481bc,2021-08-24,,320,,59104,,
Jean Pierre,SERRUS,interets,OPTIMETRIE SAS,,baisse,7e674ea5-eb4b-4ca9-9984-85b24d4481bc,2021-08-24,8d73f050-f8fa-46fc-b9d6-1126fc312f96,2022-05-12,867714,867714,1728400,0,0,-1728400
Bruno,Sido,interets,Sarl SIDO TA,,position_initiale,,,9c064bc1-6819-4203-907e-72891f9ad676,2023-11-11,,100,,250000,,
Bruno,Sido,interets,SCM Saint Louis en Vallage,,position_initiale,,,9c064bc1-6819-4203-907e-72891f9ad676,2023-11-11,,1400,,1950000,,
Bruno,Sido,interets,Sarl SIDO TA,,disparition,9c064bc1-6819-4203-907e-72891f9ad676,2023-11-11,20f402f5-aaf1-4a32-9c63-27a1b4eee345,2023-12-16,100,,250000,,-100,-250000
Bruno,Sido,interets,SCM Saint Louis en Vallage,,disparition,9c064bc1-6819-4203-907e-72891f9ad676,2023-11-11,20f402f5-aaf1-4a32-9c63-27a1b4eee345,2023-12-16,1400,,1950000,,-1400,-1950000
Nicolas,Siegler,interets,SAS LE VAUBAN,,apparition,e038e0e6-abb7-4ac3-aa54-c235ab567eb0,2021-12-14,6804c17a-dcb0-4d58-9399-83d28b84d59d,2024-05-26,,100,,100,100,100
Antoine,Sillani,interets,compte parts sociales crédit agricole,,apparition,44068f23-fea1-4f5f-837b-5d91c1cc37dd,2022-01-12,f42a6d82-1364-4809-8966-380b28e323b3,2023-07-10,,2017,,3086,2017,3086
Antoine,Sillani,interets,credit agricole Compte PEA PME,,apparition,44068f23-fea1-4f5f-837b-5d91c1cc37dd,2022-01-12,f42a6d82-1364-4809-8966-380b28e323b3,2023-07-10,,1,,15,1,15
Antoine,Sillani,interets,Credit agricole PEA,,apparition,44068f23-fea1-4f5f-837b-5d91c1cc37dd,2022-01-12,f42a6d82-1364-4809-8966-380b28e323b3,2023-07-10,,1,,15,1,15
Antoine,Sillani,interets,compte parts sociales crédit agricole,,baisse,f42a6d82-1364-4809-8966-380b28e323b3,2023-07-10,e47be5a0-2b93-419f-a18e-cd22c94c2f33,2024-03-17,2017,0,3086,0,-2017,-3086
Antoine,Sillani,interets,credit agricole Compte PEA PME,,disparition,f42a6d82-1364-4809-8966-380b28e323b3,2023-07-10,e47be5a0-2b93-419f-a18e-cd22c94c2f33,2024-03-17,1,,15,,-1,-15
Antoine,Sillani,interets,Credit agricole PEA,,disparition,f42a6d82-1364-4809-8966-380b28e323b3,2023-07-10,e47be5a0-2b93-419f-a18e-cd22c94c2f33,2024-03-17,1,,15,,-1,-15
Antoine,Sillani,interets,compte parts sociales crédit agricole,,disparition,0ed220a2-e214-4a6d-9ef0-8e6aa0b896f0,2024-03-21,e53f3c06-c90a-4303-bb31-2f420c066523,2025-09-21,0,,0,,0,0
Antoine,Sillani,interets,Credit Agricole,,apparition,0ed220a2-e214-4a6d-9ef0-8e6aa0b896f0,2024-03-21,e53f3c06-c90a-4303-bb31-2f420c066523,2025-09-21,,0,,0,0,0
Mireille,SIMIAN,interets,Andalcress,,position_initiale,,,989e8834-7987-4d9b-a32e-7702576528bb,2021-08-11,,75,,57000,,
Mireille,SIMIAN,interets,Andalcress,,disparition,989e8834-7987-4d9b-a32e-7702576528bb,2021-08-11,99f6bbf9-a44d-45c8-9c61-a62b7679476c,2022-12-05,75,,57000,,-75,-57000
Mireille,SIMIAN,interets,Andalcress S.L,,apparition,989e8834-7987-4d9b-a32e-7702576528bb,2021-08-11,99f6bbf9-a44d-45c8-9c61-a62b7679476c,2022-12-05,,75,,57000,75,57000
Valérie,Simonet,interets,SARL SIMONET Père et Fils,,position_initiale,,,d761dfe9-ce99-492f-be8e-a1459f2a8eec,2021-08-31,,0,,0,,
Valérie,Simonet,interets,SARL SIMONET Père et Fils,,hausse,d761dfe9-ce99-492f-be8e-a1459f2a8eec,2021-08-31,1ca6f684-61e3-4393-933a-30522e81e7bf,2021-12-19,0,0,0,210000,0,210000
Thibaut,SIMONIN,interets,Connectravel,,apparition,8f655223-6f37-4662-a385-664f7fb017bc,2021-08-30,805efadf-c052-45a0-80cb-f2fc48916409,2021-11-29,,100,,9500,100,9500
Charles,Sitzenstuhl,interets,Dassault Systemes,,apparition,60cabe3e-d675-4123-8799-4e52ecab7260,2025-01-09,ffaa568e-7562-43d0-be00-e715f35c45d4,2026-04-13,,5,,87,5,87
Charles,Sitzenstuhl,interets,Deezer,,apparition,60cabe3e-d675-4123-8799-4e52ecab7260,2025-01-09,ffaa568e-7562-43d0-be00-e715f35c45d4,2026-04-13,,8,,8,8,8
Charles,Sitzenstuhl,interets,Derichebourg,,apparition,60cabe3e-d675-4123-8799-4e52ecab7260,2025-01-09,ffaa568e-7562-43d0-be00-e715f35c45d4,2026-04-13,,5,,44,5,44
Charles,Sitzenstuhl,interets,Mercedez-Benz,,apparition,60cabe3e-d675-4123-8799-4e52ecab7260,2025-01-09,ffaa568e-7562-43d0-be00-e715f35c45d4,2026-04-13,,1,,54,1,54
Charles,Sitzenstuhl,interets,Saint-Gobain,,apparition,60cabe3e-d675-4123-8799-4e52ecab7260,2025-01-09,ffaa568e-7562-43d0-be00-e715f35c45d4,2026-04-13,,1,,75,1,75
Charles,Sitzenstuhl,interets,Thyssenkrupp,,apparition,60cabe3e-d675-4123-8799-4e52ecab7260,2025-01-09,ffaa568e-7562-43d0-be00-e715f35c45d4,2026-04-13,,5,,41,5,41
Charles,Sitzenstuhl,interets,Totalenergies,,apparition,60cabe3e-d675-4123-8799-4e52ecab7260,2025-01-09,ffaa568e-7562-43d0-be00-e715f35c45d4,2026-04-13,,2,,159,2,159
Charles,Sitzenstuhl,interets,Ubisoft Entertainment,,apparition,60cabe3e-d675-4123-8799-4e52ecab7260,2025-01-09,ffaa568e-7562-43d0-be00-e715f35c45d4,2026-04-13,,10,,41,10,41
Anthony,Smith,interets,Société Coopérative d Intérêt Collectif Le Média,,position_initiale,,,d63d27c6-51fe-40ee-9ea7-a15bea33c0f3,2024-08-16,,40,,40,,
Gérard,SOLER,interets,SCPI ALLIANZ PIERRE,,apparition,12729fe4-a695-4ec9-abf6-ef2dbef4626b,2021-07-27,df293405-8bf4-4556-8ce1-a2b6b11d6ae0,2022-04-27,,65,,17276,65,17276
Nadia,SOLLOGOUB,interets,AXEREAL,,position_initiale,,,5558a571-5c87-42a7-a041-fd62334517c4,2023-11-19,,1957,,4288,,
Nadia,SOLLOGOUB,interets,Crédit Agricole,,position_initiale,,,5558a571-5c87-42a7-a041-fd62334517c4,2023-11-19,,782,,1173,,
Nadia,SOLLOGOUB,interets,PASIPHAE,,position_initiale,,,5558a571-5c87-42a7-a041-fd62334517c4,2023-11-19,,112,,34409,,
Nadia,SOLLOGOUB,interets,Crédit Agricole,,hausse,5558a571-5c87-42a7-a041-fd62334517c4,2023-11-19,191d17d0-24c0-4fbc-9614-efbc6be22b5d,2024-01-27,782,782,1173,1251,0,78
Nadia,SOLLOGOUB,interets,PASIPHAE,,baisse,5558a571-5c87-42a7-a041-fd62334517c4,2023-11-19,191d17d0-24c0-4fbc-9614-efbc6be22b5d,2024-01-27,112,112,34409,3472,0,-30937
Jean-Jacques,SOMBSTHAY,interets,néant,,position_initiale,,,6afb40cc-4f33-4e22-9332-365bebbe92f3,2021-09-01,,0,,0,,
Malika,SOREL,interets,Airbus,,position_initiale,,,0c8221bd-1569-498e-8d20-16111ed987d2,2024-09-13,,54,,6926,,
Malika,SOREL,interets,Française des Jeux,,position_initiale,,,0c8221bd-1569-498e-8d20-16111ed987d2,2024-09-13,,128,,4070,,
Malika,SOREL,interets,Orange,,position_initiale,,,0c8221bd-1569-498e-8d20-16111ed987d2,2024-09-13,,84,,786,,
Nicolas,SORET,interets,S2JN Investissement,,position_initiale,,,18f7fa0e-d570-4e84-ae43-41d96dabf1a1,2022-07-03,,500,,5000,,
Ersilia,Soudais,interets,Bred,,position_initiale,,,71e18a59-f969-4313-9b7e-2247b2c28e4e,2024-09-08,,853,,9000,,
Jérôme,SOURISSEAU,interets,EARL CHANTILLOUX,,position_initiale,,,52c06533-1603-41dd-83da-5ebaeb200d99,2026-02-16,,150,,14998,,
Anne,Souyris,interets,AIR LIQUIDE,,position_initiale,,,a608a3da-cd41-4572-aa4f-35874c014994,2023-12-02,,469,,79851,,
Anne,Souyris,interets,AXA,,position_initiale,,,a608a3da-cd41-4572-aa4f-35874c014994,2023-12-02,,1275,,36190,,
Anne,Souyris,interets,ENGIE,,position_initiale,,,a608a3da-cd41-4572-aa4f-35874c014994,2023-12-02,,378,,5896,,
Anne,Souyris,interets,GECINA,,position_initiale,,,a608a3da-cd41-4572-aa4f-35874c014994,2023-12-02,,54,,5383,,
Anne,Souyris,interets,PEA BANQUE POSTALE,,position_initiale,,,a608a3da-cd41-4572-aa4f-35874c014994,2023-12-02,,0,,5527,,
Catherine,Staron,interets,ARIETIS,,position_initiale,,,a4c90496-589b-481d-ab56-b00a56d9dc33,2022-08-29,,300,,3000,,
Catherine,Staron,interets,Mealcanteen,,position_initiale,,,a4c90496-589b-481d-ab56-b00a56d9dc33,2022-08-29,,83,,0,,
Catherine,Staron,interets,Mealcanteen,,disparition,a4c90496-589b-481d-ab56-b00a56d9dc33,2022-08-29,4a068441-741b-4d40-bfa9-3a2cfd437957,2024-10-12,83,,0,,-83,0
Patrick,STEFANINI,interets,Asphyl Conseil,,position_initiale,,,a55dba7a-7d48-4293-9781-0b357e0de19b,2021-08-11,,6000,,5000,,
Claude,Sturni,interets,PEA,,position_initiale,,,dacab653-6b42-41c3-8991-9d6d093f657f,2023-03-13,,1,,94080,,
Philippe,SUEUR,interets,NATIXIS,,position_initiale,,,78106bf6-d10c-4240-a775-d94958e4d48d,2023-07-24,,5000,,25000,,
MAGALI,SURLE-GIRIEUD,interets,SARL JAG HAUT VERDON VOYAGES,,position_initiale,,,9320a40b-3730-4020-a0e5-ad48b086f287,2022-12-06,,250,,145440,,
Christophe,SUSZYLO,interets,MAZARS,,position_initiale,,,2b6fcb8c-fe28-429e-9ad0-5eb219107304,2021-08-27,,3697,,255269,,
Christophe,SUSZYLO,interets,SARL LES 4 JADES,,position_initiale,,,2b6fcb8c-fe28-429e-9ad0-5eb219107304,2021-08-27,,99,,1,,
Christophe,SUSZYLO,interets,AIR LIQUIDE,,apparition,2b6fcb8c-fe28-429e-9ad0-5eb219107304,2021-08-27,9ad7a627-a08c-4419-9c39-9a0c51d06bef,2022-11-04,,1100,,146300,1100,146300
Christophe,SUSZYLO,interets,SAS CATALPAS,,apparition,2b6fcb8c-fe28-429e-9ad0-5eb219107304,2021-08-27,9ad7a627-a08c-4419-9c39-9a0c51d06bef,2022-11-04,,3200,,3200,3200,3200
Christophe,SUSZYLO,interets,SAS L’épicerie Saint Joseph,,apparition,2b6fcb8c-fe28-429e-9ad0-5eb219107304,2021-08-27,9ad7a627-a08c-4419-9c39-9a0c51d06bef,2022-11-04,,1,,1,1,1
Christophe,SUSZYLO,interets,PIERRE VACANCES,,apparition,2b6fcb8c-fe28-429e-9ad0-5eb219107304,2021-08-27,9ad7a627-a08c-4419-9c39-9a0c51d06bef,2022-11-04,,10850,,8680,10850,8680
Christophe,SUSZYLO,interets,SAS L épicerie Saint Joseph,,apparition,9ad7a627-a08c-4419-9c39-9a0c51d06bef,2022-11-04,0120f41c-d5f5-41db-98b5-4609eea6a8ef,2024-10-23,,1,,1,1,1
Christophe,SUSZYLO,interets,SAS L’épicerie Saint Joseph,,disparition,9ad7a627-a08c-4419-9c39-9a0c51d06bef,2022-11-04,0120f41c-d5f5-41db-98b5-4609eea6a8ef,2024-10-23,1,,1,,-1,-1
Francis,Szpiner,interets,Cabinet Francis Szpiner,,apparition,2a4bf090-ea41-4123-992b-27db77572521,2023-11-21,46e63284-3037-44f9-bdb3-50d709a9e119,2024-03-04,,0,,0,0,0
Jean-Philippe,TANGUY,interets,Air Liquide,,position_initiale,,,92dcab3c-18e3-4f49-98d5-a27cb2efebbe,2024-09-08,,1,,162,,
Jean-Philippe,TANGUY,interets,Alstom,,position_initiale,,,92dcab3c-18e3-4f49-98d5-a27cb2efebbe,2024-09-08,,1,,172,,
Jean-Philippe,TANGUY,interets,TOTAL Energie,,position_initiale,,,92dcab3c-18e3-4f49-98d5-a27cb2efebbe,2024-09-08,,10,,598,,
Anne-Sophie,Taszarek,interets,Calliste Herboristerie,,position_initiale,,,dfe58600-0430-4227-aa5f-3ca60930a215,2024-10-17,,20000,,2000,,
David,Taupiac,interets,AMUNDI EUROPE MONDE (D) FCP 3D,,position_initiale,,,3f6df87c-dd8f-471a-8cd8-2366c95d2aa8,2024-08-20,,17,,907,,
David,Taupiac,interets,ATOUT VERT HORIZON 3DEC,,position_initiale,,,3f6df87c-dd8f-471a-8cd8-2366c95d2aa8,2024-08-20,,40,,861,,
David,Taupiac,interets,EFORSA,,position_initiale,,,3f6df87c-dd8f-471a-8cd8-2366c95d2aa8,2024-08-20,,1000,,5000,,
David,Taupiac,interets,ENGIE,,position_initiale,,,3f6df87c-dd8f-471a-8cd8-2366c95d2aa8,2024-08-20,,8,,124,,
David,Taupiac,interets,Fumaison Occitane,,position_initiale,,,3f6df87c-dd8f-471a-8cd8-2366c95d2aa8,2024-08-20,,10,,5000,,
David,Taupiac,interets,Parts Sociétaires Crédit Agricole Engagement,,position_initiale,,,3f6df87c-dd8f-471a-8cd8-2366c95d2aa8,2024-08-20,,20,,20,,
David,Taupiac,interets,Parts Sociétaires Crédit Agricole Volontaire,,position_initiale,,,3f6df87c-dd8f-471a-8cd8-2366c95d2aa8,2024-08-20,,158,,158,,
David,Taupiac,interets,Renault,,position_initiale,,,3f6df87c-dd8f-471a-8cd8-2366c95d2aa8,2024-08-20,,5,,211,,
David,Taupiac,interets,AMUNDI EUROPE MONDE (D) FCP 3D,,hausse,3f6df87c-dd8f-471a-8cd8-2366c95d2aa8,2024-08-20,18500a14-4cfe-4ef6-bbb0-8af1299f2333,2024-12-31,17,18,907,1008,1,101
David,Taupiac,interets,ATOUT VERT HORIZON 3DEC,,hausse,3f6df87c-dd8f-471a-8cd8-2366c95d2aa8,2024-08-20,18500a14-4cfe-4ef6-bbb0-8af1299f2333,2024-12-31,40,42,861,984,2,123
David,Taupiac,interets,EFORSA,,disparition,3f6df87c-dd8f-471a-8cd8-2366c95d2aa8,2024-08-20,18500a14-4cfe-4ef6-bbb0-8af1299f2333,2024-12-31,1000,,5000,,-1000,-5000
David,Taupiac,interets,ENGIE,,baisse,3f6df87c-dd8f-471a-8cd8-2366c95d2aa8,2024-08-20,18500a14-4cfe-4ef6-bbb0-8af1299f2333,2024-12-31,8,8,124,123,0,-1
David,Taupiac,interets,Renault,,hausse,3f6df87c-dd8f-471a-8cd8-2366c95d2aa8,2024-08-20,18500a14-4cfe-4ef6-bbb0-8af1299f2333,2024-12-31,5,5,211,235,0,24
David,Taupiac,interets,AMUNDI EUROPE MONDE (D) FCP 3D,,hausse,18500a14-4cfe-4ef6-bbb0-8af1299f2333,2024-12-31,9c616e27-5cbf-4566-b1f6-35b504a83603,2026-05-06,18,24,1008,1544,6,536
David,Taupiac,interets,ATOUT VERT HORIZON 3DEC,,hausse,18500a14-4cfe-4ef6-bbb0-8af1299f2333,2024-12-31,9c616e27-5cbf-4566-b1f6-35b504a83603,2026-05-06,42,57,984,1443,15,459
David,Taupiac,interets,ENGIE,,hausse,18500a14-4cfe-4ef6-bbb0-8af1299f2333,2024-12-31,9c616e27-5cbf-4566-b1f6-35b504a83603,2026-05-06,8,8,123,221,0,98
David,Taupiac,interets,Parts Sociétaires Crédit Agricole Volontaire,,hausse,18500a14-4cfe-4ef6-bbb0-8af1299f2333,2024-12-31,9c616e27-5cbf-4566-b1f6-35b504a83603,2026-05-06,158,161,158,161,3,3
David,Taupiac,interets,Renault,,baisse,18500a14-4cfe-4ef6-bbb0-8af1299f2333,2024-12-31,9c616e27-5cbf-4566-b1f6-35b504a83603,2026-05-06,5,5,235,146,0,-89
Boris,Tavernier,interets,Absteme,,position_initiale,,,8499510a-c45f-458a-9653-a42b8868d7b0,2024-09-06,,217,,40000,,
VERONIQUE,TEINTENIER,interets,GM,,position_initiale,,,985b6ddc-fd24-431e-98ce-5ce7321a5257,2021-11-22,,50,,150000,,
PATRICK,TEISSERE,interets,SCI GERSOUDELH,,apparition,f4644728-b16f-44ec-a670-f6e7bf0b43a6,2021-07-30,2a98859c-788e-4a70-a334-8be5d526a5fa,2023-07-07,,20,,200,20,200
PATRICK,TEISSERE,interets,SCI GERSOUDELH,,disparition,2a98859c-788e-4a70-a334-8be5d526a5fa,2023-07-07,6079ffb6-037b-498d-9b0c-857bd6cd01c9,2023-07-07,20,,200,,-20,-200
Françoise,TENENBAUM,interets,ADVANCED MICRO ORD,,position_initiale,,,ade2d7fa-34a6-450e-8a52-cfef555206a6,2024-11-17,,16,,2100,,
Françoise,TENENBAUM,interets,ASML Holding NY EO,,position_initiale,,,ade2d7fa-34a6-450e-8a52-cfef555206a6,2024-11-17,,1,,987,,
Françoise,TENENBAUM,interets,BAE Systems,,position_initiale,,,ade2d7fa-34a6-450e-8a52-cfef555206a6,2024-11-17,,242,,3744,,
Françoise,TENENBAUM,interets,ELI LILLY,,position_initiale,,,ade2d7fa-34a6-450e-8a52-cfef555206a6,2024-11-17,,5,,3733,,
Françoise,TENENBAUM,interets,ESKER,,position_initiale,,,ade2d7fa-34a6-450e-8a52-cfef555206a6,2024-11-17,,29,,7516,,
Françoise,TENENBAUM,interets,ESSILOR,,position_initiale,,,ade2d7fa-34a6-450e-8a52-cfef555206a6,2024-11-17,,32,,5661,,
Françoise,TENENBAUM,interets,Microsoft,,position_initiale,,,ade2d7fa-34a6-450e-8a52-cfef555206a6,2024-11-17,,9,,3834,,
Françoise,TENENBAUM,interets,Novartis,,position_initiale,,,ade2d7fa-34a6-450e-8a52-cfef555206a6,2024-11-17,,6,,634,,
Françoise,TENENBAUM,interets,SAFRAN,,position_initiale,,,ade2d7fa-34a6-450e-8a52-cfef555206a6,2024-11-17,,20,,4342,,
Françoise,TENENBAUM,interets,SANOFI,,position_initiale,,,ade2d7fa-34a6-450e-8a52-cfef555206a6,2024-11-17,,42,,3835,,
Françoise,TENENBAUM,interets,WALMART,,position_initiale,,,ade2d7fa-34a6-450e-8a52-cfef555206a6,2024-11-17,,53,,4233,,
Françoise,TENENBAUM,interets,ADVANCED MICRO ORD,,hausse,ade2d7fa-34a6-450e-8a52-cfef555206a6,2024-11-17,0ecbe45b-4169-4411-a719-af1b13a396b9,2025-09-28,16,17,2100,2419,1,319
Françoise,TENENBAUM,interets,AMAZON,,apparition,ade2d7fa-34a6-450e-8a52-cfef555206a6,2024-11-17,0ecbe45b-4169-4411-a719-af1b13a396b9,2025-09-28,,21,,3927,21,3927
Françoise,TENENBAUM,interets,AMERICAN EXPRESS,,apparition,ade2d7fa-34a6-450e-8a52-cfef555206a6,2024-11-17,0ecbe45b-4169-4411-a719-af1b13a396b9,2025-09-28,,6,,1746,6,1746
Françoise,TENENBAUM,interets,ARM Hldgs,,apparition,ade2d7fa-34a6-450e-8a52-cfef555206a6,2024-11-17,0ecbe45b-4169-4411-a719-af1b13a396b9,2025-09-28,,4,,480,4,480
Françoise,TENENBAUM,interets,ASML Holding NY EO,,baisse,ade2d7fa-34a6-450e-8a52-cfef555206a6,2024-11-17,0ecbe45b-4169-4411-a719-af1b13a396b9,2025-09-28,1,1,987,808,0,-179
Françoise,TENENBAUM,interets,BAE Systems,,hausse,ade2d7fa-34a6-450e-8a52-cfef555206a6,2024-11-17,0ecbe45b-4169-4411-a719-af1b13a396b9,2025-09-28,242,247,3744,5686,5,1942
Françoise,TENENBAUM,interets,BROAD COM,,apparition,ade2d7fa-34a6-450e-8a52-cfef555206a6,2024-11-17,0ecbe45b-4169-4411-a719-af1b13a396b9,2025-09-28,,6,,1728,6,1728
Françoise,TENENBAUM,interets,ELI LILLY,,baisse,ade2d7fa-34a6-450e-8a52-cfef555206a6,2024-11-17,0ecbe45b-4169-4411-a719-af1b13a396b9,2025-09-28,5,5,3733,3041,0,-692
Françoise,TENENBAUM,interets,ESKER,,disparition,ade2d7fa-34a6-450e-8a52-cfef555206a6,2024-11-17,0ecbe45b-4169-4411-a719-af1b13a396b9,2025-09-28,29,,7516,,-29,-7516
Françoise,TENENBAUM,interets,ESSILOR,,hausse,ade2d7fa-34a6-450e-8a52-cfef555206a6,2024-11-17,0ecbe45b-4169-4411-a719-af1b13a396b9,2025-09-28,32,32,5661,8407,0,2746
Françoise,TENENBAUM,interets,Microsoft,,hausse,ade2d7fa-34a6-450e-8a52-cfef555206a6,2024-11-17,0ecbe45b-4169-4411-a719-af1b13a396b9,2025-09-28,9,9,3834,3915,0,81
Françoise,TENENBAUM,interets,Novartis,,hausse,ade2d7fa-34a6-450e-8a52-cfef555206a6,2024-11-17,0ecbe45b-4169-4411-a719-af1b13a396b9,2025-09-28,6,6,634,636,0,2
Françoise,TENENBAUM,interets,SAFRAN,,hausse,ade2d7fa-34a6-450e-8a52-cfef555206a6,2024-11-17,0ecbe45b-4169-4411-a719-af1b13a396b9,2025-09-28,20,20,4342,5920,0,1578
Françoise,TENENBAUM,interets,SANOFI,,baisse,ade2d7fa-34a6-450e-8a52-cfef555206a6,2024-11-17,0ecbe45b-4169-4411-a719-af1b13a396b9,2025-09-28,42,42,3835,3289,0,-546
Françoise,TENENBAUM,interets,SLB,,apparition,ade2d7fa-34a6-450e-8a52-cfef555206a6,2024-11-17,0ecbe45b-4169-4411-a719-af1b13a396b9,2025-09-28,,15,,450,15,450
Françoise,TENENBAUM,interets,WALMART,,hausse,ade2d7fa-34a6-450e-8a52-cfef555206a6,2024-11-17,0ecbe45b-4169-4411-a719-af1b13a396b9,2025-09-28,53,53,4233,4664,0,431
gerard,tenoux,interets,sarl tenoux energie,,position_initiale,,,3c039ab1-342a-4180-9bcf-91cd017cdcff,2021-11-03,,1,,50000,,
TEPUARAURII,TERIITAHI,interets,SARL la graniterie du Fenua,,position_initiale,,,5afc58d6-571f-40ca-9c44-2c49a5930596,2023-07-04,,50,,30000,,
TEPUARAURII,TERIITAHI,interets,SARL la graniterie du Fenua,,hausse,5afc58d6-571f-40ca-9c44-2c49a5930596,2023-07-04,3faeae9f-f28a-4e21-a678-930186527bab,2023-10-03,50,100,30000,30000,50,0
Séverine,TERMON,interets,SELARL SHAKTI,,position_initiale,,,5ebb02b2-5ca2-42b4-90cb-05a17866a54c,2021-08-28,,10,,30000,,
Gérard,TERRIEN,interets,HT CO,,position_initiale,,,13943599-0add-442a-9259-58a94841affa,2022-01-21,,1,,192,,
corinne,testud robert,interets,vallis habitat,,position_initiale,,,4c3641b8-9ee6-47a1-9405-1fc62cdf2102,2022-01-07,,0,,0,,
céline,THIEBAULT,interets,CERNUNNOS CONSULTING,,position_initiale,,,3a971fd4-15a3-4736-82f0-11293357ab8c,2024-09-06,,10,,1,,
Vincent,Thiébaut,interets,orange,,position_initiale,,,f9fcc096-525d-4f38-8dce-4e9f6a081e42,2024-09-07,,2,,20,,
Vincent,Thiébaut,interets,Scoiété Générale,,position_initiale,,,f9fcc096-525d-4f38-8dce-4e9f6a081e42,2024-09-07,,1000,,22665,,
Vincent,Thiébaut,interets,Vallourec,,position_initiale,,,f9fcc096-525d-4f38-8dce-4e9f6a081e42,2024-09-07,,2533,,34220,,
Vincent,Thiébaut,interets,VIRIDIEN,,position_initiale,,,f9fcc096-525d-4f38-8dce-4e9f6a081e42,2024-09-07,,950,,34732,,
jean Louis,Thieriot,interets,abscisse partners,,position_initiale,,,af089e85-6166-43f0-ade2-4614464ba670,2025-02-09,,20,,7000,,
jean Louis,Thieriot,interets,ABSCISSESERVICES,,position_initiale,,,af089e85-6166-43f0-ade2-4614464ba670,2025-02-09,,100,,40000,,
jean Louis,Thieriot,interets,selarf suchet,,position_initiale,,,af089e85-6166-43f0-ade2-4614464ba670,2025-02-09,,100,,0,,
SABINE,THILLAYE,interets,ARKEMA,,position_initiale,,,99e76e31-6136-49f2-a8b7-b0b9509a776b,2024-09-03,,5,,460,,
SABINE,THILLAYE,interets,AXA,,position_initiale,,,99e76e31-6136-49f2-a8b7-b0b9509a776b,2024-09-03,,38,,1315,,
SABINE,THILLAYE,interets,BNP PARIBAS,,position_initiale,,,99e76e31-6136-49f2-a8b7-b0b9509a776b,2024-09-03,,126,,7743,,
SABINE,THILLAYE,interets,LVMH,,position_initiale,,,99e76e31-6136-49f2-a8b7-b0b9509a776b,2024-09-03,,3,,2014,,
SABINE,THILLAYE,interets,NOVO NORDISK,,position_initiale,,,99e76e31-6136-49f2-a8b7-b0b9509a776b,2024-09-03,,11,,1370,,
SABINE,THILLAYE,interets,SCHNEIDER,,position_initiale,,,99e76e31-6136-49f2-a8b7-b0b9509a776b,2024-09-03,,8,,1811,,
SABINE,THILLAYE,interets,STMICROELECTONICS,,position_initiale,,,99e76e31-6136-49f2-a8b7-b0b9509a776b,2024-09-03,,28,,772,,
SABINE,THILLAYE,interets,TOTALENERGIES,,position_initiale,,,99e76e31-6136-49f2-a8b7-b0b9509a776b,2024-09-03,,241,,14610,,
Richard,THIRIET,interets,Air Liquide,,position_initiale,,,30048dab-8859-46aa-aa97-7c58dd2e5760,2021-09-26,,94,,13554,,
Richard,THIRIET,interets,SAS Bamboo,,position_initiale,,,30048dab-8859-46aa-aa97-7c58dd2e5760,2021-09-26,,568,,30000,,
Richard,THIRIET,interets,EDF,,position_initiale,,,30048dab-8859-46aa-aa97-7c58dd2e5760,2021-09-26,,31,,334,,
Richard,THIRIET,interets,Michelin,,position_initiale,,,30048dab-8859-46aa-aa97-7c58dd2e5760,2021-09-26,,46,,6138,,
Richard,THIRIET,interets,SARL Consilio,,position_initiale,,,30048dab-8859-46aa-aa97-7c58dd2e5760,2021-09-26,,410548,,1850000,,
Richard,THIRIET,interets,SARL Insulae,,position_initiale,,,30048dab-8859-46aa-aa97-7c58dd2e5760,2021-09-26,,190,,50000,,
Rodolphe,THOMAS,interets,Bred banque populaire,,position_initiale,,,2fa91192-6e37-49ea-9bf5-b0ce94df87d5,2021-08-10,,33,,7157,,
RODY,TOLASSY,interets,SASU BRICO FLEX,,position_initiale,,,7ecccdf8-7ef2-4460-8917-aa8925eed7c2,2024-09-02,,100,,6000,,
Marie-Christine,TONNER,interets,BANQUE POPULAIRE LORRAINE,,position_initiale,,,285325fc-e774-4503-875c-e4589115535f,2021-08-11,,20,,150,,
Marie-Christine,TONNER,interets,CASDEN Banque Populaire,,position_initiale,,,285325fc-e774-4503-875c-e4589115535f,2021-08-11,,32,,272,,
Marie-Christine,TONNER,interets,BANQUE POPULAIRE LORRAINE,,disparition,285325fc-e774-4503-875c-e4589115535f,2021-08-11,e70c7f9d-0348-4993-8306-2bf1659c4781,2022-10-19,20,,150,,-20,-150
JEROME,TRE-HARDY,interets,BKER,,position_initiale,,,bf1cd31c-7fb4-4750-b3c1-1cc10233f47f,2021-10-29,,1500,,1500,,
JEROME,TRE-HARDY,interets,Happy Blue Fish,,position_initiale,,,bf1cd31c-7fb4-4750-b3c1-1cc10233f47f,2021-10-29,,10,,115,,
Christian,TROADEC,interets,Eurl Nadalan,,apparition,56f19a67-8e96-4a43-861c-e73609cd206a,2021-09-02,57a592c8-a092-486a-8103-952fa0364e7c,2022-12-06,,193838,,30218,193838,30218
Christian,TROADEC,interets,Eurl Nadalan,,baisse,57a592c8-a092-486a-8103-952fa0364e7c,2022-12-06,1f4b0469-0085-490f-8790-fb35d513f9fd,2023-05-16,193838,0,30218,0,-193838,-30218
Christian,TROADEC,interets,bretagnemedia.bzh,,apparition,1f4b0469-0085-490f-8790-fb35d513f9fd,2023-05-16,08fcc616-23c5-4748-b8f5-53ec68975e95,2023-11-03,,100,,1000,100,1000
Stéphane,TROUSSEL,interets,SCIC,,position_initiale,,,fda19537-23ca-4894-8fe3-82289f7580bd,2021-07-27,,1,,16,,
Nicolas,Turquois,interets,AXA,,position_initiale,,,9da28fdd-b0c9-493a-bd16-5c7d6c8be702,2024-08-01,,5,,174,,
Nicolas,Turquois,interets,Bouygues,,position_initiale,,,9da28fdd-b0c9-493a-bd16-5c7d6c8be702,2024-08-01,,5,,189,,
Nicolas,Turquois,interets,Casino-Guichard,,position_initiale,,,9da28fdd-b0c9-493a-bd16-5c7d6c8be702,2024-08-01,,5,,1,,
Nicolas,Turquois,interets,CRCA Touraine-Poitou,,position_initiale,,,9da28fdd-b0c9-493a-bd16-5c7d6c8be702,2024-08-01,,173,,173,,
Nicolas,Turquois,interets,Jacquet-Métal Services,,position_initiale,,,9da28fdd-b0c9-493a-bd16-5c7d6c8be702,2024-08-01,,5,,92,,
Nicolas,Turquois,interets,Rallye,,position_initiale,,,9da28fdd-b0c9-493a-bd16-5c7d6c8be702,2024-08-01,,5,,1,,
Nicolas,Turquois,interets,TotalEnergies,,position_initiale,,,9da28fdd-b0c9-493a-bd16-5c7d6c8be702,2024-08-01,,12,,762,,
Nicolas,Turquois,interets,SCIGP Bleu Turquoise,,apparition,9da28fdd-b0c9-493a-bd16-5c7d6c8be702,2024-08-01,6a3f935f-72da-4e4b-9efd-ba00fb3472f7,2025-02-14,,565,,286264,565,286264
mikael,vacher,interets,GAEC DES VACHERS,,position_initiale,,,6987b374-1910-4422-bdea-a05e773eadbc,2021-09-04,,700,,0,,
Anthony,VADOT,interets,Casden,,position_initiale,,,414d69ec-bbf7-4f3a-ae77-7ebdef716e14,2021-08-25,,27,,229,,
Laurence,VALLOIS ROUET,interets,Caisse d'Epargne,,position_initiale,,,6994641b-bb6c-4eb2-87d5-c41eb802bcaf,2022-02-08,,500,,10000,,
Alexandre,VARAUT,interets,CHAMPAGNE BRIMONCOURT,,position_initiale,,,f906e747-9ff4-43a4-b9e5-342213c3e840,2024-09-10,,717,,60000,,
Alexandre,VARAUT,interets,LIEUX MERVEILLEUX,,apparition,f906e747-9ff4-43a4-b9e5-342213c3e840,2024-09-10,ece94230-b0bc-4476-924f-0a8772bf36b7,2025-03-21,,22000,,22000,22000,22000
catherine,vautrin,interets,SAS CVPConseil,,position_initiale,,,2d6c6c51-64af-44f5-b901-e0502fbf8664,2025-11-02,,100,,105674,,
catherine,vautrin,interets,SAS CVP Conseil,,apparition,2d6c6c51-64af-44f5-b901-e0502fbf8664,2025-11-02,f630d69f-5d1f-4456-8c85-2dd40ce4de1d,2026-02-14,,100,,103198,100,103198
catherine,vautrin,patrimoine,CVPConseil,,position_initiale,,,443aca59-8b1d-4cd0-a38e-ddaac448d82a,2025-11-02,,,,105674,,
catherine,vautrin,patrimoine,PEA (Societe Generale),,position_initiale,,,443aca59-8b1d-4cd0-a38e-ddaac448d82a,2025-11-02,,,,7500,,
Bertrand,VEAU,interets,SELARL Pharmacie VEAU,,position_initiale,,,8d390e38-cd8c-4485-9fb7-b0a4f1ff0903,2025-01-31,,1,,0,,
Bertrand,VEAU,interets,SPF-PL Baneize-Chatillon,,position_initiale,,,8d390e38-cd8c-4485-9fb7-b0a4f1ff0903,2025-01-31,,462489,,2312445,,
Madi Madi,VELOU,interets,0,,apparition,a52e716e-1451-4720-8bc4-484add07215b,2022-02-23,e753ccf0-7a15-4dca-ab04-492e950a9e3d,2023-05-19,,0,,0,0,0
Amapola,VENTRON,interets,AF HOLDING,,position_initiale,,,b60c663f-14c8-4fd5-adfd-180c9d4325ef,2021-09-27,,450,,359008,,
Amapola,VENTRON,interets,CARREFOUR,,position_initiale,,,b60c663f-14c8-4fd5-adfd-180c9d4325ef,2021-09-27,,22,,365,,
Amapola,VENTRON,interets,DANONE,,position_initiale,,,b60c663f-14c8-4fd5-adfd-180c9d4325ef,2021-09-27,,52,,3087,,
Amapola,VENTRON,interets,NEXANS,,position_initiale,,,b60c663f-14c8-4fd5-adfd-180c9d4325ef,2021-09-27,,10,,768,,
pascal,verbeke,interets,EOLIENNES DU CANDOR,,position_initiale,,,8a879216-fbef-4b68-af42-949f09545806,2024-07-25,,1,,1000,,
pascal,verbeke,interets,SAS LES VENTS PICARDS,,position_initiale,,,8a879216-fbef-4b68-af42-949f09545806,2024-07-25,,41,,41000,,
Patrice,VERCHERE,interets,ENGIE,,position_initiale,,,255af5f5-cdac-4b1e-9e11-726aa11a0799,2021-09-06,,8,,778,,
Aurélie,VERNAY,interets,CREDIT AGRICOLE - FR0000045072,,apparition,1e9d5974-e1bc-4454-b25c-f4985fe9a0b4,2023-11-27,9bb5c02e-0403-49dd-98c5-c9a481cc4861,2024-09-02,,9,,123,9,123
Aurélie,VERNAY,interets,SLE VIENNE BOURGOIN-J ND,,apparition,1e9d5974-e1bc-4454-b25c-f4985fe9a0b4,2023-11-27,9bb5c02e-0403-49dd-98c5-c9a481cc4861,2024-09-02,,10,,200,10,200
Gérault,VERNY,interets,Fonciere de la Tour,,position_initiale,,,dc48d4a9-41fc-48ce-b565-0e6d6f841437,2024-09-09,,5000,,2500000,,
Gérault,VERNY,interets,MAJI,,position_initiale,,,dc48d4a9-41fc-48ce-b565-0e6d6f841437,2024-09-09,,10000,,22000000,,
Arnaud,VIALA,interets,SASU CLAUVIA CONSEIL & FORMATION,,apparition,596cf8e7-3547-459d-8cf0-27a8b756484f,2023-04-08,6fb7d900-8f56-4c1b-a9b9-5fcd9de4425c,2024-06-08,,100,,1000,100,1000
Jérôme,VIAUD,interets,CREDIT AGRICOLE,,position_initiale,,,de1d2063-5244-4231-88ca-e3b3a6a78237,2022-04-11,,1227,,1227,,
CHRISTOPHE,VIDAL,interets,CRED.AGR 4.50%,,position_initiale,,,4cf0accd-b7bc-40a4-aea5-e0d4184349b2,2021-09-10,,25,,25336,,
CHRISTOPHE,VIDAL,interets,CREDIT AGRI.3.15%,,position_initiale,,,4cf0accd-b7bc-40a4-aea5-e0d4184349b2,2021-09-10,,4993,,5218,,
CHRISTOPHE,VIDAL,interets,EDF,,position_initiale,,,4cf0accd-b7bc-40a4-aea5-e0d4184349b2,2021-09-10,,31,,338,,
CHRISTOPHE,VIDAL,interets,ENGIE,,position_initiale,,,4cf0accd-b7bc-40a4-aea5-e0d4184349b2,2021-09-10,,33,,397,,
CHRISTOPHE,VIDAL,interets,GETLINK SE,,position_initiale,,,4cf0accd-b7bc-40a4-aea5-e0d4184349b2,2021-09-10,,32,,440,,
CHRISTOPHE,VIDAL,interets,PS CACF ST FLOUR,,position_initiale,,,4cf0accd-b7bc-40a4-aea5-e0d4184349b2,2021-09-10,,639,,958,,
JEAN-PIERRE,VIGIER,interets,energiequitable,,position_initiale,,,b9beb699-b1e1-4c78-88c0-295931d826cd,2024-07-15,,10,,1000,,
philippe,vigier,interets,credit mutuel,,position_initiale,,,da16a28a-6175-4454-a7cc-12a3bbbfab4d,2024-07-26,,15,,15,,
philippe,vigier,interets,sasu la bastinde,,position_initiale,,,da16a28a-6175-4454-a7cc-12a3bbbfab4d,2024-07-26,,15,,2584441,,
CELINE,VILLECOURT,interets,elysées avenir patrimoine,,apparition,7dd50213-3f4a-45ef-94cc-1b98eb27ea06,2021-07-29,a50bdc47-911a-4a7a-8b08-4c3ae00f57bc,2022-11-30,,10,,1000,10,1000
Mickael,VILLEGER,interets,Forvia,,apparition,9a635741-476d-4238-9426-966ef3b63f93,2025-10-02,415a281b-a5bf-4e1a-a140-dc2a2c394166,2026-02-24,,27,,348,27,348
Mickael,VILLEGER,interets,STELLANTIS,,apparition,9a635741-476d-4238-9426-966ef3b63f93,2025-10-02,415a281b-a5bf-4e1a-a140-dc2a2c394166,2026-02-24,,2218,,14428,2218,14428
Maryline,Vinet,interets,0,,position_initiale,,,495a138c-0e2c-4264-9a7b-c43ea096768c,2021-07-18,,0,,0,,
André,Viola,interets,Caisse d’épargne,,position_initiale,,,25ee6ad6-f30a-455e-a420-001d655184b9,2021-08-02,,3,,60,,
André,Viola,interets,NEF,,position_initiale,,,25ee6ad6-f30a-455e-a420-001d655184b9,2021-08-02,,3,,90,,
Anne-Cécile,Violland,interets,HONU LOC 3,,position_initiale,,,9891804b-e622-44a9-90c8-f0155744d3da,2024-09-04,,120,,1,,
Anne-Cécile,Violland,interets,SNC DROUOT M 55,,position_initiale,,,9891804b-e622-44a9-90c8-f0155744d3da,2024-09-04,,1206,,1,,
Anne-Cécile,Violland,interets,SNC JOUBERT 32,,position_initiale,,,9891804b-e622-44a9-90c8-f0155744d3da,2024-09-04,,1938,,1,,
Anne-Cécile,Violland,interets,SNC NIEL A 5,,position_initiale,,,9891804b-e622-44a9-90c8-f0155744d3da,2024-09-04,,1732,,1,,
Anne-Cécile,Violland,interets,SNC RIVOLI B 44,,position_initiale,,,9891804b-e622-44a9-90c8-f0155744d3da,2024-09-04,,520,,1,,
Anne-Cécile,Violland,interets,SNC RIVOLI B 86,,position_initiale,,,9891804b-e622-44a9-90c8-f0155744d3da,2024-09-04,,2378,,1,,
Anne-Cécile,Violland,interets,SNC SALAZIE LOCATION 2140,,position_initiale,,,9891804b-e622-44a9-90c8-f0155744d3da,2024-09-04,,1437,,1,,
Anne-Cécile,Violland,interets,SNC TERNES I 8,,position_initiale,,,9891804b-e622-44a9-90c8-f0155744d3da,2024-09-04,,1674,,1,,
Jean Marie,Virapoullé,interets,SAS JPV,,position_initiale,,,d8c10d07-3eff-41f8-8857-2ca7bdd62721,2021-09-26,,999,,999,,
Jean Marie,Virapoullé,interets,SARL Camp Cerceau,,position_initiale,,,d8c10d07-3eff-41f8-8857-2ca7bdd62721,2021-09-26,,45,,450,,
Jean Marie,Virapoullé,interets,SAS YV,,position_initiale,,,d8c10d07-3eff-41f8-8857-2ca7bdd62721,2021-09-26,,999,,999,,
Stéphane,VIRY,interets,Selarl Lorraine Défense & Conseil,,position_initiale,,,35f6868e-1d0c-48a6-842d-44f36c982616,2024-09-03,,10,,68571,,
Louis,Vogel,interets,SARL Vogel & Cie,,position_initiale,,,4028c818-13af-4f7e-93f1-abbdf82c6517,2023-11-30,,500,,17000,,
Louis,Vogel,interets,Selas Vogel & Vogel,,position_initiale,,,4028c818-13af-4f7e-93f1-abbdf82c6517,2023-11-30,,1249,,2452241,,
Louis,Vogel,interets,Vogel Academy,,position_initiale,,,4028c818-13af-4f7e-93f1-abbdf82c6517,2023-11-30,,10000,,14298,,
Louis,Vogel,interets,SAS Vogel Digital,,position_initiale,,,4028c818-13af-4f7e-93f1-abbdf82c6517,2023-11-30,,56700,,31500,,
Louis,Vogel,interets,SAS Vogel Edition,,position_initiale,,,4028c818-13af-4f7e-93f1-abbdf82c6517,2023-11-30,,92000,,18705,,
Louis,Vogel,interets,SAS Vogel Holding,,position_initiale,,,4028c818-13af-4f7e-93f1-abbdf82c6517,2023-11-30,,9999,,277862,,
Pierre,Vogt,interets,Les Fontainiers de Paris,,position_initiale,,,0534b9f5-9a8f-4123-891b-d58c3950219b,2021-09-20,,51,,0,,
Pierre,Vogt,interets,SARL VARIANCE,,position_initiale,,,0534b9f5-9a8f-4123-891b-d58c3950219b,2021-09-20,,4,,754,,
Pierre,Vogt,interets,SEMO,,position_initiale,,,0534b9f5-9a8f-4123-891b-d58c3950219b,2021-09-20,,109,,11298,,
Frédéric Pierre,Vos,interets,LVI Avocats associés,,position_initiale,,,45512631-4fa8-4b3a-a684-3c0b6e4c17ba,2024-09-08,,3000,,30000,,
Frédéric Pierre,Vos,interets,Persigny Conseil,,position_initiale,,,45512631-4fa8-4b3a-a684-3c0b6e4c17ba,2024-09-08,,200,,0,,
Frédéric Pierre,Vos,interets,Terrain service,,position_initiale,,,45512631-4fa8-4b3a-a684-3c0b6e4c17ba,2024-09-08,,61,,50020,,
Paul,VO VAN,interets,SARL BLV2 Architectes contractants généraux,,position_initiale,,,7efd74bf-c743-4036-bca1-7d51e14d2f4f,2026-04-02,,950,,9500,,
Paul,VO VAN,interets,SARL BLV2 Atlantique,,position_initiale,,,7efd74bf-c743-4036-bca1-7d51e14d2f4f,2026-04-02,,760,,152593,,
Jean-Luc,WARSMANN,interets,Adp,,position_initiale,,,5ef9ca8a-7101-407b-aa8d-8507aa415a52,2024-09-09,,8,,955,,
Jean-Luc,WARSMANN,interets,Air Liquide,,position_initiale,,,5ef9ca8a-7101-407b-aa8d-8507aa415a52,2024-09-09,,179,,29258,,
Jean-Luc,WARSMANN,interets,Airbus se,,position_initiale,,,5ef9ca8a-7101-407b-aa8d-8507aa415a52,2024-09-09,,51,,6950,,
Jean-Luc,WARSMANN,interets,ArcelorMittal,,position_initiale,,,5ef9ca8a-7101-407b-aa8d-8507aa415a52,2024-09-09,,151,,3244,,
Jean-Luc,WARSMANN,interets,Axa,,position_initiale,,,5ef9ca8a-7101-407b-aa8d-8507aa415a52,2024-09-09,,160,,5113,,
Jean-Luc,WARSMANN,interets,BNP Paribas,,position_initiale,,,5ef9ca8a-7101-407b-aa8d-8507aa415a52,2024-09-09,,202,,12859,,
Jean-Luc,WARSMANN,interets,Cap Gemini,,position_initiale,,,5ef9ca8a-7101-407b-aa8d-8507aa415a52,2024-09-09,,10,,1911,,
Jean-Luc,WARSMANN,interets,Credit Agricole,,position_initiale,,,5ef9ca8a-7101-407b-aa8d-8507aa415a52,2024-09-09,,339,,4618,,
Jean-Luc,WARSMANN,interets,Danone,,position_initiale,,,5ef9ca8a-7101-407b-aa8d-8507aa415a52,2024-09-09,,361,,21140,,
Jean-Luc,WARSMANN,interets,Engie,,position_initiale,,,5ef9ca8a-7101-407b-aa8d-8507aa415a52,2024-09-09,,51,,728,,
Jean-Luc,WARSMANN,interets,EUROAPI,,position_initiale,,,5ef9ca8a-7101-407b-aa8d-8507aa415a52,2024-09-09,,1,,2,,
Jean-Luc,WARSMANN,interets,Nokia,,position_initiale,,,5ef9ca8a-7101-407b-aa8d-8507aa415a52,2024-09-09,,105,,378,,
Jean-Luc,WARSMANN,interets,Orange,,position_initiale,,,5ef9ca8a-7101-407b-aa8d-8507aa415a52,2024-09-09,,182,,1779,,
Jean-Luc,WARSMANN,interets,Renault,,position_initiale,,,5ef9ca8a-7101-407b-aa8d-8507aa415a52,2024-09-09,,100,,5010,,
Jean-Luc,WARSMANN,interets,Safran,,position_initiale,,,5ef9ca8a-7101-407b-aa8d-8507aa415a52,2024-09-09,,85,,17212,,
Jean-Luc,WARSMANN,interets,Saint Gobain cie,,position_initiale,,,5ef9ca8a-7101-407b-aa8d-8507aa415a52,2024-09-09,,141,,10904,,
Jean-Luc,WARSMANN,interets,Sanofi,,position_initiale,,,5ef9ca8a-7101-407b-aa8d-8507aa415a52,2024-09-09,,36,,3273,,
Jean-Luc,WARSMANN,interets,Société Générale,,position_initiale,,,5ef9ca8a-7101-407b-aa8d-8507aa415a52,2024-09-09,,84,,1988,,
Jean-Luc,WARSMANN,interets,Total,,position_initiale,,,5ef9ca8a-7101-407b-aa8d-8507aa415a52,2024-09-09,,539,,35229,,
Jean-Luc,WARSMANN,interets,Veolia Environnement,,position_initiale,,,5ef9ca8a-7101-407b-aa8d-8507aa415a52,2024-09-09,,92,,2712,,
Jean-Luc,WARSMANN,interets,Groupement foncier Les Nutons,,apparition,5ef9ca8a-7101-407b-aa8d-8507aa415a52,2024-09-09,d1bb952f-ad78-4d04-b498-915e0995a38a,2025-03-31,,14920,,750000,14920,750000
Laurent,WAUQUIEZ,interets,Française des Jeux,,position_initiale,,,ffaeed30-c789-49b1-a9af-4bf77eebe4ec,2024-09-09,,112,,4884,,
Yann,Wehrling,interets,snc chateau de roncourt,,position_initiale,,,9469ea25-2663-4900-98e4-02223b2b5593,2021-07-11,,1,,0,,
Irène,Weiss,interets,FMI,,position_initiale,,,58a135a4-5d79-4a6c-a5b2-6bd65ebbd3f2,2023-05-15,,1,,1,,
Irène,Weiss,interets,FMI,,disparition,4ba2a7bf-06b3-44a7-b6db-957050804ac6,2024-12-03,d7131ae0-1ec9-4ade-868f-e904667131de,2026-01-19,1,,1,,-1,-1
Patrick,WEITEN,interets,AIR FRANCE KLM,,position_initiale,,,560692ae-bb29-480e-8cdf-98fe3858d1b5,2021-08-10,,11,,0,,
Patrick,WEITEN,interets,AIRBUS15,,position_initiale,,,560692ae-bb29-480e-8cdf-98fe3858d1b5,2021-08-10,,15,,0,,
Patrick,WEITEN,interets,fdj,,position_initiale,,,560692ae-bb29-480e-8cdf-98fe3858d1b5,2021-08-10,,152,,0,,
Patrick,WEITEN,interets,GETLINK,,position_initiale,,,560692ae-bb29-480e-8cdf-98fe3858d1b5,2021-08-10,,2,,0,,
Patrick,WEITEN,interets,orange,,position_initiale,,,560692ae-bb29-480e-8cdf-98fe3858d1b5,2021-08-10,,11,,0,,
Patrick,WEITEN,interets,PARTSBPLYUTZ,,position_initiale,,,560692ae-bb29-480e-8cdf-98fe3858d1b5,2021-08-10,,10,,0,,
Francois,Werner,interets,ETAMEDIA,,position_initiale,,,96372b13-6830-497b-876b-9baadd7d3427,2021-10-11,,1,,13000,,
ludwig,willaume,interets,Genfit,,position_initiale,,,c85fb225-a8bb-49cc-862d-ddb180b9d5ea,2022-08-15,,52,,204,,
ludwig,willaume,interets,Quantum genomics,,position_initiale,,,c85fb225-a8bb-49cc-862d-ddb180b9d5ea,2022-08-15,,831,,2193,,
ENRICO,WILLIAM,interets,AMBULANCE ALPHA,,position_initiale,,,aebe3370-cc2a-4c41-8d20-dbbae0e4b18d,2021-08-23,,50,,300,,
ENRICO,WILLIAM,interets,LES AMBULANCES DES ALIZEES,,position_initiale,,,aebe3370-cc2a-4c41-8d20-dbbae0e4b18d,2021-08-23,,50,,300,,
ENRICO,WILLIAM,interets,LES AMBULANCES WILLIAM,,position_initiale,,,aebe3370-cc2a-4c41-8d20-dbbae0e4b18d,2021-08-23,,100,,500,,
Patrick,Wyon,interets,Airbus,,position_initiale,,,9567ef5e-29b6-43fa-9053-db4599e85c3e,2026-02-24,,3,,581,,
Patrick,Wyon,interets,BNP Paribas,,position_initiale,,,9567ef5e-29b6-43fa-9053-db4599e85c3e,2026-02-24,,7,,626,,
Patrick,Wyon,interets,Carrefour,,position_initiale,,,9567ef5e-29b6-43fa-9053-db4599e85c3e,2026-02-24,,20,,313,,
Patrick,Wyon,interets,Dassault aviation,,position_initiale,,,9567ef5e-29b6-43fa-9053-db4599e85c3e,2026-02-24,,4,,1317,,
Patrick,Wyon,interets,Legrand,,position_initiale,,,9567ef5e-29b6-43fa-9053-db4599e85c3e,2026-02-24,,4,,590,,
Patrick,Wyon,interets,Safran,,position_initiale,,,9567ef5e-29b6-43fa-9053-db4599e85c3e,2026-02-24,,2,,672,,
Patrick,Wyon,interets,Thales,,position_initiale,,,9567ef5e-29b6-43fa-9053-db4599e85c3e,2026-02-24,,2,,495,,
CAROLINE,YADAN,interets,SELARL,,position_initiale,,,8fa71c9b-feed-4f65-8d29-12390ba14a25,2024-08-02,,100,,1000,,
CAROLINE,YADAN,interets,SELARL,,disparition,8fa71c9b-feed-4f65-8d29-12390ba14a25,2024-08-02,01fe44fd-7025-4ea2-a0b8-0523cd0bf411,2025-04-01,100,,1000,,-100,-1000
CAROLINE,YADAN,interets,SELARL Yadan & Benghozi avocats,,apparition,8fa71c9b-feed-4f65-8d29-12390ba14a25,2024-08-02,01fe44fd-7025-4ea2-a0b8-0523cd0bf411,2025-04-01,,100,,55000,100,55000
CAROLINE,YADAN,interets,YAD FAMILY,,apparition,8fa71c9b-feed-4f65-8d29-12390ba14a25,2024-08-02,01fe44fd-7025-4ea2-a0b8-0523cd0bf411,2025-04-01,,99,,102465,99,102465
